task_id,department,asset_type,defect_type,severity,days_overdue,asset_age_years,past_failures_12m,traffic_density_trains_per_day,single_line_section,safety_critical_asset,weather_exposure,days_since_last_maintenance,block_duration_min,incident_occurred,true_incident_probability
T4200000,TRD,Feeder,Feeder overdue PM,3,7,6.6,0,5,0,0,Low,133,65,0,0.0145
T4200001,ENG,Bridge,Bearing wear,3,9,13.4,0,57,1,0,Low,224,46,0,0.079
T4200002,TRD,Sub-station,Sub-station overdue PM,1,0,7.9,0,80,0,0,Low,241,43,0,0.0167
T4200003,SNT,Signal LED,LED failure,1,8,12.1,0,54,1,0,Low,255,51,0,0.0567
T4200004,ENG,Fastening,Fastening renewal,3,4,17.9,0,45,1,0,Medium,250,38,0,0.111
T4200005,TRD,Insulator,Insulator crack,3,7,12.7,0,53,0,0,High,5,58,0,0.032
T4200006,TRD,Sub-station,Sub-station overdue PM,3,2,12.7,1,90,1,0,Low,174,20,0,0.1293
T4200007,TRD,OHE,OHE wear,1,4,13.2,1,59,1,1,Medium,128,51,0,0.0962
T4200008,ENG,Ballast,Ballast deficiency,3,17,1.8,0,106,1,0,Low,146,52,0,0.1363
T4200009,SNT,Axle Counter,Axle counter drift,1,8,14.4,0,46,1,1,Low,154,32,0,0.0882
T4200010,ENG,Bridge,Bearing wear,1,13,13.0,0,65,0,0,Medium,268,47,0,0.0401
T4200011,TRD,OHE,OHE wear,3,6,17.4,1,49,1,1,Low,198,77,0,0.222
T4200012,SNT,Interlocking,Interlocking fault,4,1,15.6,2,112,1,1,High,134,79,0,0.4575
T4200013,TRD,Sub-station,Sub-station overdue PM,4,0,10.8,2,64,1,0,High,48,44,0,0.1634
T4200014,ENG,Fastening,Fastening renewal,5,5,18.2,1,113,0,0,Low,318,65,0,0.1905
T4200015,ENG,Rail,Rail crack,5,7,10.2,1,49,1,1,Low,122,25,0,0.1942
T4200016,SNT,Axle Counter,Axle counter drift,2,3,13.5,4,98,0,1,Low,168,49,0,0.1661
T4200017,ENG,Rail,Rail crack,4,6,10.1,1,63,0,1,High,372,60,0,0.2664
T4200018,TRD,OHE,OHE wear,1,12,14.8,0,81,0,1,Low,124,86,0,0.0778
T4200019,SNT,Point Machine,Point machine overdue,5,5,9.7,0,30,0,1,Medium,155,79,1,0.1059
T4200020,TRD,Sub-station,Sub-station overdue PM,2,10,21.9,2,69,0,0,Low,201,59,1,0.0806
T4200021,ENG,Ballast,Ballast deficiency,4,25,24.1,2,33,0,0,Medium,35,37,0,0.1131
T4200022,TRD,Insulator,Insulator crack,5,14,17.2,0,66,0,0,Low,25,82,1,0.0816
T4200023,TRD,OHE,OHE wear,4,4,21.2,1,22,0,1,Medium,137,48,0,0.0937
T4200024,TRD,OHE,OHE wear,5,2,2.8,0,58,0,1,Medium,140,64,0,0.135
T4200025,ENG,Fastening,Fastening renewal,1,6,3.5,0,87,0,0,Low,192,53,0,0.0211
T4200026,SNT,Axle Counter,Axle counter drift,1,16,10.1,0,74,0,1,Low,92,95,0,0.0835
T4200027,ENG,Rail,Rail crack,4,9,12.2,0,29,0,1,Low,219,43,0,0.0934
T4200028,ENG,Ballast,Ballast deficiency,3,22,10.8,0,13,0,0,Medium,5,73,0,0.0443
T4200029,SNT,Axle Counter,Axle counter drift,1,23,2.1,0,72,1,1,Medium,174,53,0,0.2045
T4200030,SNT,Signal LED,LED failure,4,5,18.9,0,100,0,0,Low,212,66,0,0.1112
T4200031,TRD,Feeder,Feeder overdue PM,1,12,24.9,0,36,1,0,High,210,87,0,0.0683
T4200032,ENG,Bridge,Bearing wear,5,5,19.7,0,112,0,0,Low,165,20,0,0.1702
T4200033,ENG,Ballast,Ballast deficiency,1,0,18.5,0,60,0,0,High,121,54,0,0.0398
T4200034,SNT,Cable,Cable insulation fault,3,45,13.4,0,11,0,0,High,163,37,0,0.1339
T4200035,ENG,Ballast,Ballast deficiency,5,7,6.9,1,21,0,0,Medium,291,64,0,0.0956
T4200036,ENG,Fastening,Fastening renewal,3,5,12.4,0,79,1,0,High,126,69,0,0.1029
T4200037,SNT,Interlocking,Interlocking fault,4,1,24.6,0,63,1,1,Low,268,46,0,0.2719
T4200038,ENG,Ballast,Ballast deficiency,4,2,9.9,1,97,1,0,Medium,282,45,1,0.2286
T4200039,SNT,Point Machine,Point machine overdue,5,3,9.3,0,30,0,1,Low,24,59,1,0.0802
T4200040,ENG,Fastening,Fastening renewal,3,10,18.6,2,63,0,0,Low,168,30,0,0.0556
T4200041,TRD,OHE,OHE wear,5,17,19.0,0,60,1,1,Medium,92,62,0,0.3716
T4200042,SNT,Cable,Cable insulation fault,3,1,6.9,3,56,0,0,High,45,39,0,0.0855
T4200043,ENG,Rail,Rail crack,5,8,10.4,2,50,0,1,High,251,70,1,0.3919
T4200044,TRD,Sub-station,Sub-station overdue PM,4,1,9.0,2,51,0,0,Medium,223,29,0,0.0823
T4200045,TRD,Sub-station,Sub-station overdue PM,1,3,12.4,0,64,1,0,High,204,44,0,0.0632
T4200046,ENG,Ballast,Ballast deficiency,4,42,18.6,0,68,1,0,Medium,82,40,0,0.2344
T4200047,ENG,Fastening,Fastening renewal,5,8,7.2,2,66,0,0,Medium,199,49,0,0.1364
T4200048,SNT,Point Machine,Point machine overdue,1,6,18.5,0,90,0,1,Low,62,83,0,0.0447
T4200049,ENG,Fastening,Fastening renewal,5,18,12.6,0,30,1,0,Low,187,72,0,0.1752
T4200050,ENG,Ballast,Ballast deficiency,1,10,26.0,0,15,0,0,Low,120,45,0,0.0135
T4200051,ENG,Fastening,Fastening renewal,5,2,13.9,1,85,0,0,Medium,275,45,0,0.1323
T4200052,TRD,Sub-station,Sub-station overdue PM,4,7,11.4,0,36,0,0,Medium,147,73,0,0.0626
T4200053,SNT,Point Machine,Point machine overdue,1,7,15.4,0,51,0,1,Medium,201,32,0,0.0543
T4200054,SNT,Point Machine,Point machine overdue,4,7,10.0,0,45,0,1,High,201,55,0,0.143
T4200055,TRD,Feeder,Feeder overdue PM,1,3,1.2,0,44,1,0,Medium,173,43,0,0.0411
T4200056,SNT,Point Machine,Point machine overdue,3,9,10.6,2,24,1,1,Medium,189,52,0,0.2438
T4200057,SNT,Axle Counter,Axle counter drift,5,5,10.5,0,46,1,1,Medium,207,71,0,0.2885
T4200058,ENG,Bridge,Bearing wear,2,20,2.4,0,76,0,0,Medium,99,42,0,0.0437
T4200059,ENG,Fastening,Fastening renewal,1,3,11.6,1,60,0,0,Low,216,74,0,0.0272
T4200060,SNT,Signal LED,LED failure,3,9,0.0,0,73,1,0,High,258,99,0,0.1659
T4200061,SNT,Axle Counter,Axle counter drift,2,9,9.9,0,48,0,1,Medium,216,67,0,0.0853
T4200062,SNT,Interlocking,Interlocking fault,1,4,13.5,1,83,0,1,Medium,148,53,0,0.078
T4200063,TRD,Sub-station,Sub-station overdue PM,3,2,12.6,0,47,0,0,Low,196,78,0,0.0289
T4200064,SNT,Point Machine,Point machine overdue,2,1,9.5,1,7,0,1,Low,147,33,0,0.0329
T4200065,SNT,Point Machine,Point machine overdue,1,8,11.5,0,68,0,1,High,169,85,0,0.0766
T4200066,SNT,Signal LED,LED failure,2,4,7.3,2,79,0,0,High,73,40,0,0.047
T4200067,ENG,Bridge,Bearing wear,1,5,12.1,0,46,1,0,High,304,98,0,0.0591
T4200068,ENG,Fastening,Fastening renewal,5,4,12.3,1,90,0,0,Medium,354,41,1,0.1999
T4200069,ENG,Rail,Rail crack,5,1,6.6,2,39,1,1,Medium,117,68,0,0.339
T4200070,ENG,Rail,Rail crack,2,5,13.6,1,77,1,1,Low,251,24,0,0.1263
T4200071,ENG,Ballast,Ballast deficiency,5,0,13.6,2,104,0,0,Medium,311,51,0,0.2109
T4200072,TRD,Feeder,Feeder overdue PM,3,4,11.0,0,61,1,0,Low,94,33,0,0.0621
T4200073,ENG,Ballast,Ballast deficiency,5,6,26.5,1,54,1,0,High,5,26,0,0.2377
T4200074,ENG,Fastening,Fastening renewal,1,19,11.2,0,57,0,0,Low,317,79,0,0.0593
T4200075,ENG,Fastening,Fastening renewal,2,1,10.3,0,101,1,0,High,179,30,0,0.1007
T4200076,ENG,Bridge,Bearing wear,4,7,9.5,0,70,1,0,Low,133,40,0,0.149
T4200077,SNT,Signal LED,LED failure,2,3,6.2,0,114,1,0,Low,184,38,0,0.0841
T4200078,SNT,Interlocking,Interlocking fault,5,13,16.1,0,67,0,1,Medium,147,78,0,0.2689
T4200079,TRD,Insulator,Insulator crack,3,2,7.9,0,44,0,0,Medium,446,75,0,0.056
T4200080,SNT,Cable,Cable insulation fault,3,4,8.6,0,45,0,0,Medium,132,80,0,0.0393
T4200081,ENG,Ballast,Ballast deficiency,3,10,8.8,2,62,0,0,Medium,209,39,1,0.1071
T4200082,TRD,Feeder,Feeder overdue PM,4,3,6.1,2,9,0,0,Medium,296,82,0,0.0656
T4200083,ENG,Fastening,Fastening renewal,1,13,1.5,0,48,1,0,Low,296,39,0,0.0297
T4200084,ENG,Bridge,Bearing wear,4,1,9.2,0,49,0,0,High,279,40,0,0.0869
T4200085,ENG,Rail,Rail crack,4,2,17.2,0,66,0,1,High,142,41,0,0.1583
T4200086,SNT,Point Machine,Point machine overdue,5,0,13.2,1,109,0,1,Medium,166,42,0,0.3393
T4200087,SNT,Cable,Cable insulation fault,5,10,21.4,1,61,0,0,Low,5,53,0,0.0705
T4200088,ENG,Fastening,Fastening renewal,4,4,16.5,0,12,1,0,Medium,173,38,0,0.0739
T4200089,SNT,Axle Counter,Axle counter drift,3,7,15.1,0,37,1,1,Low,183,60,1,0.1115
T4200090,ENG,Bridge,Bearing wear,3,1,23.3,0,67,0,0,High,247,20,0,0.0691
T4200091,SNT,Signal LED,LED failure,2,7,11.4,0,62,0,0,Low,342,60,1,0.0763
T4200092,ENG,Bridge,Bearing wear,5,3,12.4,1,101,0,0,Low,244,33,0,0.1028
T4200093,ENG,Rail,Rail crack,2,8,11.9,2,84,1,1,Low,276,42,0,0.2053
T4200094,ENG,Ballast,Ballast deficiency,3,3,21.3,1,83,0,0,Medium,178,42,1,0.0765
T4200095,SNT,Signal LED,LED failure,1,4,12.0,0,55,0,0,Medium,296,74,0,0.0471
T4200096,ENG,Ballast,Ballast deficiency,2,4,8.1,0,87,0,0,Medium,181,65,0,0.0489
T4200097,ENG,Ballast,Ballast deficiency,2,45,15.5,0,38,0,0,Low,283,52,0,0.1333
T4200098,ENG,Rail,Rail crack,3,16,7.1,0,84,0,1,High,252,41,0,0.2147
T4200099,TRD,Feeder,Feeder overdue PM,3,0,15.2,1,53,1,0,Low,215,71,1,0.0627
T4200100,TRD,Sub-station,Sub-station overdue PM,4,3,14.5,0,24,0,0,Low,41,91,0,0.0245
T4200101,SNT,Cable,Cable insulation fault,3,17,10.9,1,75,0,0,Medium,278,54,0,0.1167
T4200102,ENG,Rail,Rail crack,1,7,15.4,0,95,0,1,Medium,214,23,1,0.0897
T4200103,TRD,Feeder,Feeder overdue PM,3,10,3.1,0,50,0,0,Medium,243,41,0,0.0521
T4200104,TRD,OHE,OHE wear,1,2,13.0,0,99,1,1,Low,208,66,0,0.1283
T4200105,SNT,Axle Counter,Axle counter drift,5,1,9.2,0,19,1,1,Medium,224,46,0,0.2034
T4200106,ENG,Ballast,Ballast deficiency,4,2,29.2,1,30,1,0,Low,297,38,0,0.1158
T4200107,ENG,Ballast,Ballast deficiency,2,25,12.9,0,56,1,0,Low,137,37,0,0.0665
T4200108,ENG,Bridge,Bearing wear,2,7,8.4,1,51,1,0,Low,222,57,0,0.0713
T4200109,TRD,Insulator,Insulator crack,1,4,3.7,1,43,1,0,Medium,110,24,0,0.0395
T4200110,SNT,Signal LED,LED failure,2,8,19.8,1,63,0,0,Low,232,54,0,0.0601
T4200111,ENG,Fastening,Fastening renewal,1,9,9.9,1,47,1,0,Low,203,57,0,0.0678
T4200112,ENG,Rail,Rail crack,5,9,7.3,0,51,1,1,Low,123,46,0,0.19
T4200113,SNT,Signal LED,LED failure,1,3,14.0,2,67,1,0,Low,188,34,0,0.0617
T4200114,ENG,Ballast,Ballast deficiency,4,39,15.9,0,43,0,0,Low,129,75,0,0.1101
T4200115,TRD,Insulator,Insulator crack,3,2,15.8,1,57,1,0,Medium,146,28,0,0.0723
T4200116,TRD,OHE,OHE wear,2,17,12.1,0,44,0,1,Low,212,58,1,0.0722
T4200117,SNT,Signal LED,LED failure,5,4,13.0,0,30,1,0,Low,204,70,0,0.15
T4200118,ENG,Ballast,Ballast deficiency,1,7,13.4,0,79,0,0,Medium,7,58,0,0.0187
T4200119,SNT,Cable,Cable insulation fault,5,8,14.0,0,103,0,0,Low,213,80,0,0.1095
T4200120,SNT,Axle Counter,Axle counter drift,4,1,14.5,1,87,0,1,Medium,153,32,0,0.1814
T4200121,SNT,Cable,Cable insulation fault,4,3,18.6,2,68,1,0,Medium,143,39,0,0.2155
T4200122,ENG,Bridge,Bearing wear,5,9,12.3,1,44,1,0,Medium,79,46,0,0.1533
T4200123,ENG,Bridge,Bearing wear,3,14,7.1,1,53,0,0,Medium,176,121,0,0.071
T4200124,ENG,Fastening,Fastening renewal,2,7,11.1,0,86,0,0,Low,133,65,0,0.0203
T4200125,SNT,Interlocking,Interlocking fault,1,19,16.5,0,5,0,1,Low,295,69,0,0.0632
T4200126,ENG,Ballast,Ballast deficiency,5,5,1.3,1,51,0,0,Low,23,68,0,0.0537
T4200127,ENG,Bridge,Bearing wear,3,4,1.3,1,78,0,0,High,93,57,0,0.0749
T4200128,ENG,Rail,Rail crack,5,14,17.5,1,32,1,1,Low,87,76,0,0.2043
T4200129,SNT,Interlocking,Interlocking fault,2,0,21.1,0,71,1,1,Low,203,20,0,0.1188
T4200130,ENG,Rail,Rail crack,5,13,4.4,0,69,0,1,Medium,286,61,0,0.3214
T4200131,TRD,Insulator,Insulator crack,5,2,12.6,0,24,1,0,Medium,225,64,0,0.1171
T4200132,SNT,Point Machine,Point machine overdue,2,8,9.6,1,62,0,1,High,81,75,0,0.1017
T4200133,ENG,Ballast,Ballast deficiency,3,0,10.4,0,45,1,0,Low,141,32,0,0.0461
T4200134,SNT,Point Machine,Point machine overdue,4,3,13.8,0,70,0,1,High,107,33,0,0.1456
T4200135,ENG,Bridge,Bearing wear,2,23,4.2,0,77,1,0,Medium,226,35,0,0.1646
T4200136,TRD,Insulator,Insulator crack,1,10,5.4,1,70,0,0,Medium,140,65,0,0.0247
T4200137,SNT,Cable,Cable insulation fault,2,3,10.2,2,62,0,0,Low,53,66,0,0.0289
T4200138,TRD,Insulator,Insulator crack,3,2,11.1,0,67,0,0,Low,233,36,0,0.0446
T4200139,ENG,Rail,Rail crack,1,4,5.2,1,31,1,1,Low,294,93,0,0.1111
T4200140,SNT,Point Machine,Point machine overdue,2,2,16.7,0,59,1,1,Medium,164,61,0,0.1282
T4200141,SNT,Signal LED,LED failure,5,17,9.5,0,40,1,0,Low,191,57,0,0.1913
T4200142,TRD,Sub-station,Sub-station overdue PM,1,8,9.5,1,86,1,0,Low,44,51,0,0.0457
T4200143,SNT,Point Machine,Point machine overdue,1,8,13.7,1,77,0,1,Low,5,74,0,0.0472
T4200144,SNT,Point Machine,Point machine overdue,3,18,11.2,0,77,1,1,High,14,63,0,0.2584
T4200145,ENG,Ballast,Ballast deficiency,1,8,17.0,0,103,1,0,Low,176,93,0,0.0745
T4200146,ENG,Fastening,Fastening renewal,1,40,6.4,1,52,0,0,Low,152,31,1,0.0639
T4200147,SNT,Interlocking,Interlocking fault,1,4,3.6,1,46,0,1,Medium,229,24,0,0.0471
T4200148,ENG,Rail,Rail crack,1,8,10.1,1,51,0,1,High,162,40,0,0.0847
T4200149,ENG,Rail,Rail crack,5,2,12.4,1,20,0,1,Medium,269,66,0,0.2031
T4200150,TRD,Insulator,Insulator crack,1,6,4.6,0,22,0,0,Medium,259,46,0,0.0279
T4200151,TRD,Sub-station,Sub-station overdue PM,3,5,3.7,2,76,1,0,Low,151,80,0,0.0883
T4200152,ENG,Ballast,Ballast deficiency,4,2,13.1,0,25,1,0,Low,90,47,0,0.0632
T4200153,SNT,Point Machine,Point machine overdue,4,3,7.5,4,33,0,1,Low,8,77,0,0.1131
T4200154,ENG,Ballast,Ballast deficiency,4,4,3.3,0,57,1,0,Low,309,38,0,0.1208
T4200155,SNT,Axle Counter,Axle counter drift,2,6,17.8,0,50,1,1,Low,95,79,0,0.0763
T4200156,ENG,Rail,Rail crack,5,10,8.2,0,82,1,1,Medium,45,82,1,0.3099
T4200157,SNT,Interlocking,Interlocking fault,1,3,18.9,0,62,1,1,Low,192,44,0,0.0947
T4200158,SNT,Cable,Cable insulation fault,1,2,12.2,1,40,1,0,Medium,46,65,0,0.0274
T4200159,TRD,Sub-station,Sub-station overdue PM,5,16,13.8,0,84,0,0,Low,192,60,0,0.1698
T4200160,ENG,Rail,Rail crack,1,22,10.7,1,78,1,1,High,150,65,0,0.1962
T4200161,TRD,Sub-station,Sub-station overdue PM,1,5,0.0,1,25,0,0,Medium,263,81,0,0.027
T4200162,ENG,Ballast,Ballast deficiency,1,5,5.2,1,66,0,0,Low,255,74,0,0.0171
T4200163,ENG,Ballast,Ballast deficiency,1,0,11.2,0,42,0,0,Low,279,65,0,0.0172
T4200164,SNT,Signal LED,LED failure,1,3,14.2,1,41,1,0,High,199,68,0,0.0721
T4200165,ENG,Bridge,Bearing wear,3,2,1.3,1,107,1,0,High,103,30,0,0.1639
T4200166,TRD,OHE,OHE wear,4,7,11.7,0,63,0,1,Low,87,54,0,0.0975
T4200167,TRD,Sub-station,Sub-station overdue PM,1,1,5.3,0,55,1,0,Low,132,33,0,0.0256
T4200168,ENG,Ballast,Ballast deficiency,5,3,13.4,0,62,0,0,High,359,55,0,0.1855
T4200169,TRD,Feeder,Feeder overdue PM,1,10,11.9,0,82,1,0,Medium,158,77,0,0.0796
T4200170,ENG,Fastening,Fastening renewal,4,9,16.5,0,42,0,0,Medium,194,55,0,0.0937
T4200171,SNT,Cable,Cable insulation fault,5,3,18.4,0,47,1,0,Low,317,20,0,0.1322
T4200172,ENG,Ballast,Ballast deficiency,3,1,14.8,1,76,1,0,Medium,203,34,0,0.121
T4200173,TRD,Feeder,Feeder overdue PM,3,3,17.2,1,22,0,0,Medium,113,67,1,0.0231
T4200174,ENG,Rail,Rail crack,1,6,9.9,0,85,1,1,Low,246,44,0,0.0916
T4200175,ENG,Bridge,Bearing wear,2,6,28.9,0,20,1,0,Medium,141,71,0,0.0473
T4200176,ENG,Rail,Rail crack,5,1,4.7,2,54,0,1,Low,206,31,0,0.2153
T4200177,TRD,OHE,OHE wear,2,4,8.8,1,20,1,1,Low,226,63,0,0.0933
T4200178,TRD,Feeder,Feeder overdue PM,1,15,17.4,0,34,1,0,Medium,136,64,0,0.0475
T4200179,SNT,Interlocking,Interlocking fault,4,23,16.5,0,92,0,1,Medium,197,71,0,0.3145
T4200180,TRD,Sub-station,Sub-station overdue PM,4,24,14.9,0,86,0,0,High,324,42,1,0.2173
T4200181,TRD,OHE,OHE wear,1,1,16.1,0,89,1,1,Medium,124,71,0,0.0739
T4200182,SNT,Point Machine,Point machine overdue,1,21,0.0,0,24,1,1,Low,299,85,0,0.0951
T4200183,ENG,Fastening,Fastening renewal,1,13,21.5,0,34,1,0,Low,127,20,0,0.0375
T4200184,TRD,Feeder,Feeder overdue PM,1,8,10.8,0,68,1,0,Medium,342,56,0,0.091
T4200185,SNT,Cable,Cable insulation fault,4,5,19.5,0,78,1,0,Low,103,20,1,0.1037
T4200186,ENG,Ballast,Ballast deficiency,1,2,0.0,2,40,0,0,Medium,145,38,0,0.0258
T4200187,ENG,Rail,Rail crack,4,7,13.5,0,46,0,1,Low,316,39,0,0.1731
T4200188,SNT,Interlocking,Interlocking fault,1,1,8.6,0,32,0,1,Low,320,54,0,0.0511
T4200189,ENG,Rail,Rail crack,5,1,15.4,1,101,0,1,Low,254,63,0,0.275
T4200190,TRD,OHE,OHE wear,4,20,13.9,0,48,1,1,Low,83,73,0,0.1854
T4200191,ENG,Ballast,Ballast deficiency,2,2,14.2,1,61,1,0,Low,187,60,0,0.0492
T4200192,ENG,Rail,Rail crack,3,19,5.6,0,62,0,1,Medium,180,68,0,0.1165
T4200193,TRD,Feeder,Feeder overdue PM,1,1,11.7,2,88,1,0,Low,103,33,0,0.0444
T4200194,ENG,Rail,Rail crack,1,2,10.9,0,36,0,1,High,243,76,0,0.0606
T4200195,ENG,Bridge,Bearing wear,3,2,15.0,0,89,0,0,Medium,110,20,0,0.0752
T4200196,SNT,Signal LED,LED failure,1,4,17.9,0,28,1,0,Medium,64,86,0,0.0304
T4200197,TRD,Feeder,Feeder overdue PM,4,16,12.9,0,89,0,0,High,34,82,0,0.1067
T4200198,ENG,Bridge,Bearing wear,2,19,4.3,0,17,1,0,High,334,70,0,0.1376
T4200199,ENG,Fastening,Fastening renewal,1,5,12.6,0,57,0,0,High,134,100,0,0.0237
T4200200,TRD,Sub-station,Sub-station overdue PM,3,9,27.7,3,101,0,0,Low,136,20,0,0.1502
T4200201,TRD,Sub-station,Sub-station overdue PM,3,1,21.9,0,77,1,0,Low,87,71,0,0.0841
T4200202,SNT,Axle Counter,Axle counter drift,4,1,0.0,1,71,1,1,Medium,303,58,0,0.3205
T4200203,ENG,Bridge,Bearing wear,1,13,12.4,0,34,1,0,Medium,56,60,0,0.0571
T4200204,ENG,Ballast,Ballast deficiency,3,4,17.6,1,42,1,0,Medium,72,32,0,0.0987
T4200205,ENG,Bridge,Bearing wear,5,11,10.9,0,94,1,0,Medium,151,63,0,0.2391
T4200206,ENG,Ballast,Ballast deficiency,2,4,9.2,0,72,1,0,Low,178,62,0,0.0542
T4200207,SNT,Signal LED,LED failure,5,6,10.4,2,82,0,0,Low,239,41,0,0.1398
T4200208,ENG,Ballast,Ballast deficiency,4,8,15.3,1,62,0,0,Medium,119,54,0,0.0811
T4200209,SNT,Cable,Cable insulation fault,3,5,5.1,0,53,1,0,Medium,319,29,0,0.1089
T4200210,SNT,Point Machine,Point machine overdue,5,4,19.1,1,79,1,1,Medium,120,47,0,0.3681
T4200211,SNT,Interlocking,Interlocking fault,5,4,11.7,1,66,0,1,Medium,89,74,1,0.1829
T4200212,ENG,Fastening,Fastening renewal,2,1,6.4,1,56,0,0,Low,81,75,0,0.0167
T4200213,TRD,Feeder,Feeder overdue PM,5,10,18.7,0,25,0,0,Low,110,70,0,0.0515
T4200214,SNT,Interlocking,Interlocking fault,1,1,2.7,0,84,0,1,Low,75,74,0,0.0238
T4200215,SNT,Point Machine,Point machine overdue,1,2,8.7,0,71,0,1,Low,248,74,0,0.0542
T4200216,ENG,Bridge,Bearing wear,1,4,8.6,0,45,1,0,Medium,90,42,0,0.0328
T4200217,ENG,Fastening,Fastening renewal,2,4,24.9,2,89,1,0,Medium,168,62,0,0.1375
T4200218,TRD,Sub-station,Sub-station overdue PM,5,4,7.9,2,66,1,0,High,87,77,0,0.2759
T4200219,ENG,Bridge,Bearing wear,4,14,0.0,3,67,1,0,Medium,74,27,0,0.1777
T4200220,ENG,Ballast,Ballast deficiency,4,3,8.5,2,82,0,0,Low,280,27,0,0.0965
T4200221,SNT,Signal LED,LED failure,1,17,14.7,0,77,1,0,Medium,324,26,1,0.0864
T4200222,SNT,Point Machine,Point machine overdue,3,7,16.7,0,67,1,1,Low,294,20,0,0.2656
T4200223,TRD,Insulator,Insulator crack,2,7,25.7,0,55,1,0,Low,48,34,0,0.0532
T4200224,ENG,Fastening,Fastening renewal,3,8,20.4,0,110,0,0,Low,60,44,0,0.0721
T4200225,TRD,Insulator,Insulator crack,2,2,13.1,0,42,1,0,Low,358,85,0,0.089
T4200226,ENG,Bridge,Bearing wear,2,7,6.7,1,79,0,0,Low,157,46,0,0.0351
T4200227,SNT,Axle Counter,Axle counter drift,5,13,21.7,0,58,0,1,Medium,56,25,0,0.1714
T4200228,SNT,Signal LED,LED failure,3,9,9.8,0,71,0,0,Medium,277,58,0,0.0516
T4200229,ENG,Fastening,Fastening renewal,3,1,8.1,0,91,0,0,Low,186,51,0,0.0349
T4200230,ENG,Ballast,Ballast deficiency,1,4,9.5,0,52,1,0,Medium,231,39,1,0.0455
T4200231,ENG,Ballast,Ballast deficiency,4,0,4.5,1,75,0,0,Low,5,43,0,0.0254
T4200232,TRD,Insulator,Insulator crack,3,4,9.2,1,67,0,0,Medium,151,76,1,0.0451
T4200233,SNT,Axle Counter,Axle counter drift,2,1,10.6,0,44,1,1,Medium,265,27,0,0.1296
T4200234,TRD,Sub-station,Sub-station overdue PM,4,5,16.4,1,91,1,0,Low,122,22,0,0.1727
T4200235,TRD,Insulator,Insulator crack,1,0,9.7,0,78,0,0,Medium,291,64,0,0.028
T4200236,SNT,Cable,Cable insulation fault,3,22,4.4,0,49,0,0,Low,61,43,0,0.0411
T4200237,TRD,Sub-station,Sub-station overdue PM,5,3,2.4,1,88,0,0,Low,170,86,0,0.1366
T4200238,ENG,Bridge,Bearing wear,3,12,13.3,1,39,1,0,Low,328,52,0,0.0917
T4200239,ENG,Ballast,Ballast deficiency,1,2,12.4,1,59,1,0,Low,76,53,0,0.0425
T4200240,TRD,Feeder,Feeder overdue PM,2,10,8.7,1,49,0,0,Low,204,71,0,0.0398
T4200241,TRD,Insulator,Insulator crack,1,3,9.2,0,79,1,0,Low,233,22,0,0.0617
T4200242,ENG,Bridge,Bearing wear,3,8,14.3,1,48,1,0,Low,188,62,0,0.1126
T4200243,SNT,Point Machine,Point machine overdue,2,22,20.3,0,79,1,1,Low,157,48,0,0.1907
T4200244,SNT,Axle Counter,Axle counter drift,1,9,7.3,1,75,0,1,Medium,101,76,0,0.0686
T4200245,TRD,Insulator,Insulator crack,4,1,12.5,1,51,1,0,Medium,198,42,0,0.1006
T4200246,SNT,Axle Counter,Axle counter drift,1,18,17.7,0,106,0,1,High,171,59,0,0.14
T4200247,ENG,Ballast,Ballast deficiency,2,11,7.3,0,41,0,0,Medium,51,48,0,0.0248
T4200248,ENG,Ballast,Ballast deficiency,5,16,11.9,0,25,0,0,High,279,63,0,0.1549
T4200249,ENG,Fastening,Fastening renewal,1,18,11.8,0,81,0,0,Medium,98,50,1,0.0439
T4200250,SNT,Point Machine,Point machine overdue,2,2,4.1,0,6,0,1,Medium,53,60,0,0.0406
T4200251,TRD,OHE,OHE wear,2,3,13.0,0,97,0,1,Medium,126,90,0,0.0811
T4200252,SNT,Interlocking,Interlocking fault,3,11,12.2,0,63,0,1,Medium,100,49,0,0.1322
T4200253,ENG,Bridge,Bearing wear,2,0,15.3,2,24,0,0,Medium,157,63,0,0.0349
T4200254,ENG,Fastening,Fastening renewal,5,3,4.9,0,36,1,0,High,68,101,1,0.0928
T4200255,SNT,Axle Counter,Axle counter drift,1,3,12.1,0,19,1,1,Low,220,63,0,0.0585
T4200256,TRD,Feeder,Feeder overdue PM,5,16,20.3,0,70,1,0,High,304,20,0,0.3868
T4200257,ENG,Fastening,Fastening renewal,3,23,24.5,0,27,0,0,Low,190,42,1,0.0492
T4200258,ENG,Bridge,Bearing wear,1,1,19.7,1,73,0,0,Low,50,31,0,0.0157
T4200259,SNT,Cable,Cable insulation fault,1,6,4.9,0,52,1,0,Low,98,73,0,0.0222
T4200260,ENG,Bridge,Bearing wear,1,10,14.7,1,48,1,0,Medium,200,53,0,0.0609
T4200261,TRD,Feeder,Feeder overdue PM,2,3,9.1,2,73,0,0,Low,5,76,0,0.0236
T4200262,ENG,Fastening,Fastening renewal,2,6,13.7,2,76,1,0,Low,69,67,0,0.0965
T4200263,ENG,Bridge,Bearing wear,4,2,7.4,0,89,1,0,Low,32,67,0,0.0489
T4200264,TRD,OHE,OHE wear,2,12,1.7,1,44,1,1,Medium,190,31,0,0.1682
T4200265,ENG,Ballast,Ballast deficiency,4,11,9.9,0,59,1,0,Low,375,65,0,0.1937
T4200266,ENG,Rail,Rail crack,2,5,16.3,1,44,0,1,Medium,67,82,0,0.0539
T4200267,ENG,Bridge,Bearing wear,2,3,13.7,0,64,1,0,Medium,253,26,0,0.0765
T4200268,ENG,Rail,Rail crack,2,2,14.4,1,41,1,1,Medium,129,49,0,0.1159
T4200269,ENG,Bridge,Bearing wear,2,1,13.3,0,49,1,0,Medium,61,62,0,0.0413
T4200270,ENG,Ballast,Ballast deficiency,5,6,14.4,1,50,1,0,Low,321,57,0,0.2398
T4200271,ENG,Rail,Rail crack,2,17,15.2,1,67,1,1,High,374,84,0,0.4387
T4200272,ENG,Rail,Rail crack,2,1,10.4,0,60,1,1,High,217,70,1,0.1493
T4200273,SNT,Axle Counter,Axle counter drift,5,4,12.5,2,73,0,1,Low,213,63,0,0.1939
T4200274,SNT,Interlocking,Interlocking fault,4,17,22.5,0,57,0,1,Low,186,71,0,0.1784
T4200275,ENG,Fastening,Fastening renewal,1,13,12.9,0,46,1,0,Medium,167,70,0,0.047
T4200276,ENG,Fastening,Fastening renewal,5,10,12.3,2,65,1,0,High,211,56,0,0.325
T4200277,SNT,Point Machine,Point machine overdue,1,0,12.6,0,37,0,1,Medium,241,48,0,0.0474
T4200278,TRD,OHE,OHE wear,1,9,10.7,1,74,0,1,High,330,75,0,0.136
T4200279,TRD,Insulator,Insulator crack,3,3,9.4,0,53,1,0,High,133,40,0,0.0966
T4200280,ENG,Bridge,Bearing wear,4,11,13.3,1,65,0,0,Medium,191,54,0,0.1719
T4200281,ENG,Ballast,Ballast deficiency,1,2,9.0,0,66,0,0,Low,172,32,0,0.0209
T4200282,ENG,Rail,Rail crack,4,0,11.1,0,100,1,1,Low,272,70,0,0.3459
T4200283,ENG,Bridge,Bearing wear,1,6,7.3,2,70,0,0,Low,396,80,0,0.0604
T4200284,SNT,Point Machine,Point machine overdue,4,3,12.6,0,62,0,1,Low,275,36,1,0.1373
T4200285,ENG,Rail,Rail crack,1,7,15.5,1,43,1,1,Low,252,52,0,0.1257
T4200286,ENG,Rail,Rail crack,3,3,10.7,1,80,1,1,Low,262,45,0,0.2543
T4200287,ENG,Ballast,Ballast deficiency,4,12,0.0,0,53,0,0,Medium,294,77,0,0.1051
T4200288,SNT,Axle Counter,Axle counter drift,2,6,15.5,1,22,0,1,Low,397,83,0,0.0953
T4200289,ENG,Ballast,Ballast deficiency,4,2,12.7,0,55,0,0,Medium,28,45,0,0.0318
T4200290,TRD,Sub-station,Sub-station overdue PM,4,10,6.0,0,65,1,0,High,234,20,1,0.1494
T4200291,ENG,Ballast,Ballast deficiency,4,19,16.6,2,40,0,0,Low,5,78,0,0.0787
T4200292,TRD,OHE,OHE wear,2,18,3.6,0,57,0,1,Low,266,56,0,0.0757
T4200293,ENG,Rail,Rail crack,4,30,18.3,0,58,1,1,Low,230,56,0,0.4372
T4200294,TRD,OHE,OHE wear,4,9,11.7,1,59,1,1,High,131,74,1,0.4091
T4200295,TRD,Feeder,Feeder overdue PM,2,8,0.0,0,91,0,0,Medium,5,48,0,0.0277
T4200296,TRD,Insulator,Insulator crack,4,1,13.1,0,27,1,0,Low,179,42,0,0.0879
T4200297,TRD,Sub-station,Sub-station overdue PM,5,2,9.6,0,111,1,0,Medium,200,48,0,0.2448
T4200298,TRD,OHE,OHE wear,5,3,8.7,1,59,0,1,Medium,174,65,0,0.2032
T4200299,SNT,Axle Counter,Axle counter drift,4,6,7.6,0,75,1,1,Low,124,73,0,0.2017
T4200300,TRD,Insulator,Insulator crack,4,14,11.2,0,63,0,0,Medium,99,88,0,0.0628
T4200301,ENG,Rail,Rail crack,5,5,9.1,0,17,0,1,Low,175,63,0,0.0852
T4200302,SNT,Axle Counter,Axle counter drift,2,2,0.9,0,34,0,1,Low,108,52,0,0.0228
T4200303,SNT,Axle Counter,Axle counter drift,4,4,19.6,0,47,0,1,High,253,73,0,0.1691
T4200304,TRD,Sub-station,Sub-station overdue PM,1,0,10.5,0,85,1,0,Low,173,36,0,0.0628
T4200305,SNT,Axle Counter,Axle counter drift,2,2,7.6,0,25,1,1,Medium,25,83,0,0.0475
T4200306,ENG,Ballast,Ballast deficiency,5,0,5.2,0,39,1,0,Medium,196,59,0,0.096
T4200307,SNT,Axle Counter,Axle counter drift,2,6,16.6,1,64,1,1,Low,217,50,0,0.1425
T4200308,ENG,Bridge,Bearing wear,5,21,4.2,0,72,0,0,Medium,326,36,0,0.1735
T4200309,ENG,Bridge,Bearing wear,3,4,12.8,1,71,1,0,Low,264,68,0,0.124
T4200310,SNT,Interlocking,Interlocking fault,2,11,8.5,0,35,1,1,Low,99,49,0,0.077
T4200311,ENG,Rail,Rail crack,1,9,8.8,1,20,0,1,Low,308,53,0,0.053
T4200312,ENG,Ballast,Ballast deficiency,3,8,5.4,1,73,1,0,High,55,22,0,0.1023
T4200313,ENG,Fastening,Fastening renewal,3,14,8.3,2,96,1,0,High,183,46,0,0.2476
T4200314,ENG,Rail,Rail crack,3,7,12.1,0,51,0,1,Low,248,44,0,0.0942
T4200315,ENG,Rail,Rail crack,1,8,13.4,1,31,0,1,Low,311,63,0,0.0612
T4200316,ENG,Bridge,Bearing wear,2,3,7.3,0,49,0,0,High,350,50,0,0.0815
T4200317,SNT,Axle Counter,Axle counter drift,1,11,11.5,2,70,1,1,Medium,295,20,0,0.2394
T4200318,ENG,Rail,Rail crack,2,2,17.3,2,54,1,1,Low,168,47,1,0.1445
T4200319,TRD,OHE,OHE wear,5,10,2.0,2,95,1,1,Low,232,26,0,0.3443
T4200320,TRD,Feeder,Feeder overdue PM,1,31,12.0,0,83,1,0,Low,200,34,0,0.1109
T4200321,SNT,Axle Counter,Axle counter drift,4,2,6.3,1,65,0,1,Low,116,75,0,0.0726
T4200322,ENG,Bridge,Bearing wear,1,11,5.7,1,11,1,0,Medium,170,21,0,0.0475
T4200323,SNT,Signal LED,LED failure,3,11,13.6,1,43,0,0,Medium,342,61,0,0.0945
T4200324,TRD,Feeder,Feeder overdue PM,5,1,8.7,1,46,1,0,Medium,238,45,0,0.2064
T4200325,SNT,Cable,Cable insulation fault,2,9,4.7,1,41,0,0,Low,365,41,0,0.0408
T4200326,TRD,Sub-station,Sub-station overdue PM,1,6,19.9,0,65,0,0,Medium,83,35,0,0.0239
T4200327,SNT,Signal LED,LED failure,3,5,17.5,0,65,0,0,Medium,146,61,0,0.0582
T4200328,SNT,Interlocking,Interlocking fault,2,17,0.4,0,18,0,1,Medium,217,64,0,0.0591
T4200329,ENG,Bridge,Bearing wear,5,3,3.2,0,80,0,0,Low,247,20,0,0.0989
T4200330,SNT,Interlocking,Interlocking fault,5,31,15.6,3,60,0,1,Low,169,78,1,0.4743
T4200331,ENG,Rail,Rail crack,4,6,10.3,0,69,1,1,Low,252,31,1,0.2453
T4200332,SNT,Point Machine,Point machine overdue,4,1,21.0,2,79,1,1,Low,251,63,0,0.4396
T4200333,TRD,OHE,OHE wear,4,1,15.7,1,41,0,1,Medium,55,31,0,0.1147
T4200334,ENG,Fastening,Fastening renewal,4,14,13.8,0,91,0,0,Medium,248,46,0,0.0979
T4200335,SNT,Axle Counter,Axle counter drift,3,12,5.9,3,56,1,1,Low,277,29,1,0.3793
T4200336,ENG,Ballast,Ballast deficiency,5,10,14.9,1,98,1,0,Medium,207,44,0,0.2898
T4200337,SNT,Axle Counter,Axle counter drift,2,1,4.3,1,38,1,1,Medium,14,51,0,0.0949
T4200338,ENG,Bridge,Bearing wear,1,8,19.8,0,96,1,0,Medium,155,32,0,0.0808
T4200339,TRD,Sub-station,Sub-station overdue PM,4,44,14.5,0,37,0,0,Medium,219,61,0,0.1126
T4200340,ENG,Fastening,Fastening renewal,4,11,7.1,2,124,0,0,High,102,64,0,0.2197
T4200341,TRD,Insulator,Insulator crack,5,2,16.8,0,36,1,0,Medium,263,109,0,0.1561
T4200342,TRD,OHE,OHE wear,2,12,25.4,0,86,1,1,Low,246,74,0,0.204
T4200343,SNT,Point Machine,Point machine overdue,3,1,10.7,1,51,1,1,Medium,192,79,0,0.1777
T4200344,TRD,Sub-station,Sub-station overdue PM,3,3,15.3,0,78,1,0,Low,182,20,0,0.0998
T4200345,TRD,Insulator,Insulator crack,2,19,9.4,1,59,0,0,Medium,197,20,0,0.0546
T4200346,TRD,Sub-station,Sub-station overdue PM,4,12,12.5,1,33,0,0,High,180,49,1,0.1262
T4200347,ENG,Ballast,Ballast deficiency,3,12,3.0,0,5,0,0,Low,64,91,0,0.0141
T4200348,SNT,Point Machine,Point machine overdue,4,8,12.0,1,123,1,1,Low,141,104,0,0.3779
T4200349,ENG,Fastening,Fastening renewal,3,16,12.3,1,62,1,0,Low,187,41,0,0.1476
T4200350,SNT,Interlocking,Interlocking fault,2,3,22.8,0,5,0,1,High,308,43,0,0.0995
T4200351,ENG,Bridge,Bearing wear,5,22,1.2,0,68,0,0,Low,242,66,0,0.1349
T4200352,SNT,Signal LED,LED failure,3,12,10.3,0,77,1,0,Medium,313,51,1,0.1637
T4200353,SNT,Point Machine,Point machine overdue,4,1,19.7,0,42,0,1,Low,54,52,0,0.0636
T4200354,SNT,Axle Counter,Axle counter drift,3,13,10.5,0,42,1,1,Low,148,68,1,0.1195
T4200355,SNT,Cable,Cable insulation fault,2,7,11.0,0,60,0,0,Low,367,109,0,0.0396
T4200356,TRD,Insulator,Insulator crack,5,7,7.0,1,90,1,0,Medium,113,81,0,0.1877
T4200357,TRD,Feeder,Feeder overdue PM,2,14,6.4,1,62,1,0,Low,111,92,0,0.0553
T4200358,SNT,Point Machine,Point machine overdue,5,4,1.0,0,97,0,1,High,156,20,1,0.3319
T4200359,SNT,Cable,Cable insulation fault,3,1,8.2,1,88,1,0,Medium,362,76,0,0.1315
T4200360,TRD,OHE,OHE wear,1,26,6.1,3,54,1,1,High,120,36,1,0.3495
T4200361,ENG,Bridge,Bearing wear,1,26,12.7,1,21,0,0,Low,230,89,0,0.0285
T4200362,ENG,Fastening,Fastening renewal,5,12,7.3,1,54,0,0,Medium,215,82,0,0.1102
T4200363,ENG,Rail,Rail crack,3,12,9.1,2,73,1,1,Low,6,67,0,0.1634
T4200364,SNT,Cable,Cable insulation fault,2,13,9.3,3,61,1,0,Low,179,40,0,0.0969
T4200365,ENG,Bridge,Bearing wear,5,39,11.7,1,76,1,0,Medium,130,45,1,0.4792
T4200366,TRD,Sub-station,Sub-station overdue PM,4,1,8.8,0,82,0,0,Low,241,47,0,0.0727
T4200367,SNT,Axle Counter,Axle counter drift,4,0,5.6,1,73,1,1,High,337,70,0,0.3959
T4200368,ENG,Ballast,Ballast deficiency,4,3,12.5,0,53,1,0,Low,149,63,0,0.1433
T4200369,TRD,Insulator,Insulator crack,1,7,18.4,1,73,0,0,Low,149,83,0,0.0294
T4200370,TRD,Insulator,Insulator crack,1,12,12.8,2,116,0,0,Medium,407,87,0,0.1326
T4200371,ENG,Fastening,Fastening renewal,4,6,8.3,0,23,0,0,Low,116,38,0,0.0282
T4200372,ENG,Bridge,Bearing wear,1,9,11.3,0,72,1,0,Low,59,65,0,0.0304
T4200373,ENG,Rail,Rail crack,4,5,0.0,0,106,0,1,High,304,64,0,0.2532
T4200374,ENG,Fastening,Fastening renewal,1,5,11.2,1,31,1,0,Low,175,53,0,0.043
T4200375,ENG,Rail,Rail crack,2,4,9.6,0,85,0,1,Medium,205,74,0,0.1059
T4200376,TRD,OHE,OHE wear,4,7,6.4,0,88,1,1,Low,381,65,1,0.4185
T4200377,ENG,Rail,Rail crack,4,1,7.5,2,23,0,1,Low,54,44,0,0.0679
T4200378,ENG,Fastening,Fastening renewal,4,1,9.5,0,78,1,0,Low,162,52,0,0.1106
T4200379,SNT,Axle Counter,Axle counter drift,4,6,18.0,0,53,1,1,Medium,69,48,0,0.2161
T4200380,SNT,Signal LED,LED failure,1,3,18.6,0,58,1,0,Medium,210,40,0,0.0578
T4200381,TRD,OHE,OHE wear,5,4,6.4,0,52,1,1,Low,130,53,0,0.1802
T4200382,TRD,Sub-station,Sub-station overdue PM,2,19,8.9,1,93,0,0,Low,74,29,0,0.0422
T4200383,SNT,Point Machine,Point machine overdue,1,44,9.0,0,57,0,1,High,246,64,0,0.2402
T4200384,ENG,Fastening,Fastening renewal,5,8,16.9,2,48,0,0,Low,181,83,0,0.1357
T4200385,TRD,Feeder,Feeder overdue PM,1,1,12.9,0,49,0,0,Medium,67,56,0,0.0136
T4200386,SNT,Point Machine,Point machine overdue,3,12,12.6,1,51,1,1,Low,73,74,0,0.1845
T4200387,TRD,Insulator,Insulator crack,3,7,15.2,3,33,0,0,Low,199,58,0,0.0834
T4200388,ENG,Fastening,Fastening renewal,4,11,8.4,0,48,1,0,Low,30,35,0,0.0688
T4200389,TRD,Sub-station,Sub-station overdue PM,1,8,20.2,1,63,0,0,Low,200,95,0,0.0236
T4200390,SNT,Cable,Cable insulation fault,1,1,12.0,0,70,1,0,Medium,301,20,0,0.0484
T4200391,ENG,Bridge,Bearing wear,3,8,6.9,1,90,0,0,Low,240,55,0,0.0641
T4200392,SNT,Cable,Cable insulation fault,3,8,10.6,2,66,1,0,Medium,124,40,1,0.1254
T4200393,SNT,Interlocking,Interlocking fault,4,29,19.4,0,48,1,1,Low,205,87,0,0.358
T4200394,ENG,Rail,Rail crack,4,19,9.4,2,35,1,1,Low,67,59,0,0.2599
T4200395,SNT,Cable,Cable insulation fault,1,35,17.7,1,67,1,0,Low,192,106,0,0.1247
T4200396,TRD,Feeder,Feeder overdue PM,5,23,8.2,0,57,0,0,Low,151,56,0,0.1232
T4200397,ENG,Rail,Rail crack,3,1,7.4,1,58,1,1,Low,86,40,0,0.1094
T4200398,SNT,Cable,Cable insulation fault,5,1,16.0,0,67,0,0,Low,236,21,0,0.1074
T4200399,ENG,Rail,Rail crack,5,17,6.8,1,73,0,1,Low,5,77,0,0.2152
T4200400,ENG,Bridge,Bearing wear,1,12,16.9,0,67,0,0,Low,73,38,0,0.0258
T4200401,TRD,OHE,OHE wear,3,1,14.1,0,56,1,1,Low,84,47,0,0.0968
T4200402,TRD,OHE,OHE wear,3,1,6.8,2,40,1,1,Low,135,80,0,0.143
T4200403,ENG,Fastening,Fastening renewal,3,10,11.6,1,45,0,0,Low,297,76,0,0.0736
T4200404,TRD,Insulator,Insulator crack,2,5,8.7,0,81,1,0,Low,248,43,0,0.07
T4200405,TRD,OHE,OHE wear,3,11,14.1,0,49,0,1,Low,189,46,0,0.0817
T4200406,ENG,Rail,Rail crack,3,3,23.3,0,26,0,1,Low,185,20,0,0.0579
T4200407,TRD,Feeder,Feeder overdue PM,1,2,9.8,0,89,0,0,Low,179,20,0,0.0198
T4200408,ENG,Rail,Rail crack,2,26,15.2,3,36,0,1,High,303,70,0,0.2568
T4200409,TRD,Feeder,Feeder overdue PM,1,3,12.1,0,61,1,0,Low,17,72,0,0.0455
T4200410,SNT,Cable,Cable insulation fault,5,19,12.1,0,72,0,0,Low,249,62,0,0.0972
T4200411,SNT,Point Machine,Point machine overdue,4,3,11.0,0,60,0,1,Medium,134,59,0,0.0988
T4200412,ENG,Rail,Rail crack,2,0,6.9,0,5,0,1,Low,225,41,0,0.0378
T4200413,TRD,OHE,OHE wear,2,0,14.0,1,70,1,1,Low,226,84,0,0.1291
T4200414,ENG,Bridge,Bearing wear,1,6,10.3,0,93,1,0,High,246,20,0,0.0907
T4200415,ENG,Rail,Rail crack,2,10,6.6,0,80,0,1,Medium,323,46,0,0.1451
T4200416,ENG,Bridge,Bearing wear,5,1,18.1,1,7,1,0,Medium,57,58,0,0.1196
T4200417,TRD,Sub-station,Sub-station overdue PM,1,4,12.6,1,113,0,0,Low,270,55,0,0.0455
T4200418,ENG,Bridge,Bearing wear,1,4,10.6,0,27,1,0,Low,174,55,0,0.0328
T4200419,TRD,OHE,OHE wear,5,4,20.0,0,33,0,1,Low,139,45,0,0.0854
T4200420,SNT,Point Machine,Point machine overdue,3,13,1.0,2,80,0,1,Medium,363,66,0,0.2521
T4200421,ENG,Bridge,Bearing wear,1,4,19.6,0,71,0,0,Low,243,31,0,0.0303
T4200422,ENG,Rail,Rail crack,3,7,6.7,0,62,0,1,Medium,142,52,0,0.1421
T4200423,ENG,Ballast,Ballast deficiency,4,6,13.3,0,46,0,0,High,266,64,0,0.0795
T4200424,SNT,Interlocking,Interlocking fault,2,4,8.5,0,93,1,1,High,176,48,0,0.1706
T4200425,TRD,Sub-station,Sub-station overdue PM,2,1,6.5,0,59,0,0,Low,141,55,0,0.0223
T4200426,ENG,Ballast,Ballast deficiency,4,3,19.9,2,21,0,0,Medium,125,59,0,0.0668
T4200427,TRD,OHE,OHE wear,3,0,23.1,3,91,1,1,Medium,207,20,0,0.3491
T4200428,ENG,Bridge,Bearing wear,5,5,10.7,0,65,1,0,Medium,125,22,1,0.1234
T4200429,TRD,Feeder,Feeder overdue PM,2,9,14.0,0,88,1,0,High,194,58,0,0.1157
T4200430,TRD,OHE,OHE wear,2,8,12.3,1,74,0,1,Medium,260,43,0,0.1503
T4200431,TRD,OHE,OHE wear,1,17,22.4,0,120,1,1,Medium,190,44,0,0.2441
T4200432,SNT,Interlocking,Interlocking fault,4,7,0.0,1,52,1,1,Low,358,66,0,0.3518
T4200433,TRD,Feeder,Feeder overdue PM,3,2,14.3,1,60,1,0,Medium,181,35,0,0.1045
T4200434,ENG,Ballast,Ballast deficiency,2,2,7.6,0,78,0,0,Medium,301,20,0,0.0546
T4200435,ENG,Rail,Rail crack,4,10,0.0,1,52,0,1,Medium,268,88,0,0.2018
T4200436,ENG,Rail,Rail crack,2,1,9.8,1,80,0,1,Medium,317,79,0,0.1207
T4200437,SNT,Cable,Cable insulation fault,1,1,23.1,0,5,1,0,Low,357,79,0,0.0435
T4200438,SNT,Signal LED,LED failure,3,26,8.1,4,58,1,0,Low,21,33,0,0.1512
T4200439,SNT,Point Machine,Point machine overdue,3,5,16.7,0,57,0,1,High,204,53,0,0.1267
T4200440,TRD,Sub-station,Sub-station overdue PM,3,5,19.2,0,57,0,0,Low,170,30,1,0.0368
T4200441,ENG,Rail,Rail crack,3,8,11.9,4,38,1,1,Medium,190,54,1,0.356
T4200442,SNT,Signal LED,LED failure,5,19,12.7,0,83,0,0,Medium,144,48,0,0.1729
T4200443,ENG,Rail,Rail crack,2,14,1.7,0,47,1,1,Low,131,33,1,0.089
T4200444,ENG,Bridge,Bearing wear,2,5,7.7,0,65,1,0,Low,81,65,0,0.0345
T4200445,SNT,Signal LED,LED failure,3,11,17.4,1,59,0,0,Medium,189,50,0,0.0788
T4200446,TRD,Sub-station,Sub-station overdue PM,1,5,12.4,1,73,1,0,Medium,264,89,0,0.0605
T4200447,SNT,Interlocking,Interlocking fault,1,18,14.2,0,96,1,1,Low,136,57,1,0.1797
T4200448,ENG,Fastening,Fastening renewal,3,9,12.8,1,65,0,0,High,150,20,0,0.0805
T4200449,SNT,Signal LED,LED failure,3,7,25.2,1,81,0,0,Medium,117,20,0,0.0611
T4200450,ENG,Bridge,Bearing wear,4,8,9.4,0,64,1,0,Low,91,97,0,0.0714
T4200451,TRD,Insulator,Insulator crack,1,1,21.6,0,47,0,0,Low,159,48,0,0.0178
T4200452,SNT,Point Machine,Point machine overdue,5,19,12.8,1,56,0,1,Low,211,60,1,0.2802
T4200453,ENG,Bridge,Bearing wear,3,24,22.2,2,53,0,0,Low,293,55,0,0.1187
T4200454,ENG,Fastening,Fastening renewal,1,2,4.7,1,74,1,0,Low,73,83,0,0.0342
T4200455,ENG,Rail,Rail crack,2,0,13.1,0,63,0,1,Low,177,20,0,0.0426
T4200456,TRD,Insulator,Insulator crack,2,4,9.6,3,40,0,0,High,286,82,0,0.0802
T4200457,SNT,Axle Counter,Axle counter drift,3,4,12.8,0,54,0,1,Medium,74,80,0,0.1025
T4200458,TRD,Sub-station,Sub-station overdue PM,3,7,19.3,0,22,0,0,Medium,294,55,0,0.0821
T4200459,SNT,Signal LED,LED failure,3,2,14.3,0,55,1,0,Medium,140,63,0,0.0736
T4200460,SNT,Point Machine,Point machine overdue,3,3,19.3,1,60,1,1,Medium,244,48,0,0.2768
T4200461,ENG,Fastening,Fastening renewal,5,6,8.0,0,105,0,0,High,160,21,0,0.1699
T4200462,TRD,Feeder,Feeder overdue PM,5,1,7.1,0,94,1,0,Low,221,67,0,0.1214
T4200463,ENG,Rail,Rail crack,3,2,12.1,1,34,1,1,Medium,325,60,0,0.1871
T4200464,SNT,Axle Counter,Axle counter drift,5,11,11.8,0,65,1,1,High,169,60,0,0.3042
T4200465,SNT,Point Machine,Point machine overdue,5,1,10.9,0,65,1,1,High,270,65,0,0.4271
T4200466,SNT,Signal LED,LED failure,5,25,6.2,1,54,0,0,Low,205,43,0,0.2105
T4200467,TRD,Insulator,Insulator crack,2,9,19.2,0,56,1,0,High,109,85,0,0.1057
T4200468,ENG,Bridge,Bearing wear,3,16,9.8,0,51,1,0,Medium,167,55,0,0.1125
T4200469,SNT,Interlocking,Interlocking fault,2,2,20.6,2,107,1,1,Low,161,66,0,0.2257
T4200470,ENG,Bridge,Bearing wear,1,3,12.1,0,50,0,0,Low,53,50,0,0.0115
T4200471,SNT,Interlocking,Interlocking fault,1,13,15.9,0,69,0,1,Low,221,76,0,0.0855
T4200472,ENG,Ballast,Ballast deficiency,4,5,15.3,0,5,0,0,Low,239,57,0,0.0412
T4200473,ENG,Ballast,Ballast deficiency,3,32,7.1,0,81,0,0,Low,253,53,0,0.1154
T4200474,ENG,Fastening,Fastening renewal,5,11,14.2,2,90,0,0,Low,309,79,0,0.1809
T4200475,ENG,Fastening,Fastening renewal,4,36,23.6,1,34,0,0,Medium,266,21,0,0.2344
T4200476,ENG,Ballast,Ballast deficiency,1,2,13.5,0,47,0,0,High,126,49,0,0.0227
T4200477,SNT,Axle Counter,Axle counter drift,5,22,17.4,0,71,0,1,High,145,43,1,0.3749
T4200478,SNT,Point Machine,Point machine overdue,3,1,16.2,0,60,1,1,Medium,255,62,1,0.2444
T4200479,ENG,Bridge,Bearing wear,3,14,13.8,0,72,0,0,High,215,61,0,0.0713
T4200480,ENG,Bridge,Bearing wear,5,7,13.1,3,53,0,0,Low,178,55,0,0.127
T4200481,ENG,Fastening,Fastening renewal,4,0,15.3,1,107,1,0,Low,101,41,1,0.1267
T4200482,SNT,Cable,Cable insulation fault,1,0,16.6,1,43,0,0,Low,132,55,0,0.0151
T4200483,ENG,Fastening,Fastening renewal,1,10,3.9,0,127,0,0,Low,232,61,0,0.0345
T4200484,ENG,Rail,Rail crack,3,2,13.5,0,91,0,1,Medium,5,51,0,0.0737
T4200485,ENG,Ballast,Ballast deficiency,1,2,10.9,0,81,0,0,Low,5,77,0,0.0111
T4200486,SNT,Axle Counter,Axle counter drift,1,23,9.7,1,34,1,1,High,242,67,0,0.2581
T4200487,ENG,Bridge,Bearing wear,4,1,19.8,0,83,0,0,Low,132,55,0,0.0619
T4200488,SNT,Axle Counter,Axle counter drift,1,4,7.6,1,75,0,1,Low,222,20,0,0.0665
T4200489,SNT,Point Machine,Point machine overdue,1,3,3.6,0,7,0,1,Low,322,51,0,0.0215
T4200490,SNT,Axle Counter,Axle counter drift,3,13,16.8,2,25,0,1,Low,89,68,0,0.1441
T4200491,SNT,Signal LED,LED failure,1,16,3.5,0,69,1,0,High,30,49,0,0.0544
T4200492,SNT,Axle Counter,Axle counter drift,2,5,0.4,0,57,0,1,Medium,155,61,0,0.0872
T4200493,ENG,Fastening,Fastening renewal,5,11,17.4,0,47,0,0,Low,118,51,0,0.0845
T4200494,TRD,Sub-station,Sub-station overdue PM,4,2,13.0,2,87,0,0,Medium,178,60,0,0.1125
T4200495,SNT,Interlocking,Interlocking fault,5,19,14.8,0,38,1,1,Low,228,83,1,0.4522
T4200496,ENG,Fastening,Fastening renewal,2,0,9.3,1,49,0,0,Low,209,71,0,0.0312
T4200497,SNT,Interlocking,Interlocking fault,4,15,3.7,1,44,1,1,Low,184,29,1,0.2439
T4200498,ENG,Bridge,Bearing wear,2,6,4.9,0,73,0,0,Low,275,22,0,0.0342
T4200499,SNT,Cable,Cable insulation fault,2,7,10.4,2,17,1,0,Medium,240,64,0,0.1028
T4200500,SNT,Signal LED,LED failure,1,13,4.4,1,48,0,0,Medium,164,78,0,0.028
T4200501,TRD,Sub-station,Sub-station overdue PM,5,2,13.8,0,17,1,0,Low,237,22,0,0.0952
T4200502,TRD,Sub-station,Sub-station overdue PM,1,8,9.2,0,52,0,0,Medium,41,51,0,0.0156
T4200503,SNT,Interlocking,Interlocking fault,2,6,13.1,0,78,0,1,Medium,276,102,0,0.0993
T4200504,SNT,Interlocking,Interlocking fault,3,8,12.9,1,79,1,1,Low,182,50,0,0.2046
T4200505,TRD,OHE,OHE wear,3,4,14.3,0,42,1,1,Low,72,106,0,0.146
T4200506,ENG,Ballast,Ballast deficiency,2,1,15.0,0,73,1,0,Low,143,39,0,0.0626
T4200507,TRD,Feeder,Feeder overdue PM,2,18,9.9,2,55,0,0,Low,273,42,0,0.0757
T4200508,SNT,Interlocking,Interlocking fault,2,7,13.1,0,94,0,1,Low,111,41,0,0.0665
T4200509,ENG,Fastening,Fastening renewal,5,4,13.4,1,57,0,0,Low,217,29,0,0.085
T4200510,ENG,Bridge,Bearing wear,3,10,0.0,1,5,1,0,Low,259,21,0,0.0631
T4200511,TRD,OHE,OHE wear,5,2,15.9,1,82,0,1,Medium,182,51,1,0.3349
T4200512,ENG,Fastening,Fastening renewal,5,23,12.9,0,49,0,0,Low,102,58,0,0.101
T4200513,ENG,Rail,Rail crack,4,1,15.4,0,53,0,1,High,174,41,0,0.1742
T4200514,ENG,Bridge,Bearing wear,5,7,4.3,0,68,1,0,Low,53,45,0,0.112
T4200515,ENG,Ballast,Ballast deficiency,1,24,10.1,0,24,0,0,Low,136,84,0,0.0185
T4200516,ENG,Bridge,Bearing wear,5,24,5.5,1,62,0,0,Medium,80,74,0,0.1477
T4200517,SNT,Cable,Cable insulation fault,3,2,16.5,0,73,0,0,Medium,176,50,0,0.0421
T4200518,ENG,Fastening,Fastening renewal,4,0,3.6,0,69,0,0,High,66,64,1,0.0712
T4200519,TRD,Sub-station,Sub-station overdue PM,2,4,6.4,0,45,0,0,Low,188,22,0,0.019
T4200520,TRD,Feeder,Feeder overdue PM,1,2,15.2,0,85,1,0,Low,282,60,0,0.0521
T4200521,ENG,Fastening,Fastening renewal,5,5,8.2,0,35,0,0,Medium,288,54,1,0.1082
T4200522,ENG,Bridge,Bearing wear,3,2,6.4,2,44,0,0,Medium,68,48,1,0.0366
T4200523,SNT,Cable,Cable insulation fault,1,0,17.4,1,57,0,0,Medium,120,56,0,0.0231
T4200524,ENG,Ballast,Ballast deficiency,4,2,17.7,0,67,0,0,Medium,257,52,0,0.0493
T4200525,ENG,Ballast,Ballast deficiency,1,25,16.3,2,52,1,0,Low,243,29,0,0.1106
T4200526,TRD,Feeder,Feeder overdue PM,3,1,17.1,0,91,0,0,Medium,125,89,0,0.0606
T4200527,TRD,Insulator,Insulator crack,4,3,10.6,0,67,1,0,Medium,136,74,0,0.1004
T4200528,TRD,Insulator,Insulator crack,4,4,10.8,1,62,0,0,Medium,187,47,0,0.0922
T4200529,ENG,Bridge,Bearing wear,3,10,8.1,0,67,0,0,Low,15,20,0,0.0306
T4200530,SNT,Point Machine,Point machine overdue,2,15,13.0,2,78,0,1,High,227,20,0,0.2775
T4200531,SNT,Axle Counter,Axle counter drift,5,7,8.8,2,66,0,1,Medium,277,95,0,0.2964
T4200532,ENG,Ballast,Ballast deficiency,1,24,9.4,0,15,0,0,Low,145,52,0,0.0198
T4200533,SNT,Axle Counter,Axle counter drift,1,2,15.6,2,87,0,1,Low,52,70,0,0.0436
T4200534,ENG,Ballast,Ballast deficiency,1,16,19.1,1,63,1,0,Medium,307,36,0,0.1207
T4200535,ENG,Fastening,Fastening renewal,5,5,14.4,1,77,0,0,High,200,49,0,0.1599
T4200536,SNT,Axle Counter,Axle counter drift,3,11,22.8,0,50,0,1,Low,244,50,0,0.1417
T4200537,ENG,Fastening,Fastening renewal,1,1,7.8,1,14,0,0,High,61,60,0,0.0144
T4200538,ENG,Rail,Rail crack,1,6,1.0,0,5,0,1,Low,61,57,0,0.0163
T4200539,TRD,Insulator,Insulator crack,1,9,16.3,0,36,0,0,Low,217,37,0,0.018
T4200540,TRD,Feeder,Feeder overdue PM,5,12,7.4,1,73,1,0,Medium,272,36,1,0.2995
T4200541,SNT,Cable,Cable insulation fault,3,43,10.4,0,92,1,0,Low,78,53,1,0.2937
T4200542,TRD,Sub-station,Sub-station overdue PM,1,21,1.4,1,68,1,0,Low,171,20,0,0.0343
T4200543,TRD,Sub-station,Sub-station overdue PM,2,5,6.6,1,34,0,0,Medium,37,39,0,0.0226
T4200544,ENG,Rail,Rail crack,4,3,3.0,0,40,0,1,Low,117,52,1,0.0895
T4200545,ENG,Fastening,Fastening renewal,3,4,9.4,2,94,1,0,Low,157,63,0,0.1189
T4200546,ENG,Bridge,Bearing wear,5,29,9.6,0,27,0,0,Low,224,85,0,0.1313
T4200547,ENG,Fastening,Fastening renewal,1,2,12.5,0,113,1,0,Low,5,45,0,0.0482
T4200548,TRD,OHE,OHE wear,1,33,19.4,1,107,1,1,Low,299,56,0,0.3691
T4200549,ENG,Rail,Rail crack,1,11,16.1,1,113,0,1,Low,165,20,1,0.09
T4200550,SNT,Cable,Cable insulation fault,2,4,2.3,1,70,0,0,High,296,62,0,0.083
T4200551,ENG,Rail,Rail crack,4,17,15.6,0,51,1,1,Medium,243,37,1,0.3735
T4200552,ENG,Bridge,Bearing wear,4,3,12.7,1,69,0,0,Medium,257,49,0,0.1006
T4200553,TRD,Sub-station,Sub-station overdue PM,2,10,11.4,1,83,0,0,Low,362,65,1,0.0844
T4200554,ENG,Fastening,Fastening renewal,4,5,11.9,0,44,0,0,Low,110,65,0,0.0481
T4200555,ENG,Fastening,Fastening renewal,4,6,13.2,2,32,0,0,High,192,26,0,0.1063
T4200556,ENG,Fastening,Fastening renewal,1,11,7.8,0,53,1,0,Medium,91,71,0,0.0453
T4200557,SNT,Signal LED,LED failure,4,9,10.9,0,41,0,0,Medium,171,54,0,0.0695
T4200558,SNT,Axle Counter,Axle counter drift,3,0,19.1,1,91,1,1,Low,245,80,0,0.2298
T4200559,SNT,Point Machine,Point machine overdue,1,4,7.8,0,45,1,1,Medium,281,84,0,0.1345
T4200560,ENG,Fastening,Fastening renewal,2,5,5.8,0,62,1,0,Medium,146,87,0,0.048
T4200561,ENG,Rail,Rail crack,4,2,11.6,3,85,0,1,Low,72,27,0,0.1732
T4200562,TRD,Insulator,Insulator crack,4,9,5.2,0,92,0,0,Medium,187,63,0,0.1097
T4200563,SNT,Signal LED,LED failure,2,5,1.7,0,65,1,0,Low,103,23,0,0.0331
T4200564,SNT,Interlocking,Interlocking fault,4,10,9.9,1,70,1,1,Low,128,81,0,0.2962
T4200565,SNT,Point Machine,Point machine overdue,2,0,20.7,1,35,0,1,Low,240,84,0,0.0682
T4200566,TRD,Insulator,Insulator crack,3,23,11.8,1,86,1,0,Medium,224,75,0,0.2989
T4200567,ENG,Rail,Rail crack,1,3,13.1,0,92,1,1,Medium,255,47,0,0.1712
T4200568,ENG,Rail,Rail crack,5,4,0.0,3,13,1,1,Low,150,66,0,0.2495
T4200569,SNT,Cable,Cable insulation fault,5,4,14.6,1,104,1,0,High,271,44,1,0.3949
T4200570,ENG,Fastening,Fastening renewal,1,2,12.6,0,42,1,0,Low,181,55,0,0.0321
T4200571,TRD,OHE,OHE wear,3,4,8.0,1,75,0,1,High,154,53,0,0.2237
T4200572,SNT,Cable,Cable insulation fault,4,5,13.1,0,62,0,0,Medium,81,20,0,0.0565
T4200573,TRD,Insulator,Insulator crack,3,0,13.0,0,58,1,0,High,5,39,0,0.0657
T4200574,TRD,Insulator,Insulator crack,2,4,5.6,1,55,1,0,Medium,39,100,0,0.0496
T4200575,SNT,Signal LED,LED failure,5,0,14.0,2,35,1,0,Low,199,53,0,0.1575
T4200576,TRD,Feeder,Feeder overdue PM,2,10,19.2,0,73,0,0,Low,98,58,0,0.0255
T4200577,SNT,Cable,Cable insulation fault,2,9,10.6,0,53,1,0,Medium,32,55,0,0.0461
T4200578,TRD,Insulator,Insulator crack,2,7,6.8,0,27,0,0,Medium,142,47,0,0.0192
T4200579,ENG,Bridge,Bearing wear,5,6,10.9,1,34,1,0,Medium,205,56,0,0.1512
T4200580,SNT,Interlocking,Interlocking fault,3,6,17.1,1,28,1,1,Medium,217,47,0,0.235
T4200581,SNT,Interlocking,Interlocking fault,4,18,4.6,1,47,0,1,Low,177,20,0,0.1615
T4200582,ENG,Ballast,Ballast deficiency,5,2,15.5,1,72,1,0,Low,175,71,0,0.1505
T4200583,ENG,Rail,Rail crack,5,7,7.9,1,42,1,1,Low,132,87,0,0.2466
T4200584,TRD,OHE,OHE wear,5,33,13.5,0,84,0,1,Medium,237,32,0,0.4366
T4200585,SNT,Interlocking,Interlocking fault,5,5,8.6,1,57,0,1,Medium,164,47,0,0.207
T4200586,ENG,Fastening,Fastening renewal,5,2,8.6,0,53,1,0,Medium,173,85,0,0.1056
T4200587,ENG,Bridge,Bearing wear,5,4,21.1,1,60,1,0,Medium,273,40,0,0.2154
T4200588,ENG,Bridge,Bearing wear,4,4,3.5,0,95,0,0,Low,251,63,0,0.0565
T4200589,ENG,Fastening,Fastening renewal,1,4,14.9,0,26,1,0,Low,163,142,0,0.0226
T4200590,TRD,Sub-station,Sub-station overdue PM,1,1,22.4,0,101,1,0,Low,151,68,1,0.0451
T4200591,ENG,Ballast,Ballast deficiency,4,6,16.1,1,84,1,0,Low,150,56,0,0.1239
T4200592,ENG,Rail,Rail crack,2,9,4.0,0,59,1,1,Medium,5,73,0,0.113
T4200593,SNT,Axle Counter,Axle counter drift,5,1,4.3,0,90,0,1,Medium,279,71,1,0.3203
T4200594,ENG,Rail,Rail crack,5,2,7.5,2,52,1,1,High,118,42,0,0.4288
T4200595,ENG,Bridge,Bearing wear,4,4,12.9,1,67,1,0,Low,257,20,0,0.1361
T4200596,SNT,Cable,Cable insulation fault,4,8,13.4,0,46,1,0,Medium,184,67,0,0.1306
T4200597,SNT,Axle Counter,Axle counter drift,2,2,4.4,2,84,0,1,Medium,305,70,0,0.1516
T4200598,TRD,Sub-station,Sub-station overdue PM,3,4,6.8,2,42,0,0,Low,228,49,0,0.0451
T4200599,SNT,Point Machine,Point machine overdue,5,13,7.1,1,59,0,1,Medium,262,88,0,0.3613
T4200600,SNT,Cable,Cable insulation fault,5,22,10.9,1,77,1,0,High,127,84,0,0.4662
T4200601,TRD,Sub-station,Sub-station overdue PM,2,3,23.9,0,86,0,0,Low,64,70,0,0.0211
T4200602,TRD,Sub-station,Sub-station overdue PM,5,2,6.4,0,39,1,0,Medium,193,49,0,0.1679
T4200603,SNT,Point Machine,Point machine overdue,3,3,6.1,1,79,1,1,Low,7,20,0,0.1178
T4200604,TRD,OHE,OHE wear,5,8,5.2,0,35,0,1,Low,138,52,0,0.109
T4200605,TRD,Insulator,Insulator crack,3,1,15.8,1,6,0,0,Low,73,20,0,0.0222
T4200606,TRD,Sub-station,Sub-station overdue PM,4,0,11.8,0,41,1,0,Low,104,20,0,0.0855
T4200607,ENG,Ballast,Ballast deficiency,1,32,6.6,0,81,0,0,Medium,234,68,0,0.0772
T4200608,SNT,Point Machine,Point machine overdue,2,0,9.8,1,60,1,1,Low,228,78,0,0.1405
T4200609,ENG,Rail,Rail crack,4,7,7.3,0,47,1,1,Medium,165,20,0,0.2521
T4200610,SNT,Signal LED,LED failure,5,15,13.8,2,61,0,0,High,209,50,1,0.279
T4200611,SNT,Interlocking,Interlocking fault,1,4,28.1,0,61,1,1,Medium,131,55,0,0.1212
T4200612,TRD,Sub-station,Sub-station overdue PM,1,0,15.3,2,76,1,0,Low,398,49,0,0.1221
T4200613,TRD,Feeder,Feeder overdue PM,4,9,11.4,1,20,1,0,Low,207,27,0,0.0925
T4200614,ENG,Rail,Rail crack,3,1,8.0,1,57,1,1,Low,127,82,0,0.099
T4200615,SNT,Signal LED,LED failure,5,1,3.9,0,63,1,0,Low,259,28,0,0.1917
T4200616,SNT,Point Machine,Point machine overdue,1,6,16.4,0,26,0,1,Low,292,20,0,0.0367
T4200617,ENG,Fastening,Fastening renewal,2,6,16.1,0,26,0,0,Medium,110,28,0,0.0212
T4200618,ENG,Rail,Rail crack,1,25,9.2,0,51,1,1,Medium,52,65,0,0.1154
T4200619,ENG,Bridge,Bearing wear,4,1,19.3,0,60,1,0,Low,70,50,0,0.0691
T4200620,TRD,OHE,OHE wear,5,4,12.1,2,60,1,1,Low,120,40,0,0.2837
T4200621,SNT,Axle Counter,Axle counter drift,1,22,16.6,0,46,0,1,High,175,66,0,0.115
T4200622,TRD,Insulator,Insulator crack,2,1,13.8,0,45,0,0,High,33,62,0,0.0276
T4200623,SNT,Point Machine,Point machine overdue,5,13,10.9,0,50,1,1,Medium,142,20,1,0.3562
T4200624,TRD,OHE,OHE wear,1,1,6.3,1,67,1,1,Medium,161,65,0,0.1205
T4200625,ENG,Ballast,Ballast deficiency,5,5,11.1,2,91,1,0,Medium,209,79,0,0.2913
T4200626,TRD,Insulator,Insulator crack,5,9,17.1,1,5,0,0,Low,235,53,0,0.07
T4200627,ENG,Fastening,Fastening renewal,1,2,9.0,0,76,1,0,High,216,50,0,0.0864
T4200628,SNT,Signal LED,LED failure,1,2,14.6,0,57,1,0,Low,341,93,0,0.0468
T4200629,TRD,OHE,OHE wear,4,6,5.5,0,73,1,1,Medium,278,41,0,0.2849
T4200630,TRD,Sub-station,Sub-station overdue PM,1,3,16.7,1,90,1,0,Low,200,52,0,0.0785
T4200631,TRD,Feeder,Feeder overdue PM,3,14,13.9,0,41,0,0,Medium,93,62,0,0.0449
T4200632,ENG,Ballast,Ballast deficiency,1,9,4.8,0,84,1,0,Medium,119,56,0,0.049
T4200633,ENG,Fastening,Fastening renewal,3,0,10.7,1,29,0,0,Medium,51,50,0,0.0256
T4200634,ENG,Fastening,Fastening renewal,2,2,17.6,0,63,1,0,Low,194,57,0,0.0702
T4200635,ENG,Fastening,Fastening renewal,4,3,4.4,0,54,0,0,Medium,210,86,0,0.0673
T4200636,SNT,Interlocking,Interlocking fault,5,2,5.6,0,61,1,1,Medium,260,71,0,0.3346
T4200637,SNT,Cable,Cable insulation fault,3,14,11.6,2,35,0,0,Medium,204,54,0,0.0643
T4200638,TRD,Insulator,Insulator crack,4,23,24.8,0,71,0,0,Low,275,38,0,0.1477
T4200639,TRD,Sub-station,Sub-station overdue PM,4,1,8.0,0,100,1,0,Medium,277,40,0,0.1772
T4200640,SNT,Axle Counter,Axle counter drift,5,3,15.0,1,36,0,1,Medium,87,74,0,0.1272
T4200641,TRD,Insulator,Insulator crack,2,1,13.6,1,65,0,0,Low,133,23,0,0.0255
T4200642,ENG,Fastening,Fastening renewal,2,1,8.5,0,81,1,0,Medium,179,103,0,0.0801
T4200643,ENG,Bridge,Bearing wear,2,16,13.0,0,53,0,0,Low,116,54,0,0.0409
T4200644,SNT,Interlocking,Interlocking fault,4,2,9.3,0,94,1,1,Medium,158,27,0,0.229
T4200645,TRD,Feeder,Feeder overdue PM,5,9,9.9,0,49,1,0,Low,207,59,0,0.1215
T4200646,ENG,Bridge,Bearing wear,2,4,2.0,2,57,0,0,Medium,169,39,0,0.0507
T4200647,SNT,Interlocking,Interlocking fault,1,18,11.9,1,35,0,1,Low,180,47,0,0.058
T4200648,SNT,Cable,Cable insulation fault,4,1,17.4,1,63,1,0,Low,95,25,0,0.1107
T4200649,ENG,Rail,Rail crack,3,3,12.3,0,60,1,1,Low,226,50,0,0.1482
T4200650,ENG,Fastening,Fastening renewal,2,5,18.5,0,76,0,0,High,219,20,0,0.0691
T4200651,TRD,Feeder,Feeder overdue PM,1,3,15.5,0,44,0,0,Low,111,43,0,0.0105
T4200652,SNT,Signal LED,LED failure,5,8,11.6,0,43,0,0,Low,64,38,0,0.0592
T4200653,ENG,Rail,Rail crack,5,2,8.2,1,72,0,1,Low,291,45,0,0.1539
T4200654,TRD,OHE,OHE wear,4,12,9.1,0,95,0,1,Medium,337,40,0,0.3317
T4200655,ENG,Bridge,Bearing wear,3,2,3.2,1,76,1,0,Low,201,56,0,0.0899
T4200656,TRD,Sub-station,Sub-station overdue PM,2,25,10.4,0,106,0,0,Medium,147,73,1,0.0948
T4200657,ENG,Fastening,Fastening renewal,3,11,12.9,0,74,0,0,Low,274,62,0,0.0694
T4200658,SNT,Signal LED,LED failure,1,9,22.3,0,73,1,0,Low,222,81,0,0.0429
T4200659,ENG,Fastening,Fastening renewal,2,3,15.2,0,77,0,0,Low,161,45,0,0.0404
T4200660,ENG,Fastening,Fastening renewal,3,0,6.8,0,97,1,0,Medium,267,61,0,0.1349
T4200661,TRD,OHE,OHE wear,3,4,3.4,0,91,1,1,Low,107,62,0,0.1711
T4200662,ENG,Bridge,Bearing wear,1,2,10.8,0,33,0,0,High,118,78,0,0.0164
T4200663,ENG,Fastening,Fastening renewal,5,0,16.9,2,80,0,0,Low,213,40,0,0.1347
T4200664,ENG,Ballast,Ballast deficiency,2,8,10.7,3,67,0,0,Medium,190,71,0,0.0591
T4200665,SNT,Interlocking,Interlocking fault,3,13,15.3,0,55,0,1,Low,237,38,0,0.1213
T4200666,TRD,Insulator,Insulator crack,3,3,10.9,0,16,0,0,Low,287,44,0,0.0256
T4200667,TRD,Sub-station,Sub-station overdue PM,3,0,16.3,1,21,0,0,Medium,40,48,0,0.0782
T4200668,ENG,Rail,Rail crack,5,0,2.4,2,51,0,1,Medium,184,64,1,0.2239
T4200669,ENG,Fastening,Fastening renewal,4,33,21.6,0,23,1,0,Medium,351,33,0,0.3625
T4200670,ENG,Bridge,Bearing wear,5,20,5.3,1,51,0,0,Medium,126,36,0,0.1251
T4200671,SNT,Interlocking,Interlocking fault,2,1,16.8,2,78,0,1,Low,116,42,0,0.0932
T4200672,TRD,Sub-station,Sub-station overdue PM,2,10,10.4,0,45,0,0,High,5,56,0,0.0356
T4200673,SNT,Interlocking,Interlocking fault,3,2,11.3,0,62,0,1,Low,189,36,0,0.0632
T4200674,SNT,Cable,Cable insulation fault,3,0,10.6,1,33,1,0,High,232,60,0,0.0953
T4200675,ENG,Rail,Rail crack,2,6,13.5,0,67,1,1,Medium,232,48,0,0.2062
T4200676,TRD,Insulator,Insulator crack,3,3,14.7,0,73,0,0,Low,87,68,0,0.0323
T4200677,SNT,Axle Counter,Axle counter drift,1,2,18.4,0,24,1,1,Medium,179,56,0,0.0649
T4200678,ENG,Bridge,Bearing wear,3,3,20.4,0,41,0,0,High,200,90,0,0.0504
T4200679,ENG,Fastening,Fastening renewal,4,2,14.0,0,28,1,0,Low,185,57,0,0.0571
T4200680,ENG,Fastening,Fastening renewal,3,2,22.3,1,73,0,0,Low,81,31,0,0.0289
T4200681,ENG,Rail,Rail crack,5,2,12.6,3,64,1,1,Medium,187,51,0,0.3726
T4200682,ENG,Rail,Rail crack,5,1,18.5,0,59,0,1,Low,107,55,0,0.1259
T4200683,SNT,Interlocking,Interlocking fault,5,0,14.6,1,57,0,1,Low,12,37,0,0.128
T4200684,SNT,Point Machine,Point machine overdue,1,4,8.7,0,68,0,1,Medium,241,85,1,0.1061
T4200685,ENG,Bridge,Bearing wear,5,8,13.1,1,69,0,0,High,193,49,0,0.1693
T4200686,ENG,Rail,Rail crack,2,0,15.0,0,48,1,1,Medium,233,42,1,0.1011
T4200687,TRD,OHE,OHE wear,3,9,11.8,1,44,1,1,High,132,59,1,0.241
T4200688,TRD,Feeder,Feeder overdue PM,3,5,14.5,0,59,0,0,Low,236,37,0,0.0523
T4200689,SNT,Point Machine,Point machine overdue,2,0,17.2,0,55,1,1,Low,272,74,0,0.1494
T4200690,ENG,Ballast,Ballast deficiency,5,1,11.9,0,112,0,0,Low,338,70,0,0.173
T4200691,TRD,Insulator,Insulator crack,4,1,0.0,1,50,1,0,Low,253,58,0,0.1168
T4200692,ENG,Fastening,Fastening renewal,5,2,22.1,0,67,0,0,Medium,215,67,1,0.1122
T4200693,ENG,Fastening,Fastening renewal,5,6,10.2,2,72,0,0,Low,56,45,0,0.1076
T4200694,TRD,Sub-station,Sub-station overdue PM,3,2,7.1,0,95,0,0,Low,170,25,0,0.0348
T4200695,SNT,Cable,Cable insulation fault,4,3,5.3,3,40,1,0,Medium,52,48,0,0.0856
T4200696,SNT,Point Machine,Point machine overdue,3,20,10.0,0,93,1,1,Medium,106,45,0,0.3926
T4200697,SNT,Axle Counter,Axle counter drift,3,36,8.6,0,56,1,1,Medium,356,20,1,0.4641
T4200698,SNT,Axle Counter,Axle counter drift,4,6,7.6,1,123,0,1,Medium,88,34,0,0.2435
T4200699,ENG,Fastening,Fastening renewal,4,2,7.9,1,69,0,0,High,5,30,0,0.0369
T4200700,ENG,Bridge,Bearing wear,5,2,15.2,1,29,1,0,Medium,253,34,0,0.2328
T4200701,ENG,Rail,Rail crack,4,4,24.2,0,55,1,1,High,119,82,0,0.3331
T4200702,ENG,Fastening,Fastening renewal,4,4,16.9,0,93,0,0,High,249,65,0,0.0998
T4200703,TRD,OHE,OHE wear,5,2,18.7,1,62,1,1,High,75,74,0,0.3476
T4200704,ENG,Bridge,Bearing wear,1,18,9.7,0,59,1,0,Low,142,65,0,0.0531
T4200705,SNT,Point Machine,Point machine overdue,4,5,12.6,3,78,0,1,Medium,288,77,0,0.2729
T4200706,TRD,Feeder,Feeder overdue PM,2,5,14.6,0,51,1,0,Low,61,56,0,0.0426
T4200707,TRD,OHE,OHE wear,3,30,8.0,1,55,0,1,Low,165,85,0,0.2132
T4200708,ENG,Ballast,Ballast deficiency,4,8,9.4,2,36,0,0,Medium,206,30,0,0.0989
T4200709,SNT,Cable,Cable insulation fault,2,14,17.1,0,103,1,0,Low,115,54,0,0.0675
T4200710,TRD,OHE,OHE wear,5,5,18.5,2,29,1,1,Medium,202,35,0,0.3277
T4200711,SNT,Point Machine,Point machine overdue,3,18,12.4,1,64,0,1,Medium,181,80,0,0.1814
T4200712,TRD,Insulator,Insulator crack,2,2,4.8,0,72,0,0,Low,228,63,0,0.0276
T4200713,TRD,Insulator,Insulator crack,2,0,10.2,0,60,0,0,High,346,79,0,0.0536
T4200714,TRD,Feeder,Feeder overdue PM,3,13,3.4,0,29,0,0,Medium,421,27,0,0.0714
T4200715,ENG,Ballast,Ballast deficiency,5,2,12.5,2,35,1,0,Medium,222,43,0,0.1466
T4200716,SNT,Point Machine,Point machine overdue,1,7,13.5,2,73,0,1,Low,170,20,1,0.0915
T4200717,ENG,Ballast,Ballast deficiency,3,6,10.4,2,41,0,0,High,220,62,1,0.0993
T4200718,SNT,Point Machine,Point machine overdue,5,1,13.5,0,8,1,1,Low,159,46,0,0.1741
T4200719,TRD,Feeder,Feeder overdue PM,3,2,14.5,0,70,0,0,Medium,37,70,0,0.0394
T4200720,SNT,Point Machine,Point machine overdue,3,27,13.5,1,38,0,1,Low,176,56,0,0.1476
T4200721,ENG,Rail,Rail crack,2,25,4.8,0,76,1,1,Low,277,20,0,0.2207
T4200722,ENG,Fastening,Fastening renewal,1,6,10.5,2,55,0,0,Low,48,22,1,0.0171
T4200723,TRD,Feeder,Feeder overdue PM,4,3,14.5,1,54,0,0,Medium,91,57,0,0.0853
T4200724,ENG,Fastening,Fastening renewal,5,9,21.5,0,61,0,0,High,128,64,0,0.1294
T4200725,ENG,Bridge,Bearing wear,3,15,10.4,1,32,0,0,Medium,214,20,0,0.0478
T4200726,ENG,Fastening,Fastening renewal,3,24,15.3,0,39,1,0,Medium,394,53,0,0.2128
T4200727,ENG,Fastening,Fastening renewal,1,2,17.3,1,54,1,0,Low,107,35,0,0.0238
T4200728,SNT,Cable,Cable insulation fault,5,2,10.8,1,31,0,0,High,188,33,1,0.1079
T4200729,SNT,Point Machine,Point machine overdue,5,1,18.9,1,78,0,1,Low,181,42,0,0.2092
T4200730,ENG,Bridge,Bearing wear,5,0,19.2,0,52,0,0,High,153,57,0,0.0869
T4200731,ENG,Rail,Rail crack,2,3,20.3,2,24,1,1,Medium,176,41,0,0.1323
T4200732,ENG,Ballast,Ballast deficiency,4,1,14.8,0,46,1,0,Low,138,20,0,0.0844
T4200733,ENG,Ballast,Ballast deficiency,3,9,26.2,1,63,1,0,Low,427,57,1,0.2016
T4200734,ENG,Fastening,Fastening renewal,2,3,8.3,0,49,0,0,Medium,247,48,0,0.0224
T4200735,SNT,Axle Counter,Axle counter drift,2,2,24.7,0,70,1,1,High,139,36,0,0.225
T4200736,ENG,Ballast,Ballast deficiency,2,7,16.6,0,74,1,0,Medium,287,49,0,0.0907
T4200737,ENG,Rail,Rail crack,3,7,20.0,0,120,0,1,High,203,48,0,0.1969
T4200738,ENG,Bridge,Bearing wear,1,2,10.1,0,89,0,0,High,185,56,0,0.0504
T4200739,ENG,Ballast,Ballast deficiency,4,8,17.1,1,19,0,0,Low,164,50,0,0.0639
T4200740,ENG,Rail,Rail crack,3,23,20.6,0,51,1,1,Medium,157,58,1,0.2638
T4200741,ENG,Ballast,Ballast deficiency,5,17,5.5,0,53,0,0,Medium,70,54,0,0.0694
T4200742,TRD,Insulator,Insulator crack,2,1,11.0,1,74,0,0,Low,29,71,0,0.0195
T4200743,ENG,Rail,Rail crack,1,4,0.0,0,37,1,1,Medium,213,87,0,0.0718
T4200744,SNT,Axle Counter,Axle counter drift,2,11,10.9,1,47,1,1,Low,163,55,0,0.1733
T4200745,SNT,Axle Counter,Axle counter drift,5,15,7.1,1,29,0,1,Medium,259,43,0,0.3095
T4200746,ENG,Rail,Rail crack,2,2,10.7,0,45,0,1,Medium,100,26,0,0.0518
T4200747,ENG,Rail,Rail crack,4,14,29.5,0,46,0,1,Medium,81,68,0,0.1761
T4200748,TRD,Insulator,Insulator crack,5,7,22.3,1,52,0,0,Medium,250,37,0,0.1405
T4200749,TRD,Feeder,Feeder overdue PM,2,17,3.4,0,30,1,0,Medium,153,102,0,0.0526
T4200750,ENG,Rail,Rail crack,4,7,15.3,0,85,1,1,Low,257,111,0,0.2375
T4200751,ENG,Rail,Rail crack,2,18,16.8,1,72,1,1,Medium,183,51,0,0.2828
T4200752,ENG,Ballast,Ballast deficiency,2,1,10.0,0,24,1,0,Low,349,22,0,0.0608
T4200753,SNT,Point Machine,Point machine overdue,2,29,13.1,2,61,1,1,Medium,248,68,0,0.3688
T4200754,SNT,Point Machine,Point machine overdue,4,1,13.7,1,21,0,1,Medium,217,97,1,0.1539
T4200755,ENG,Rail,Rail crack,5,13,3.9,1,94,0,1,Low,252,29,0,0.2828
T4200756,ENG,Bridge,Bearing wear,2,1,5.8,1,100,1,0,Low,155,93,0,0.0744
T4200757,TRD,Insulator,Insulator crack,2,19,13.0,1,59,1,0,Low,32,20,0,0.0674
T4200758,ENG,Rail,Rail crack,5,1,12.6,0,39,1,1,Medium,212,26,0,0.3232
T4200759,SNT,Interlocking,Interlocking fault,3,8,7.7,0,43,1,1,Low,355,61,0,0.2164
T4200760,SNT,Cable,Cable insulation fault,3,5,7.2,1,49,0,0,Low,5,75,0,0.0264
T4200761,ENG,Bridge,Bearing wear,4,2,11.5,1,57,0,0,Low,222,54,0,0.0656
T4200762,ENG,Fastening,Fastening renewal,1,17,17.3,0,94,0,0,Low,42,64,0,0.0231
T4200763,ENG,Ballast,Ballast deficiency,5,5,11.5,1,84,1,0,Low,178,77,1,0.1308
T4200764,TRD,Sub-station,Sub-station overdue PM,2,8,21.7,1,84,1,0,Medium,187,79,0,0.1132
T4200765,ENG,Rail,Rail crack,4,3,7.8,1,64,1,1,Medium,247,43,1,0.2989
T4200766,ENG,Rail,Rail crack,3,22,13.2,1,31,0,1,Medium,199,38,1,0.1834
T4200767,ENG,Ballast,Ballast deficiency,4,8,9.9,0,41,0,0,Low,304,76,0,0.0627
T4200768,ENG,Rail,Rail crack,4,4,15.5,0,62,0,1,High,285,64,1,0.2034
T4200769,SNT,Cable,Cable insulation fault,1,8,7.3,0,30,0,0,Medium,162,67,0,0.0101
T4200770,ENG,Bridge,Bearing wear,1,11,23.6,1,68,1,0,Medium,278,42,0,0.1218
T4200771,SNT,Cable,Cable insulation fault,5,2,1.9,1,80,1,0,Medium,152,68,0,0.1939
T4200772,SNT,Axle Counter,Axle counter drift,3,12,22.3,1,74,0,1,Low,136,33,0,0.1632
T4200773,TRD,Sub-station,Sub-station overdue PM,2,2,12.5,1,73,1,0,Medium,72,60,0,0.0673
T4200774,ENG,Bridge,Bearing wear,1,8,15.3,1,13,0,0,Low,298,57,0,0.031
T4200775,TRD,OHE,OHE wear,1,2,20.0,0,93,1,1,High,153,57,0,0.1453
T4200776,SNT,Cable,Cable insulation fault,5,2,17.1,0,21,1,0,Medium,5,71,0,0.081
T4200777,ENG,Bridge,Bearing wear,5,6,7.6,2,56,0,0,Low,229,35,0,0.122
T4200778,TRD,OHE,OHE wear,2,3,15.6,0,75,1,1,Low,141,69,0,0.1317
T4200779,TRD,Feeder,Feeder overdue PM,2,0,23.2,0,69,0,0,Medium,153,55,0,0.0386
T4200780,ENG,Bridge,Bearing wear,3,13,6.7,1,28,1,0,Low,159,39,0,0.0854
T4200781,TRD,OHE,OHE wear,1,38,24.7,0,33,0,1,Low,150,29,1,0.1028
T4200782,SNT,Interlocking,Interlocking fault,3,10,14.3,0,67,0,1,High,425,93,0,0.2537
T4200783,SNT,Point Machine,Point machine overdue,4,22,9.4,1,73,1,1,Low,330,54,0,0.5107
T4200784,TRD,Sub-station,Sub-station overdue PM,5,11,6.6,0,32,0,0,Low,243,48,0,0.0533
T4200785,ENG,Bridge,Bearing wear,2,39,10.7,1,70,0,0,Low,202,32,0,0.0928
T4200786,TRD,OHE,OHE wear,1,5,0.3,1,22,1,1,Medium,282,77,0,0.1382
T4200787,ENG,Bridge,Bearing wear,1,6,9.5,0,76,0,0,Medium,202,75,1,0.0268
T4200788,TRD,OHE,OHE wear,2,4,10.4,0,38,1,1,Medium,253,71,0,0.1303
T4200789,SNT,Signal LED,LED failure,4,28,5.6,1,62,1,0,High,230,54,1,0.407
T4200790,ENG,Bridge,Bearing wear,1,6,16.5,0,58,0,0,Low,192,70,0,0.0213
T4200791,ENG,Ballast,Ballast deficiency,4,18,10.7,0,89,1,0,Low,265,39,0,0.184
T4200792,ENG,Bridge,Bearing wear,3,1,8.2,0,66,0,0,Low,142,59,0,0.0406
T4200793,ENG,Rail,Rail crack,4,3,10.0,1,45,0,1,Low,185,54,0,0.1075
T4200794,ENG,Ballast,Ballast deficiency,3,7,14.1,0,69,0,0,Low,92,60,0,0.0353
T4200795,ENG,Fastening,Fastening renewal,1,4,12.4,0,114,1,0,Low,102,20,0,0.0335
T4200796,ENG,Ballast,Ballast deficiency,1,3,7.8,0,79,0,0,Medium,5,92,0,0.0171
T4200797,ENG,Rail,Rail crack,3,4,12.8,1,59,0,1,Low,221,87,0,0.1235
T4200798,SNT,Cable,Cable insulation fault,3,2,11.7,2,39,0,0,High,246,32,0,0.076
T4200799,SNT,Point Machine,Point machine overdue,5,15,5.2,0,45,1,1,High,278,67,0,0.3838
T4200800,SNT,Point Machine,Point machine overdue,5,3,10.3,2,77,0,1,Medium,81,25,0,0.2138
T4200801,ENG,Fastening,Fastening renewal,1,8,15.5,0,38,0,0,High,220,57,0,0.0292
T4200802,TRD,Insulator,Insulator crack,2,1,15.4,0,60,0,0,Medium,180,20,0,0.0309
T4200803,SNT,Point Machine,Point machine overdue,2,14,10.6,1,96,0,1,Low,246,49,0,0.1333
T4200804,ENG,Bridge,Bearing wear,1,3,16.1,0,64,1,0,Medium,121,45,0,0.0618
T4200805,ENG,Rail,Rail crack,1,4,6.1,0,33,0,1,Low,150,78,0,0.0306
T4200806,SNT,Axle Counter,Axle counter drift,1,14,6.3,2,114,0,1,Low,40,88,0,0.0651
T4200807,ENG,Ballast,Ballast deficiency,3,2,10.5,0,104,0,0,Medium,115,89,0,0.0568
T4200808,SNT,Point Machine,Point machine overdue,1,15,21.0,0,73,1,1,Medium,180,78,0,0.1663
T4200809,TRD,Sub-station,Sub-station overdue PM,1,3,13.0,0,92,1,0,Low,196,57,0,0.0653
T4200810,ENG,Fastening,Fastening renewal,1,3,10.3,0,53,0,0,Medium,28,63,0,0.0146
T4200811,ENG,Bridge,Bearing wear,4,18,21.3,0,78,1,0,High,134,63,0,0.2413
T4200812,TRD,Feeder,Feeder overdue PM,4,1,10.3,1,49,1,0,Low,194,31,0,0.1456
T4200813,SNT,Cable,Cable insulation fault,5,4,25.4,0,26,0,0,Low,307,78,0,0.0676
T4200814,ENG,Ballast,Ballast deficiency,1,3,8.9,0,125,0,0,Low,104,69,0,0.0321
T4200815,TRD,Sub-station,Sub-station overdue PM,2,8,5.9,0,25,0,0,High,224,70,0,0.0376
T4200816,TRD,Sub-station,Sub-station overdue PM,3,6,11.0,0,67,1,0,Medium,129,20,0,0.0811
T4200817,SNT,Cable,Cable insulation fault,4,6,10.5,0,67,0,0,Low,140,64,0,0.046
T4200818,SNT,Point Machine,Point machine overdue,1,8,7.2,0,73,0,1,Medium,101,75,0,0.0703
T4200819,ENG,Rail,Rail crack,2,10,27.6,0,58,0,1,Medium,86,55,0,0.0916
T4200820,ENG,Ballast,Ballast deficiency,3,29,13.9,2,58,0,0,Low,137,45,0,0.1196
T4200821,SNT,Signal LED,LED failure,1,12,14.8,0,63,1,0,High,274,28,0,0.1191
T4200822,ENG,Bridge,Bearing wear,2,3,9.2,0,72,0,0,Medium,112,26,0,0.0327
T4200823,SNT,Interlocking,Interlocking fault,4,2,8.5,2,60,0,1,Low,98,58,0,0.1004
T4200824,TRD,Feeder,Feeder overdue PM,3,5,18.2,1,58,1,0,High,199,50,1,0.1147
T4200825,ENG,Bridge,Bearing wear,3,8,1.9,0,27,1,0,Low,180,50,0,0.0738
T4200826,SNT,Signal LED,LED failure,3,10,5.1,0,110,1,0,Low,174,86,0,0.1239
T4200827,ENG,Rail,Rail crack,5,5,10.5,0,73,1,1,Low,203,30,0,0.3001
T4200828,TRD,Feeder,Feeder overdue PM,3,6,20.1,1,65,0,0,Low,89,48,0,0.0662
T4200829,ENG,Ballast,Ballast deficiency,3,4,9.8,0,44,0,0,Medium,99,89,0,0.0264
T4200830,SNT,Cable,Cable insulation fault,5,4,14.5,1,35,1,0,Low,269,49,0,0.1013
T4200831,SNT,Point Machine,Point machine overdue,1,8,12.2,0,81,1,1,Low,167,56,0,0.0734
T4200832,ENG,Fastening,Fastening renewal,1,4,19.8,0,56,0,0,High,234,51,0,0.0338
T4200833,SNT,Axle Counter,Axle counter drift,3,6,2.5,1,76,0,1,Low,290,69,0,0.1397
T4200834,SNT,Cable,Cable insulation fault,2,16,16.4,1,26,1,0,Low,256,20,0,0.1115
T4200835,SNT,Interlocking,Interlocking fault,2,25,10.8,0,99,0,1,Low,57,51,0,0.1311
T4200836,TRD,Sub-station,Sub-station overdue PM,1,0,17.5,1,83,1,0,Medium,170,56,0,0.0391
T4200837,TRD,OHE,OHE wear,5,7,7.1,0,58,1,1,Low,274,35,1,0.4514
T4200838,ENG,Bridge,Bearing wear,4,3,12.1,0,72,0,0,Low,227,62,0,0.0579
T4200839,SNT,Axle Counter,Axle counter drift,4,9,11.4,2,79,1,1,High,197,71,0,0.5438
T4200840,ENG,Ballast,Ballast deficiency,1,1,6.0,0,27,1,0,Low,32,64,0,0.0185
T4200841,TRD,Sub-station,Sub-station overdue PM,2,7,4.3,0,102,0,0,High,125,91,0,0.0556
T4200842,SNT,Point Machine,Point machine overdue,4,2,8.5,1,72,0,1,Medium,186,46,0,0.1612
T4200843,ENG,Rail,Rail crack,3,6,12.8,0,42,1,1,Medium,52,65,0,0.104
T4200844,ENG,Bridge,Bearing wear,4,0,7.5,1,33,0,0,Low,251,65,0,0.0384
T4200845,TRD,Feeder,Feeder overdue PM,4,4,10.0,0,85,1,0,High,169,50,0,0.1726
T4200846,ENG,Rail,Rail crack,3,0,0.7,0,65,0,1,Low,5,78,0,0.0326
T4200847,SNT,Signal LED,LED failure,4,5,9.8,1,72,1,0,Low,129,61,0,0.1619
T4200848,ENG,Ballast,Ballast deficiency,2,20,18.1,0,61,1,0,Medium,154,31,0,0.1083
T4200849,TRD,Feeder,Feeder overdue PM,1,2,16.2,0,35,0,0,Low,168,70,0,0.023
T4200850,ENG,Ballast,Ballast deficiency,5,2,11.5,0,73,1,0,Low,308,45,0,0.1693
T4200851,ENG,Ballast,Ballast deficiency,1,9,13.5,0,55,0,0,Medium,232,49,0,0.0279
T4200852,TRD,Feeder,Feeder overdue PM,2,19,7.0,0,59,0,0,Low,57,50,0,0.0333
T4200853,TRD,OHE,OHE wear,1,9,21.7,0,119,0,1,Low,46,70,0,0.0642
T4200854,ENG,Bridge,Bearing wear,2,12,24.4,0,82,0,0,Low,156,77,0,0.0561
T4200855,SNT,Interlocking,Interlocking fault,2,0,13.0,1,83,0,1,Low,191,52,0,0.108
T4200856,SNT,Interlocking,Interlocking fault,1,4,27.5,1,128,0,1,Medium,269,51,0,0.2049
T4200857,TRD,OHE,OHE wear,3,3,7.9,0,70,0,1,Medium,336,20,0,0.1852
T4200858,ENG,Ballast,Ballast deficiency,5,0,4.5,1,63,0,0,Low,341,41,0,0.1249
T4200859,SNT,Interlocking,Interlocking fault,1,12,7.7,0,43,0,1,Low,140,36,0,0.0355
T4200860,SNT,Cable,Cable insulation fault,5,11,10.7,0,49,1,0,Low,264,61,0,0.2125
T4200861,SNT,Signal LED,LED failure,3,0,25.9,2,9,0,0,Low,218,53,0,0.048
T4200862,TRD,Insulator,Insulator crack,3,22,10.3,1,80,1,0,Low,82,37,0,0.1204
T4200863,SNT,Cable,Cable insulation fault,3,3,6.8,0,28,0,0,Medium,10,58,0,0.0194
T4200864,ENG,Fastening,Fastening renewal,2,9,6.6,0,83,0,0,Low,193,54,0,0.0366
T4200865,TRD,Insulator,Insulator crack,1,7,18.8,1,59,0,0,Medium,45,20,0,0.0327
T4200866,TRD,OHE,OHE wear,3,10,18.0,2,63,0,1,Low,103,77,0,0.1335
T4200867,TRD,Sub-station,Sub-station overdue PM,5,1,9.1,3,59,0,0,Low,118,75,0,0.1001
T4200868,ENG,Bridge,Bearing wear,3,7,0.7,1,95,1,0,Low,200,50,0,0.1149
T4200869,ENG,Bridge,Bearing wear,3,3,5.2,3,90,0,0,Low,295,62,0,0.0987
T4200870,SNT,Interlocking,Interlocking fault,4,1,22.3,0,59,0,1,Medium,181,48,0,0.1126
T4200871,ENG,Bridge,Bearing wear,2,1,16.1,3,38,1,0,Medium,132,23,0,0.1008
T4200872,TRD,Insulator,Insulator crack,1,6,12.4,0,83,0,0,High,5,98,0,0.0217
T4200873,ENG,Fastening,Fastening renewal,3,5,23.2,1,36,1,0,Low,221,70,1,0.0933
T4200874,SNT,Signal LED,LED failure,5,5,23.7,0,21,1,0,Low,183,74,0,0.1054
T4200875,TRD,OHE,OHE wear,2,3,11.8,0,72,0,1,High,131,49,0,0.1042
T4200876,ENG,Ballast,Ballast deficiency,5,8,11.9,0,90,0,0,Medium,285,78,1,0.1527
T4200877,ENG,Ballast,Ballast deficiency,5,1,8.5,0,50,0,0,Low,73,28,0,0.0364
T4200878,SNT,Signal LED,LED failure,2,2,10.3,1,70,1,0,Low,118,50,0,0.0685
T4200879,SNT,Signal LED,LED failure,3,8,3.1,1,50,1,0,Low,158,70,0,0.0658
T4200880,ENG,Ballast,Ballast deficiency,4,22,3.1,1,78,0,0,Low,129,42,0,0.1039
T4200881,SNT,Interlocking,Interlocking fault,3,4,1.7,1,87,1,1,Medium,230,73,0,0.3215
T4200882,TRD,Sub-station,Sub-station overdue PM,4,4,18.5,0,53,0,0,Low,222,61,0,0.0503
T4200883,SNT,Signal LED,LED failure,5,2,2.6,0,34,0,0,High,275,59,0,0.0941
T4200884,ENG,Rail,Rail crack,4,15,23.7,0,24,0,1,Medium,225,41,0,0.1588
T4200885,ENG,Fastening,Fastening renewal,5,5,7.6,0,83,1,0,Medium,170,63,0,0.1942
T4200886,ENG,Bridge,Bearing wear,5,8,22.4,0,32,0,0,Low,149,94,0,0.0656
T4200887,ENG,Fastening,Fastening renewal,5,2,9.8,0,69,1,0,Medium,221,59,1,0.2107
T4200888,ENG,Bridge,Bearing wear,5,5,2.6,1,79,0,0,High,163,66,0,0.1274
T4200889,SNT,Interlocking,Interlocking fault,2,2,19.7,0,47,1,1,Low,184,69,0,0.1316
T4200890,ENG,Fastening,Fastening renewal,1,15,20.4,0,56,1,0,Medium,226,32,0,0.1075
T4200891,TRD,Sub-station,Sub-station overdue PM,1,4,6.6,0,85,1,0,Low,192,52,0,0.0478
T4200892,ENG,Bridge,Bearing wear,2,8,10.0,0,40,1,0,Low,208,52,0,0.0435
T4200893,ENG,Ballast,Ballast deficiency,4,11,6.6,1,37,0,0,Medium,109,20,0,0.064
T4200894,TRD,Sub-station,Sub-station overdue PM,3,0,11.3,0,54,1,0,Medium,301,71,0,0.0979
T4200895,TRD,Sub-station,Sub-station overdue PM,3,4,12.6,0,92,1,0,Medium,80,36,0,0.1346
T4200896,ENG,Ballast,Ballast deficiency,1,4,9.9,0,100,0,0,Low,220,69,0,0.0292
T4200897,ENG,Bridge,Bearing wear,4,8,1.1,1,58,1,0,Medium,136,40,0,0.1706
T4200898,ENG,Bridge,Bearing wear,2,2,8.5,1,42,1,0,Medium,277,96,0,0.0802
T4200899,SNT,Interlocking,Interlocking fault,4,4,16.2,1,87,1,1,Low,260,49,0,0.3395
T4200900,SNT,Interlocking,Interlocking fault,1,6,10.7,1,18,1,1,High,180,93,0,0.1055
T4200901,ENG,Fastening,Fastening renewal,2,7,10.0,0,66,0,0,Low,320,52,0,0.0403
T4200902,ENG,Bridge,Bearing wear,1,17,6.4,1,59,0,0,Low,163,54,0,0.0379
T4200903,SNT,Cable,Cable insulation fault,2,4,8.3,0,92,0,0,Medium,259,86,0,0.0454
T4200904,TRD,Feeder,Feeder overdue PM,5,1,20.5,0,95,1,0,Low,115,37,0,0.1853
T4200905,SNT,Point Machine,Point machine overdue,3,14,5.2,0,36,1,1,Low,216,56,0,0.2082
T4200906,SNT,Cable,Cable insulation fault,3,2,16.3,1,64,1,0,Low,96,66,0,0.0661
T4200907,ENG,Bridge,Bearing wear,2,15,12.3,0,46,0,0,High,182,63,0,0.069
T4200908,ENG,Ballast,Ballast deficiency,2,2,13.5,0,53,1,0,Low,175,56,0,0.0577
T4200909,ENG,Bridge,Bearing wear,4,0,7.6,2,75,0,0,Low,259,53,0,0.1077
T4200910,TRD,OHE,OHE wear,5,6,9.9,1,52,0,1,Low,120,72,0,0.1355
T4200911,TRD,Sub-station,Sub-station overdue PM,4,22,12.0,2,65,1,0,Low,457,59,0,0.3777
T4200912,TRD,Feeder,Feeder overdue PM,4,4,8.9,2,84,1,0,Low,56,74,0,0.1273
T4200913,TRD,OHE,OHE wear,3,2,14.0,0,98,1,1,High,201,63,0,0.3977
T4200914,TRD,Feeder,Feeder overdue PM,1,1,14.7,1,67,1,0,Medium,206,68,0,0.0626
T4200915,TRD,Feeder,Feeder overdue PM,4,14,25.0,1,63,0,0,High,228,78,0,0.1682
T4200916,ENG,Ballast,Ballast deficiency,5,8,13.7,3,32,0,0,Medium,134,49,0,0.106
T4200917,ENG,Rail,Rail crack,3,4,0.5,1,100,1,1,Low,202,77,0,0.1898
T4200918,ENG,Bridge,Bearing wear,1,1,19.0,0,72,0,0,Low,129,52,0,0.0163
T4200919,SNT,Cable,Cable insulation fault,4,7,10.8,1,63,1,0,Medium,349,27,0,0.2432
T4200920,ENG,Bridge,Bearing wear,5,14,24.1,1,62,0,0,Low,123,48,0,0.0904
T4200921,TRD,Sub-station,Sub-station overdue PM,2,1,20.8,0,69,0,0,Medium,167,41,0,0.0318
T4200922,SNT,Point Machine,Point machine overdue,1,2,9.0,1,79,1,1,Low,120,63,0,0.0635
T4200923,SNT,Axle Counter,Axle counter drift,4,7,16.3,1,82,1,1,Medium,108,49,1,0.3892
T4200924,ENG,Ballast,Ballast deficiency,2,16,8.4,0,100,0,0,Low,54,58,0,0.0401
T4200925,ENG,Ballast,Ballast deficiency,4,37,12.0,1,66,0,0,Low,240,75,0,0.2017
T4200926,ENG,Rail,Rail crack,4,15,16.1,2,104,0,1,High,119,85,0,0.3244
T4200927,TRD,Insulator,Insulator crack,2,8,18.7,0,86,0,0,Low,108,61,0,0.0447
T4200928,SNT,Point Machine,Point machine overdue,1,3,17.4,0,58,1,1,Low,93,77,0,0.0909
T4200929,SNT,Interlocking,Interlocking fault,3,2,12.4,1,18,0,1,Low,207,51,0,0.0703
T4200930,ENG,Fastening,Fastening renewal,3,0,26.9,2,62,0,0,Low,182,24,0,0.0559
T4200931,ENG,Rail,Rail crack,5,4,9.8,1,99,1,1,Medium,182,31,0,0.4691
T4200932,ENG,Bridge,Bearing wear,2,10,2.4,0,41,1,0,High,111,51,0,0.0743
T4200933,TRD,OHE,OHE wear,2,4,3.5,0,62,0,1,High,219,71,0,0.1116
T4200934,TRD,Sub-station,Sub-station overdue PM,5,12,20.8,1,64,1,0,Medium,120,51,0,0.2675
T4200935,ENG,Bridge,Bearing wear,4,20,11.5,1,84,0,0,Medium,186,79,1,0.1844
T4200936,TRD,Insulator,Insulator crack,4,3,13.0,2,50,0,0,Low,167,92,0,0.0596
T4200937,ENG,Fastening,Fastening renewal,5,6,8.7,1,38,1,0,High,28,37,0,0.1801
T4200938,TRD,Insulator,Insulator crack,4,4,9.3,0,74,0,0,Medium,363,97,0,0.1003
T4200939,ENG,Rail,Rail crack,5,3,7.3,0,41,1,1,Low,232,22,0,0.1489
T4200940,ENG,Rail,Rail crack,4,16,14.8,1,14,1,1,High,196,92,1,0.3178
T4200941,TRD,Insulator,Insulator crack,3,4,11.4,0,106,1,0,Medium,210,54,0,0.1269
T4200942,ENG,Fastening,Fastening renewal,1,3,14.6,1,83,0,0,Low,365,50,0,0.0483
T4200943,ENG,Ballast,Ballast deficiency,4,27,14.0,1,107,0,0,Medium,282,55,0,0.3082
T4200944,ENG,Rail,Rail crack,4,13,9.4,0,82,1,1,Low,211,39,0,0.3046
T4200945,ENG,Bridge,Bearing wear,5,0,3.2,1,77,1,0,Low,116,85,0,0.1906
T4200946,SNT,Interlocking,Interlocking fault,4,1,2.7,1,69,1,1,Low,130,41,1,0.1756
T4200947,TRD,OHE,OHE wear,3,1,30.2,0,55,0,1,Medium,18,44,0,0.0505
T4200948,TRD,Insulator,Insulator crack,3,0,20.9,0,73,1,0,Low,147,27,0,0.078
T4200949,ENG,Ballast,Ballast deficiency,1,72,20.0,0,46,0,0,Low,240,40,0,0.141
T4200950,SNT,Interlocking,Interlocking fault,1,12,8.0,0,33,0,1,Low,237,41,0,0.0367
T4200951,ENG,Bridge,Bearing wear,1,6,12.1,0,52,0,0,Low,235,40,0,0.0204
T4200952,ENG,Ballast,Ballast deficiency,5,14,7.1,2,92,1,0,Medium,134,51,1,0.2857
T4200953,ENG,Bridge,Bearing wear,4,4,4.1,1,29,0,0,Low,230,33,0,0.0433
T4200954,TRD,Insulator,Insulator crack,2,41,8.5,1,30,0,0,Low,254,87,0,0.1172
T4200955,TRD,OHE,OHE wear,3,4,20.0,1,75,1,1,Low,5,52,0,0.1552
T4200956,TRD,Feeder,Feeder overdue PM,3,5,17.0,0,50,1,0,Low,207,62,0,0.0726
T4200957,SNT,Cable,Cable insulation fault,2,8,6.2,0,72,0,0,Low,367,72,0,0.0688
T4200958,SNT,Axle Counter,Axle counter drift,3,18,10.1,0,85,1,1,Medium,154,95,1,0.2738
T4200959,SNT,Cable,Cable insulation fault,2,1,16.5,1,72,1,0,Low,5,73,0,0.0351
T4200960,SNT,Axle Counter,Axle counter drift,4,6,8.6,1,44,0,1,Low,107,50,0,0.0779
T4200961,ENG,Ballast,Ballast deficiency,4,10,12.5,0,92,1,0,Low,17,34,0,0.1049
T4200962,ENG,Fastening,Fastening renewal,1,0,14.4,0,79,1,0,Medium,123,62,0,0.0319
T4200963,ENG,Bridge,Bearing wear,3,3,14.3,0,61,1,0,Low,70,76,1,0.0439
T4200964,TRD,Insulator,Insulator crack,5,8,13.5,1,59,0,0,Medium,264,58,0,0.1387
T4200965,SNT,Point Machine,Point machine overdue,5,13,8.1,1,69,1,1,Medium,250,56,1,0.5379
T4200966,TRD,Feeder,Feeder overdue PM,4,21,8.7,0,52,1,0,Low,211,59,0,0.1919
T4200967,ENG,Rail,Rail crack,4,4,5.2,0,19,1,1,Low,290,20,0,0.19
T4200968,SNT,Signal LED,LED failure,1,13,2.6,1,79,0,0,High,129,58,0,0.0475
T4200969,ENG,Fastening,Fastening renewal,5,37,11.3,1,77,0,0,Low,187,70,0,0.2205
T4200970,ENG,Bridge,Bearing wear,4,13,16.9,0,5,1,0,Medium,377,54,0,0.1739
T4200971,ENG,Ballast,Ballast deficiency,5,10,3.7,1,73,0,0,Medium,233,77,1,0.2043
T4200972,ENG,Ballast,Ballast deficiency,5,1,13.6,1,104,1,0,Low,232,78,0,0.2404
T4200973,TRD,Insulator,Insulator crack,2,11,16.7,1,32,0,0,Medium,111,45,0,0.033
T4200974,ENG,Rail,Rail crack,1,0,1.0,1,58,1,1,Low,143,64,1,0.0678
T4200975,SNT,Interlocking,Interlocking fault,4,0,10.4,1,55,0,1,Low,90,56,0,0.0875
T4200976,SNT,Point Machine,Point machine overdue,3,11,21.9,3,102,1,1,Medium,331,20,1,0.5978
T4200977,ENG,Ballast,Ballast deficiency,1,0,15.3,0,88,1,0,High,40,51,0,0.0439
T4200978,SNT,Point Machine,Point machine overdue,2,3,0.8,1,38,0,1,Low,262,34,0,0.0666
T4200979,ENG,Bridge,Bearing wear,5,15,16.0,1,69,0,0,Medium,232,58,0,0.205
T4200980,TRD,Insulator,Insulator crack,2,0,7.5,0,118,1,0,Low,36,69,0,0.0561
T4200981,TRD,Feeder,Feeder overdue PM,2,1,16.1,0,44,1,0,Medium,283,51,0,0.0561
T4200982,SNT,Cable,Cable insulation fault,4,6,7.9,1,60,1,0,Low,157,37,0,0.1118
T4200983,SNT,Cable,Cable insulation fault,4,32,11.7,0,73,0,0,Low,61,60,0,0.0895
T4200984,ENG,Rail,Rail crack,2,9,8.8,1,45,1,1,High,213,104,1,0.2097
T4200985,TRD,Insulator,Insulator crack,5,24,12.0,1,104,1,0,Medium,106,20,0,0.3333
T4200986,ENG,Bridge,Bearing wear,3,23,8.6,0,48,0,0,Low,162,60,0,0.0706
T4200987,ENG,Rail,Rail crack,1,40,10.7,0,25,0,1,High,134,44,0,0.1287
T4200988,ENG,Rail,Rail crack,2,16,4.9,0,47,0,1,Low,101,46,0,0.0406
T4200989,TRD,Sub-station,Sub-station overdue PM,5,10,14.9,1,76,1,0,Medium,73,53,0,0.1701
T4200990,SNT,Interlocking,Interlocking fault,1,1,13.1,0,40,1,1,Medium,252,48,0,0.1187
T4200991,TRD,Sub-station,Sub-station overdue PM,1,10,2.3,0,68,0,0,Medium,209,67,0,0.0291
T4200992,TRD,Insulator,Insulator crack,4,7,18.0,2,74,0,0,Low,203,50,0,0.1006
T4200993,ENG,Ballast,Ballast deficiency,3,7,10.9,0,30,0,0,Medium,147,20,0,0.0461
T4200994,TRD,OHE,OHE wear,2,7,13.0,0,46,0,1,Medium,185,81,0,0.0711
T4200995,ENG,Ballast,Ballast deficiency,3,13,16.6,1,69,1,0,Low,114,78,0,0.0878
T4200996,SNT,Signal LED,LED failure,1,17,14.0,0,78,1,0,High,112,43,0,0.0717
T4200997,ENG,Fastening,Fastening renewal,2,0,19.0,1,47,0,0,Low,334,56,0,0.0472
T4200998,TRD,OHE,OHE wear,2,4,10.2,1,64,0,1,Low,260,79,1,0.1304
T4200999,ENG,Fastening,Fastening renewal,3,8,18.2,1,53,0,0,Medium,129,76,0,0.0703
T4201000,ENG,Ballast,Ballast deficiency,4,13,12.7,0,78,1,0,Low,45,82,0,0.102
T4201001,SNT,Interlocking,Interlocking fault,5,8,15.0,1,73,0,1,Medium,27,62,0,0.1942
T4201002,ENG,Bridge,Bearing wear,1,28,14.4,0,51,0,0,Low,123,70,0,0.0333
T4201003,ENG,Ballast,Ballast deficiency,2,11,19.4,0,72,1,0,Low,190,83,0,0.0525
T4201004,SNT,Point Machine,Point machine overdue,2,2,16.3,0,50,1,1,Medium,191,48,0,0.1293
T4201005,ENG,Bridge,Bearing wear,3,13,9.3,1,71,1,0,High,193,64,0,0.2097
T4201006,TRD,Insulator,Insulator crack,3,8,8.2,1,72,0,0,Medium,210,20,0,0.107
T4201007,ENG,Ballast,Ballast deficiency,5,4,11.7,0,119,0,0,Low,87,23,0,0.1191
T4201008,SNT,Interlocking,Interlocking fault,5,1,7.4,3,52,1,1,Low,316,65,1,0.5339
T4201009,SNT,Interlocking,Interlocking fault,4,1,5.7,1,56,1,1,Medium,162,68,0,0.3061
T4201010,SNT,Axle Counter,Axle counter drift,1,2,0.0,0,44,1,1,High,207,47,0,0.1277
T4201011,SNT,Signal LED,LED failure,1,4,2.7,0,34,1,0,Medium,121,43,0,0.0294
T4201012,SNT,Point Machine,Point machine overdue,5,9,23.9,0,49,0,1,Medium,208,48,0,0.2411
T4201013,TRD,Sub-station,Sub-station overdue PM,5,15,8.1,3,77,1,0,Low,367,59,1,0.3416
T4201014,ENG,Fastening,Fastening renewal,2,1,23.4,0,78,0,0,Low,91,20,0,0.0275
T4201015,ENG,Rail,Rail crack,1,1,14.4,0,67,0,1,Low,80,64,0,0.0376
T4201016,SNT,Signal LED,LED failure,4,3,11.7,0,53,0,0,Low,102,56,0,0.0371
T4201017,TRD,Insulator,Insulator crack,3,12,3.0,0,48,0,0,Low,150,60,0,0.0258
T4201018,ENG,Rail,Rail crack,5,1,12.0,0,37,0,1,Medium,133,53,0,0.1716
T4201019,ENG,Ballast,Ballast deficiency,3,11,23.4,1,46,0,0,Medium,86,27,0,0.0635
T4201020,TRD,Insulator,Insulator crack,4,11,21.3,0,28,0,0,Low,176,33,0,0.076
T4201021,SNT,Axle Counter,Axle counter drift,4,13,13.6,0,94,1,1,High,321,85,0,0.5584
T4201022,TRD,Insulator,Insulator crack,1,3,5.1,0,106,1,0,Low,167,42,0,0.0652
T4201023,SNT,Axle Counter,Axle counter drift,1,4,6.3,0,12,0,1,Medium,171,71,0,0.0408
T4201024,SNT,Cable,Cable insulation fault,4,8,6.9,0,67,0,0,Medium,211,33,0,0.0695
T4201025,ENG,Fastening,Fastening renewal,1,52,19.7,0,67,1,0,Medium,238,55,0,0.2145
T4201026,TRD,Insulator,Insulator crack,2,3,21.8,0,65,0,0,Medium,304,46,0,0.0482
T4201027,ENG,Rail,Rail crack,4,8,13.2,2,45,1,1,Medium,202,49,0,0.2954
T4201028,SNT,Axle Counter,Axle counter drift,2,22,10.2,0,86,0,1,Low,180,48,0,0.1673
T4201029,ENG,Rail,Rail crack,1,6,21.3,0,70,1,1,Medium,91,84,0,0.107
T4201030,SNT,Signal LED,LED failure,1,5,6.1,0,86,0,0,High,247,94,0,0.0492
T4201031,SNT,Signal LED,LED failure,3,3,12.3,1,42,1,0,Low,104,60,0,0.0468
T4201032,SNT,Point Machine,Point machine overdue,4,7,14.8,0,25,0,1,Medium,101,47,0,0.1135
T4201033,TRD,Sub-station,Sub-station overdue PM,4,2,6.8,2,71,0,0,Low,197,28,0,0.0735
T4201034,ENG,Fastening,Fastening renewal,5,5,8.2,1,36,0,0,Medium,319,27,0,0.1538
T4201035,SNT,Signal LED,LED failure,4,4,7.7,0,86,0,0,Low,245,84,0,0.0631
T4201036,ENG,Bridge,Bearing wear,4,12,20.5,0,7,1,0,Medium,177,26,0,0.1395
T4201037,ENG,Fastening,Fastening renewal,2,6,23.5,1,48,0,0,Low,92,46,0,0.0359
T4201038,ENG,Fastening,Fastening renewal,2,3,12.7,1,45,0,0,Low,317,58,0,0.0359
T4201039,ENG,Rail,Rail crack,2,7,10.4,1,52,1,1,Low,175,20,0,0.1719
T4201040,ENG,Bridge,Bearing wear,1,5,8.4,2,67,0,0,Medium,154,30,0,0.0472
T4201041,SNT,Interlocking,Interlocking fault,5,3,12.0,1,70,1,1,High,230,28,1,0.4893
T4201042,SNT,Axle Counter,Axle counter drift,2,1,8.7,1,76,1,1,Low,140,42,0,0.1024
T4201043,SNT,Axle Counter,Axle counter drift,3,8,11.4,0,79,0,1,Low,112,60,0,0.1062
T4201044,ENG,Fastening,Fastening renewal,2,18,14.5,0,56,1,0,Medium,121,76,0,0.0869
T4201045,ENG,Fastening,Fastening renewal,1,1,9.6,0,113,1,0,Medium,121,42,0,0.0597
T4201046,ENG,Fastening,Fastening renewal,5,4,10.9,1,95,0,0,Low,79,46,0,0.0945
T4201047,TRD,Insulator,Insulator crack,2,7,10.9,0,52,1,0,Medium,68,53,0,0.0506
T4201048,TRD,Sub-station,Sub-station overdue PM,1,1,10.1,2,57,0,0,High,267,39,0,0.0426
T4201049,ENG,Bridge,Bearing wear,2,1,9.4,1,52,0,0,Low,240,63,0,0.0229
T4201050,SNT,Interlocking,Interlocking fault,1,0,16.6,0,69,1,1,Low,106,64,0,0.0485
T4201051,ENG,Bridge,Bearing wear,5,0,1.4,2,36,1,0,Low,260,20,0,0.1613
T4201052,ENG,Rail,Rail crack,1,1,21.4,0,40,1,1,High,208,68,0,0.0721
T4201053,ENG,Bridge,Bearing wear,2,3,12.8,0,6,0,0,Medium,151,58,0,0.0223
T4201054,ENG,Fastening,Fastening renewal,2,11,15.7,0,50,1,0,Medium,70,60,1,0.0664
T4201055,SNT,Point Machine,Point machine overdue,1,11,16.4,1,87,0,1,High,211,79,0,0.1345
T4201056,TRD,Insulator,Insulator crack,1,5,7.8,0,56,1,0,Low,348,20,0,0.0655
T4201057,ENG,Rail,Rail crack,3,13,6.5,0,58,0,1,Medium,181,30,0,0.1149
T4201058,SNT,Cable,Cable insulation fault,2,6,5.8,1,67,0,0,Medium,270,54,0,0.06
T4201059,SNT,Axle Counter,Axle counter drift,1,1,10.5,1,35,0,1,Medium,161,20,0,0.0301
T4201060,TRD,Feeder,Feeder overdue PM,2,4,16.2,0,61,0,0,Medium,263,51,1,0.0277
T4201061,SNT,Point Machine,Point machine overdue,2,6,8.5,0,82,0,1,Low,166,72,0,0.0668
T4201062,ENG,Bridge,Bearing wear,3,5,15.6,0,68,0,0,Low,5,63,0,0.0311
T4201063,SNT,Signal LED,LED failure,5,8,0.0,2,84,0,0,Low,115,57,0,0.1332
T4201064,ENG,Bridge,Bearing wear,2,2,9.7,0,92,0,0,High,192,50,0,0.0528
T4201065,TRD,Feeder,Feeder overdue PM,4,10,19.0,0,77,0,0,Low,277,46,0,0.1026
T4201066,ENG,Fastening,Fastening renewal,4,10,11.0,3,42,1,0,Medium,166,45,1,0.2381
T4201067,SNT,Axle Counter,Axle counter drift,1,2,7.0,0,51,1,1,Low,183,60,0,0.0653
T4201068,ENG,Bridge,Bearing wear,3,17,8.1,1,108,1,0,Low,127,24,0,0.1774
T4201069,ENG,Bridge,Bearing wear,3,4,0.0,2,68,1,0,Low,320,84,0,0.11
T4201070,TRD,OHE,OHE wear,3,14,5.9,1,65,1,1,Medium,315,40,0,0.2657
T4201071,SNT,Interlocking,Interlocking fault,1,6,18.3,1,39,0,1,Low,119,66,0,0.0382
T4201072,ENG,Rail,Rail crack,3,1,8.5,1,58,0,1,Low,44,57,0,0.0732
T4201073,TRD,Feeder,Feeder overdue PM,1,1,9.2,2,78,0,0,Low,17,32,0,0.0177
T4201074,TRD,Sub-station,Sub-station overdue PM,5,23,0.0,0,60,0,0,High,234,81,0,0.2083
T4201075,ENG,Fastening,Fastening renewal,3,5,2.2,0,47,1,0,Medium,192,77,0,0.0622
T4201076,SNT,Point Machine,Point machine overdue,1,11,19.1,1,53,1,1,Medium,110,24,0,0.1168
T4201077,SNT,Interlocking,Interlocking fault,3,6,15.7,0,90,1,1,High,204,54,0,0.3228
T4201078,SNT,Interlocking,Interlocking fault,5,3,4.2,3,77,1,1,Medium,69,59,0,0.3675
T4201079,ENG,Ballast,Ballast deficiency,4,18,8.2,2,73,1,0,Medium,252,20,0,0.2805
T4201080,ENG,Fastening,Fastening renewal,2,4,11.8,1,71,0,0,Medium,146,20,0,0.0248
T4201081,TRD,OHE,OHE wear,5,8,4.8,2,30,0,1,Low,83,38,0,0.1664
T4201082,TRD,OHE,OHE wear,1,1,0.0,0,67,1,1,Low,147,29,0,0.0619
T4201083,TRD,OHE,OHE wear,2,2,11.0,0,87,1,1,High,144,34,1,0.1537
T4201084,TRD,Sub-station,Sub-station overdue PM,1,27,15.4,0,53,0,0,Low,213,29,0,0.06
T4201085,SNT,Cable,Cable insulation fault,5,14,15.6,2,84,0,0,Low,285,53,0,0.1906
T4201086,TRD,Feeder,Feeder overdue PM,4,27,17.3,0,74,1,0,Medium,280,37,0,0.2872
T4201087,TRD,Sub-station,Sub-station overdue PM,3,22,2.7,1,81,1,0,Low,194,77,1,0.1336
T4201088,SNT,Interlocking,Interlocking fault,4,10,12.3,0,61,0,1,Medium,163,59,0,0.1919
T4201089,SNT,Signal LED,LED failure,2,13,10.4,0,82,1,0,Medium,129,71,1,0.1196
T4201090,ENG,Bridge,Bearing wear,1,19,11.5,0,23,0,0,Low,21,21,0,0.0194
T4201091,SNT,Signal LED,LED failure,5,3,10.7,2,61,1,0,Low,178,42,0,0.2342
T4201092,ENG,Bridge,Bearing wear,5,2,8.0,0,78,1,0,Low,103,58,0,0.1057
T4201093,ENG,Fastening,Fastening renewal,1,1,0.0,2,67,1,0,Medium,290,64,0,0.1097
T4201094,SNT,Signal LED,LED failure,1,7,19.0,2,87,1,0,High,162,42,0,0.1235
T4201095,ENG,Ballast,Ballast deficiency,3,2,14.0,0,56,1,0,Medium,247,45,1,0.0723
T4201096,ENG,Rail,Rail crack,1,6,3.1,0,46,0,1,Low,137,47,0,0.0293
T4201097,TRD,Feeder,Feeder overdue PM,4,4,14.8,0,19,1,0,Low,119,49,0,0.0664
T4201098,TRD,Sub-station,Sub-station overdue PM,5,9,9.3,2,53,0,0,Medium,234,98,0,0.1397
T4201099,ENG,Ballast,Ballast deficiency,2,1,9.5,0,73,0,0,Medium,205,61,0,0.0375
T4201100,ENG,Rail,Rail crack,2,9,7.4,0,79,1,1,Low,209,56,0,0.1651
T4201101,ENG,Rail,Rail crack,5,0,15.2,2,25,0,1,Low,172,30,0,0.1612
T4201102,TRD,Sub-station,Sub-station overdue PM,2,3,7.2,1,89,0,0,Low,251,30,0,0.0538
T4201103,TRD,Feeder,Feeder overdue PM,2,10,5.4,2,36,0,0,Low,238,51,0,0.0405
T4201104,ENG,Rail,Rail crack,1,2,18.8,1,57,0,1,Medium,5,78,1,0.0372
T4201105,TRD,OHE,OHE wear,5,15,10.9,2,46,0,1,High,157,51,0,0.2716
T4201106,ENG,Ballast,Ballast deficiency,5,23,11.1,1,70,1,0,Low,271,52,0,0.3175
T4201107,ENG,Bridge,Bearing wear,1,3,16.2,0,62,0,0,Medium,88,40,0,0.0182
T4201108,TRD,Sub-station,Sub-station overdue PM,5,9,8.0,1,77,1,0,Low,28,20,0,0.143
T4201109,ENG,Ballast,Ballast deficiency,1,1,9.2,1,106,0,0,Low,168,64,0,0.02
T4201110,ENG,Rail,Rail crack,1,19,13.8,0,70,0,1,Low,227,50,0,0.0602
T4201111,ENG,Bridge,Bearing wear,2,2,2.8,0,46,0,0,Low,139,64,0,0.0201
T4201112,SNT,Cable,Cable insulation fault,3,23,13.3,1,72,0,0,Low,296,58,0,0.0855
T4201113,TRD,Insulator,Insulator crack,5,5,7.5,1,109,1,0,Medium,346,36,1,0.3561
T4201114,TRD,Feeder,Feeder overdue PM,4,2,17.1,2,76,1,0,Medium,7,60,0,0.1205
T4201115,ENG,Bridge,Bearing wear,1,2,15.3,1,84,0,0,Medium,145,29,0,0.0281
T4201116,ENG,Ballast,Ballast deficiency,3,22,14.5,0,20,0,0,Medium,5,59,0,0.0394
T4201117,TRD,OHE,OHE wear,5,5,2.4,1,70,1,1,Low,239,54,0,0.3365
T4201118,ENG,Ballast,Ballast deficiency,4,14,11.4,0,53,0,0,Low,119,86,0,0.0634
T4201119,TRD,Feeder,Feeder overdue PM,2,7,4.9,1,43,0,0,Low,137,38,0,0.0204
T4201120,SNT,Point Machine,Point machine overdue,1,12,11.8,1,59,0,1,Low,283,28,0,0.0693
T4201121,ENG,Fastening,Fastening renewal,3,2,0.0,0,63,1,0,Low,60,47,0,0.0576
T4201122,TRD,Insulator,Insulator crack,3,6,2.8,0,44,0,0,High,38,67,0,0.0339
T4201123,ENG,Rail,Rail crack,2,7,19.1,0,65,1,1,High,5,20,0,0.1524
T4201124,ENG,Rail,Rail crack,1,5,14.2,0,56,0,1,Medium,294,73,0,0.0647
T4201125,SNT,Signal LED,LED failure,1,5,9.9,2,78,0,0,Medium,273,51,0,0.0608
T4201126,SNT,Cable,Cable insulation fault,3,21,6.5,0,66,1,0,Medium,154,32,0,0.0834
T4201127,SNT,Cable,Cable insulation fault,5,18,5.5,1,69,0,0,Medium,65,48,0,0.1568
T4201128,SNT,Interlocking,Interlocking fault,3,7,13.2,1,84,0,1,Medium,255,40,0,0.1764
T4201129,TRD,OHE,OHE wear,3,1,9.9,0,74,0,1,Low,428,30,0,0.1117
T4201130,TRD,Feeder,Feeder overdue PM,5,2,21.3,2,60,1,0,High,159,20,1,0.2382
T4201131,SNT,Point Machine,Point machine overdue,4,8,10.9,2,8,1,1,Medium,72,70,0,0.1952
T4201132,ENG,Fastening,Fastening renewal,4,1,12.4,0,73,0,0,Low,292,44,0,0.0684
T4201133,SNT,Point Machine,Point machine overdue,3,2,3.7,0,37,0,1,Medium,78,47,0,0.058
T4201134,TRD,OHE,OHE wear,4,5,9.8,1,58,0,1,Medium,147,72,0,0.1216
T4201135,ENG,Rail,Rail crack,3,5,13.1,0,69,0,1,High,5,56,0,0.1142
T4201136,SNT,Point Machine,Point machine overdue,4,5,9.8,0,93,0,1,Low,153,24,0,0.1238
T4201137,ENG,Bridge,Bearing wear,4,0,9.1,3,106,0,0,Low,65,68,0,0.0842
T4201138,ENG,Fastening,Fastening renewal,4,1,14.0,2,37,0,0,Low,293,85,0,0.0749
T4201139,SNT,Axle Counter,Axle counter drift,5,15,21.1,0,27,1,1,Low,92,65,1,0.2723
T4201140,ENG,Bridge,Bearing wear,2,4,12.9,1,68,1,0,Low,250,38,0,0.0811
T4201141,TRD,Sub-station,Sub-station overdue PM,4,30,18.9,0,66,1,0,Low,171,26,0,0.198
T4201142,TRD,OHE,OHE wear,1,1,15.7,1,30,1,1,Low,191,37,0,0.0701
T4201143,TRD,Insulator,Insulator crack,3,9,18.5,0,60,0,0,Low,227,57,0,0.0677
T4201144,ENG,Fastening,Fastening renewal,5,3,8.3,0,75,1,0,Medium,175,84,0,0.208
T4201145,ENG,Rail,Rail crack,4,4,10.8,0,29,0,1,Medium,122,40,0,0.099
T4201146,SNT,Point Machine,Point machine overdue,2,19,10.8,0,35,1,1,Low,107,42,1,0.1173
T4201147,TRD,Sub-station,Sub-station overdue PM,4,37,15.3,0,44,0,0,Low,226,75,1,0.2048
T4201148,SNT,Axle Counter,Axle counter drift,2,18,16.8,0,55,1,1,Medium,9,46,0,0.1528
T4201149,TRD,Insulator,Insulator crack,3,24,12.8,1,77,1,0,Low,331,89,0,0.2449
T4201150,ENG,Fastening,Fastening renewal,2,10,17.3,0,52,0,0,Medium,192,52,0,0.0402
T4201151,TRD,OHE,OHE wear,4,19,8.6,1,61,0,1,Low,150,78,1,0.1931
T4201152,ENG,Ballast,Ballast deficiency,1,1,17.3,0,116,1,0,Low,204,63,0,0.0338
T4201153,ENG,Fastening,Fastening renewal,3,6,18.1,0,36,0,0,High,127,69,0,0.0608
T4201154,SNT,Cable,Cable insulation fault,5,6,16.1,1,44,0,0,Low,164,51,0,0.0635
T4201155,ENG,Rail,Rail crack,4,2,12.8,0,77,0,1,Low,78,53,0,0.0837
T4201156,ENG,Fastening,Fastening renewal,3,3,16.3,1,85,0,0,Low,214,63,0,0.0479
T4201157,ENG,Ballast,Ballast deficiency,5,6,6.6,2,70,0,0,Medium,173,71,0,0.1236
T4201158,ENG,Bridge,Bearing wear,1,0,13.2,0,105,1,0,Medium,197,66,0,0.0622
T4201159,TRD,OHE,OHE wear,5,8,13.8,0,68,1,1,Medium,313,20,1,0.4858
T4201160,ENG,Bridge,Bearing wear,2,1,4.0,0,11,0,0,High,108,60,0,0.0256
T4201161,SNT,Point Machine,Point machine overdue,5,2,14.8,0,62,1,1,Low,168,42,0,0.3384
T4201162,TRD,Feeder,Feeder overdue PM,5,6,4.5,0,46,1,0,Low,31,44,0,0.0846
T4201163,ENG,Fastening,Fastening renewal,4,2,9.4,0,95,0,0,High,230,64,1,0.1101
T4201164,ENG,Fastening,Fastening renewal,4,34,12.2,1,84,1,0,Low,178,89,0,0.34
T4201165,TRD,Insulator,Insulator crack,4,6,7.6,0,20,0,0,Medium,182,50,0,0.0392
T4201166,TRD,Feeder,Feeder overdue PM,2,8,12.5,0,94,0,0,Medium,166,94,0,0.0417
T4201167,SNT,Cable,Cable insulation fault,1,0,12.4,0,83,1,0,Low,128,33,0,0.0336
T4201168,TRD,Feeder,Feeder overdue PM,2,22,7.1,0,52,1,0,High,405,80,0,0.1949
T4201169,ENG,Bridge,Bearing wear,3,5,15.4,0,58,1,0,Low,183,64,0,0.0499
T4201170,ENG,Bridge,Bearing wear,4,2,7.4,0,95,0,0,Medium,207,59,0,0.1052
T4201171,SNT,Point Machine,Point machine overdue,2,3,25.7,0,11,0,1,Low,77,83,0,0.0356
T4201172,ENG,Rail,Rail crack,3,14,11.3,1,71,0,1,Medium,260,42,0,0.2349
T4201173,TRD,Feeder,Feeder overdue PM,1,26,5.0,0,87,0,0,Medium,169,81,0,0.0392
T4201174,SNT,Axle Counter,Axle counter drift,1,6,6.1,0,58,0,1,Low,220,51,0,0.0394
T4201175,TRD,Insulator,Insulator crack,5,2,18.9,0,76,0,0,High,261,42,1,0.1375
T4201176,SNT,Interlocking,Interlocking fault,5,1,9.5,0,63,1,1,Low,171,28,0,0.2279
T4201177,ENG,Bridge,Bearing wear,5,0,3.8,1,40,0,0,Low,119,87,0,0.0515
T4201178,ENG,Rail,Rail crack,2,4,17.1,0,40,0,1,Low,5,78,0,0.0412
T4201179,ENG,Fastening,Fastening renewal,3,24,9.5,1,78,0,0,Medium,145,45,0,0.1112
T4201180,TRD,Insulator,Insulator crack,4,10,15.9,0,44,1,0,Low,119,66,0,0.0801
T4201181,ENG,Rail,Rail crack,2,2,17.6,1,22,0,1,Medium,77,58,0,0.0806
T4201182,ENG,Fastening,Fastening renewal,4,7,13.6,1,63,0,0,Medium,311,48,0,0.1171
T4201183,ENG,Ballast,Ballast deficiency,4,4,26.4,1,47,0,0,Medium,268,74,0,0.0869
T4201184,ENG,Fastening,Fastening renewal,3,5,1.7,3,30,0,0,High,15,42,0,0.0359
T4201185,TRD,Feeder,Feeder overdue PM,3,9,7.1,1,62,0,0,High,194,20,0,0.0866
T4201186,ENG,Rail,Rail crack,2,2,10.5,0,79,1,1,Low,106,60,0,0.1167
T4201187,TRD,OHE,OHE wear,5,12,25.6,0,61,0,1,Medium,213,56,0,0.226
T4201188,ENG,Ballast,Ballast deficiency,5,29,22.8,1,33,0,0,Low,108,43,0,0.1522
T4201189,SNT,Signal LED,LED failure,5,0,19.7,3,72,0,0,Low,131,37,0,0.1278
T4201190,ENG,Rail,Rail crack,4,10,7.2,3,86,0,1,Low,267,24,0,0.2261
T4201191,ENG,Fastening,Fastening renewal,2,8,7.9,0,115,1,0,Low,254,48,1,0.1204
T4201192,TRD,Insulator,Insulator crack,4,1,7.0,0,96,1,0,Medium,316,37,1,0.1825
T4201193,TRD,Sub-station,Sub-station overdue PM,2,7,7.3,2,35,0,0,Low,160,74,0,0.0254
T4201194,TRD,OHE,OHE wear,5,3,21.0,2,81,1,1,Medium,49,65,1,0.448
T4201195,ENG,Rail,Rail crack,2,14,10.5,2,66,0,1,High,263,45,0,0.2545
T4201196,ENG,Fastening,Fastening renewal,3,12,11.3,0,31,0,0,Low,263,65,0,0.035
T4201197,SNT,Signal LED,LED failure,1,30,16.6,0,67,0,0,Low,237,53,0,0.0579
T4201198,ENG,Rail,Rail crack,1,7,2.0,0,108,1,1,Low,113,50,1,0.1057
T4201199,SNT,Signal LED,LED failure,2,0,12.3,2,90,1,0,Low,84,54,0,0.0719
T4201200,SNT,Axle Counter,Axle counter drift,3,0,5.4,0,35,0,1,High,228,90,0,0.0858
T4201201,SNT,Point Machine,Point machine overdue,1,1,10.2,0,60,1,1,Low,100,68,0,0.0584
T4201202,TRD,Sub-station,Sub-station overdue PM,5,4,8.5,2,72,0,0,Low,152,49,0,0.1285
T4201203,SNT,Cable,Cable insulation fault,1,15,8.2,0,17,0,0,Low,442,73,0,0.0358
T4201204,ENG,Bridge,Bearing wear,5,4,13.4,1,18,0,0,Low,372,72,0,0.0657
T4201205,ENG,Fastening,Fastening renewal,2,0,13.3,2,64,0,0,Medium,251,60,0,0.0369
T4201206,SNT,Signal LED,LED failure,2,16,10.7,0,64,0,0,High,120,48,0,0.0374
T4201207,SNT,Point Machine,Point machine overdue,1,17,14.2,0,14,1,1,Medium,115,47,0,0.0667
T4201208,ENG,Ballast,Ballast deficiency,5,1,6.8,0,70,0,0,Low,244,33,0,0.0675
T4201209,ENG,Bridge,Bearing wear,4,6,16.1,0,87,0,0,Medium,315,59,0,0.1146
T4201210,TRD,Feeder,Feeder overdue PM,1,4,10.8,0,55,0,0,High,134,43,0,0.026
T4201211,TRD,Sub-station,Sub-station overdue PM,1,8,9.1,0,61,0,0,Low,139,46,0,0.019
T4201212,SNT,Cable,Cable insulation fault,4,22,7.2,1,74,0,0,Medium,188,67,0,0.1433
T4201213,ENG,Fastening,Fastening renewal,5,3,10.6,1,71,0,0,Medium,55,89,0,0.1095
T4201214,ENG,Fastening,Fastening renewal,1,20,23.2,0,18,0,0,Medium,58,62,0,0.0162
T4201215,SNT,Signal LED,LED failure,2,7,11.6,0,37,0,0,Low,74,53,0,0.0197
T4201216,ENG,Bridge,Bearing wear,3,7,5.1,0,50,0,0,Medium,229,55,0,0.0529
T4201217,SNT,Interlocking,Interlocking fault,1,7,17.5,0,38,1,1,Medium,204,78,0,0.0801
T4201218,SNT,Interlocking,Interlocking fault,2,7,9.2,2,97,1,1,Medium,282,63,0,0.3492
T4201219,ENG,Fastening,Fastening renewal,1,2,13.7,0,76,0,0,Low,24,59,0,0.0158
T4201220,ENG,Rail,Rail crack,3,4,8.4,0,32,1,1,Low,43,60,0,0.0829
T4201221,ENG,Fastening,Fastening renewal,4,16,19.7,1,55,1,0,Medium,221,26,0,0.1486
T4201222,TRD,Sub-station,Sub-station overdue PM,3,3,8.5,0,88,1,0,Medium,102,63,0,0.1088
T4201223,SNT,Signal LED,LED failure,2,24,20.4,2,44,1,0,High,108,37,0,0.1805
T4201224,ENG,Rail,Rail crack,3,4,5.7,0,81,0,1,Low,271,63,0,0.1195
T4201225,TRD,Feeder,Feeder overdue PM,3,7,10.2,0,95,1,0,Low,130,40,0,0.0464
T4201226,SNT,Point Machine,Point machine overdue,1,11,20.4,0,90,0,1,Medium,141,67,0,0.0774
T4201227,SNT,Axle Counter,Axle counter drift,1,23,13.0,1,65,0,1,Medium,157,52,0,0.0856
T4201228,TRD,Insulator,Insulator crack,1,1,25.6,0,91,1,0,Medium,163,32,0,0.0842
T4201229,ENG,Ballast,Ballast deficiency,5,15,10.4,1,47,1,0,Medium,242,49,0,0.2167
T4201230,ENG,Bridge,Bearing wear,4,9,13.5,1,122,0,0,Low,71,99,0,0.1331
T4201231,SNT,Signal LED,LED failure,1,5,23.4,0,66,1,0,Low,163,20,0,0.0548
T4201232,ENG,Bridge,Bearing wear,2,5,2.9,0,89,1,0,Low,285,58,0,0.0832
T4201233,SNT,Interlocking,Interlocking fault,3,1,2.2,1,51,1,1,Low,372,35,0,0.2503
T4201234,ENG,Ballast,Ballast deficiency,1,2,7.2,0,72,1,0,Medium,58,83,1,0.0289
T4201235,ENG,Bridge,Bearing wear,5,2,16.9,2,74,1,0,Low,210,71,0,0.1988
T4201236,ENG,Bridge,Bearing wear,5,3,2.3,1,37,0,0,High,163,59,0,0.1144
T4201237,ENG,Ballast,Ballast deficiency,2,9,15.6,1,36,1,0,Low,171,73,0,0.0505
T4201238,ENG,Bridge,Bearing wear,1,10,15.2,0,55,0,0,Medium,109,60,0,0.0186
T4201239,ENG,Bridge,Bearing wear,2,12,24.1,0,88,1,0,Medium,248,55,0,0.1316
T4201240,TRD,Sub-station,Sub-station overdue PM,3,15,18.3,0,14,1,0,Low,243,43,0,0.0691
T4201241,ENG,Rail,Rail crack,5,5,14.2,0,51,1,1,Medium,407,48,1,0.5359
T4201242,ENG,Bridge,Bearing wear,2,27,20.2,0,93,0,0,High,61,46,0,0.1106
T4201243,ENG,Fastening,Fastening renewal,2,0,15.2,0,29,0,0,High,23,55,0,0.0183
T4201244,ENG,Fastening,Fastening renewal,2,10,9.2,1,91,0,0,Low,365,20,0,0.064
T4201245,ENG,Bridge,Bearing wear,1,8,5.1,0,32,0,0,Medium,175,76,0,0.021
T4201246,SNT,Cable,Cable insulation fault,1,1,8.6,1,37,1,0,Low,139,94,0,0.0384
T4201247,ENG,Fastening,Fastening renewal,3,18,11.8,0,56,1,0,Low,197,46,1,0.1138
T4201248,TRD,Feeder,Feeder overdue PM,4,15,13.1,0,107,1,0,Low,54,78,0,0.1259
T4201249,TRD,OHE,OHE wear,1,22,0.0,0,44,0,1,High,214,52,0,0.0701
T4201250,ENG,Bridge,Bearing wear,2,1,10.7,0,17,1,0,Medium,173,43,0,0.0369
T4201251,ENG,Bridge,Bearing wear,5,2,12.2,1,25,1,0,Low,277,47,0,0.151
T4201252,ENG,Ballast,Ballast deficiency,5,5,15.3,1,83,1,0,High,257,57,0,0.316
T4201253,SNT,Cable,Cable insulation fault,4,1,21.8,0,26,0,0,Medium,265,41,1,0.0754
T4201254,ENG,Fastening,Fastening renewal,3,5,13.1,1,90,1,0,Low,197,67,0,0.1355
T4201255,TRD,Sub-station,Sub-station overdue PM,3,10,6.5,1,62,0,0,Medium,324,45,0,0.0975
T4201256,TRD,Sub-station,Sub-station overdue PM,2,3,1.1,0,59,0,0,Medium,232,34,0,0.0365
T4201257,TRD,OHE,OHE wear,2,10,16.1,0,67,1,1,Low,132,55,0,0.0991
T4201258,SNT,Interlocking,Interlocking fault,2,2,6.8,1,40,1,1,Low,107,41,1,0.0776
T4201259,TRD,Sub-station,Sub-station overdue PM,4,3,17.2,0,63,0,0,Low,117,48,0,0.0383
T4201260,ENG,Ballast,Ballast deficiency,4,25,20.4,0,30,1,0,Low,233,54,1,0.1801
T4201261,ENG,Ballast,Ballast deficiency,4,0,2.7,1,94,1,0,Medium,60,28,0,0.1006
T4201262,ENG,Rail,Rail crack,4,11,15.3,1,34,1,1,Low,194,84,0,0.2475
T4201263,TRD,Sub-station,Sub-station overdue PM,1,6,19.8,0,71,0,0,Low,105,71,0,0.02
T4201264,SNT,Point Machine,Point machine overdue,4,5,18.1,0,34,0,1,High,67,42,1,0.133
T4201265,TRD,Sub-station,Sub-station overdue PM,5,2,0.0,0,47,1,0,High,82,55,0,0.0989
T4201266,ENG,Bridge,Bearing wear,4,8,6.9,0,51,1,0,Medium,178,68,0,0.131
T4201267,TRD,Sub-station,Sub-station overdue PM,3,3,4.3,1,135,0,0,Medium,249,59,0,0.0944
T4201268,SNT,Point Machine,Point machine overdue,2,3,15.1,0,60,0,1,High,119,93,0,0.0672
T4201269,SNT,Point Machine,Point machine overdue,4,3,14.5,0,39,0,1,Medium,5,50,0,0.0756
T4201270,TRD,Insulator,Insulator crack,3,3,0.0,0,49,0,0,Low,464,79,0,0.072
T4201271,ENG,Rail,Rail crack,2,0,10.2,1,22,1,1,Low,281,28,0,0.0908
T4201272,ENG,Fastening,Fastening renewal,3,33,16.8,1,56,0,0,Low,264,31,0,0.0932
T4201273,SNT,Signal LED,LED failure,1,3,12.9,0,106,0,0,Low,327,89,1,0.0336
T4201274,ENG,Rail,Rail crack,5,6,12.9,1,68,0,1,Low,188,46,1,0.1915
T4201275,ENG,Bridge,Bearing wear,4,7,9.8,1,83,1,0,Low,168,32,1,0.2087
T4201276,ENG,Rail,Rail crack,2,1,5.6,0,37,0,1,Low,302,54,0,0.0587
T4201277,ENG,Rail,Rail crack,4,26,11.9,1,55,0,1,Medium,301,80,0,0.3012
T4201278,TRD,Insulator,Insulator crack,1,4,12.3,2,65,1,0,Low,235,40,0,0.066
T4201279,SNT,Signal LED,LED failure,2,2,15.7,0,42,1,0,Low,259,54,1,0.0728
T4201280,ENG,Bridge,Bearing wear,4,2,16.2,1,70,0,0,Medium,69,20,0,0.0643
T4201281,ENG,Rail,Rail crack,1,4,12.5,1,75,0,1,Low,157,46,0,0.0541
T4201282,ENG,Rail,Rail crack,4,5,18.6,0,74,1,1,Low,333,75,0,0.2971
T4201283,SNT,Interlocking,Interlocking fault,5,3,9.8,1,56,0,1,Low,252,39,0,0.216
T4201284,TRD,OHE,OHE wear,3,1,3.3,1,87,1,1,Medium,48,30,0,0.1585
T4201285,TRD,Sub-station,Sub-station overdue PM,2,0,14.9,0,54,1,0,High,132,39,1,0.0777
T4201286,ENG,Ballast,Ballast deficiency,4,12,12.8,0,51,0,0,Low,319,43,0,0.1049
T4201287,ENG,Rail,Rail crack,2,13,15.0,0,96,1,1,Medium,221,70,0,0.28
T4201288,SNT,Signal LED,LED failure,4,1,4.4,0,32,1,0,High,196,63,0,0.1022
T4201289,SNT,Signal LED,LED failure,4,8,22.7,0,17,0,0,High,199,66,0,0.0572
T4201290,SNT,Axle Counter,Axle counter drift,1,11,16.3,0,38,0,1,Medium,172,56,0,0.0536
T4201291,SNT,Cable,Cable insulation fault,1,16,10.3,0,70,1,0,Medium,133,43,0,0.0568
T4201292,SNT,Point Machine,Point machine overdue,1,18,6.4,0,92,1,1,Low,105,39,0,0.107
T4201293,ENG,Fastening,Fastening renewal,1,5,18.5,1,43,0,0,Low,271,64,0,0.027
T4201294,ENG,Rail,Rail crack,2,5,5.4,1,105,0,1,Low,201,87,0,0.1163
T4201295,ENG,Rail,Rail crack,1,11,25.6,0,61,1,1,Low,244,36,0,0.1182
T4201296,ENG,Fastening,Fastening renewal,5,7,8.3,2,57,0,0,High,229,35,0,0.1446
T4201297,ENG,Ballast,Ballast deficiency,5,2,22.3,0,39,0,0,Low,307,32,0,0.0705
T4201298,SNT,Cable,Cable insulation fault,1,0,10.9,0,109,0,0,Medium,221,72,0,0.0527
T4201299,ENG,Ballast,Ballast deficiency,2,19,21.5,1,56,1,0,High,254,54,0,0.2098
T4201300,ENG,Rail,Rail crack,4,3,7.6,1,27,1,1,Low,195,66,0,0.1482
T4201301,SNT,Cable,Cable insulation fault,4,3,12.1,0,121,0,0,Low,95,45,0,0.0921
T4201302,TRD,Feeder,Feeder overdue PM,3,19,16.8,0,70,0,0,Low,160,67,0,0.0616
T4201303,ENG,Fastening,Fastening renewal,5,5,16.0,1,80,1,0,Low,233,49,1,0.3207
T4201304,TRD,Sub-station,Sub-station overdue PM,4,1,18.6,1,102,1,0,Low,241,24,0,0.1976
T4201305,TRD,OHE,OHE wear,4,14,9.1,0,75,0,1,Low,311,73,0,0.228
T4201306,SNT,Point Machine,Point machine overdue,3,1,12.5,0,84,0,1,Medium,139,54,0,0.1231
T4201307,SNT,Interlocking,Interlocking fault,3,30,19.5,2,61,1,1,Low,200,49,1,0.4961
T4201308,ENG,Bridge,Bearing wear,2,6,7.8,0,78,0,0,Medium,168,61,0,0.0361
T4201309,TRD,Sub-station,Sub-station overdue PM,3,11,15.4,1,59,0,0,Low,326,26,0,0.1089
T4201310,ENG,Fastening,Fastening renewal,5,9,10.7,1,59,1,0,Low,214,64,0,0.1721
T4201311,TRD,Insulator,Insulator crack,2,6,13.2,0,63,1,0,Low,216,43,0,0.0582
T4201312,SNT,Axle Counter,Axle counter drift,1,5,12.5,1,50,0,1,Medium,177,52,0,0.0623
T4201313,ENG,Fastening,Fastening renewal,3,7,7.3,0,73,1,0,Medium,160,78,0,0.1194
T4201314,ENG,Rail,Rail crack,4,2,10.4,0,73,1,1,Low,50,68,0,0.1471
T4201315,SNT,Interlocking,Interlocking fault,5,9,12.9,0,80,1,1,Medium,66,51,0,0.4073
T4201316,SNT,Cable,Cable insulation fault,3,2,11.4,1,76,1,0,Low,196,53,0,0.127
T4201317,ENG,Bridge,Bearing wear,4,2,21.4,0,110,1,0,Medium,185,20,0,0.195
T4201318,SNT,Axle Counter,Axle counter drift,2,9,18.1,0,86,0,1,High,197,39,0,0.1226
T4201319,TRD,OHE,OHE wear,3,16,13.7,0,55,0,1,Low,265,58,1,0.1611
T4201320,SNT,Signal LED,LED failure,3,14,7.4,0,71,0,0,Low,188,40,0,0.0348
T4201321,SNT,Point Machine,Point machine overdue,2,1,7.1,0,95,0,1,Low,149,28,1,0.0747
T4201322,ENG,Fastening,Fastening renewal,4,3,23.8,0,36,1,0,Medium,161,65,0,0.0912
T4201323,TRD,Insulator,Insulator crack,5,27,5.9,0,110,0,0,Low,202,81,1,0.2469
T4201324,ENG,Ballast,Ballast deficiency,2,11,12.7,1,41,1,0,Medium,146,41,0,0.059
T4201325,TRD,Sub-station,Sub-station overdue PM,1,16,14.2,0,83,1,0,High,276,73,0,0.116
T4201326,ENG,Rail,Rail crack,5,6,10.1,1,60,0,1,Low,179,69,0,0.1989
T4201327,SNT,Interlocking,Interlocking fault,5,20,6.0,0,59,1,1,Medium,203,35,0,0.4498
T4201328,ENG,Ballast,Ballast deficiency,5,1,7.3,2,27,1,0,Low,107,40,1,0.0986
T4201329,ENG,Bridge,Bearing wear,2,4,8.7,0,83,1,0,High,276,91,0,0.1132
T4201330,TRD,OHE,OHE wear,4,15,7.7,1,28,1,1,Medium,310,33,0,0.3994
T4201331,SNT,Axle Counter,Axle counter drift,4,3,20.0,1,24,0,1,Low,57,43,0,0.0975
T4201332,SNT,Point Machine,Point machine overdue,4,5,11.9,0,89,0,1,Low,216,94,0,0.1452
T4201333,TRD,Insulator,Insulator crack,5,3,8.9,1,105,0,0,Medium,170,44,1,0.1309
T4201334,TRD,Insulator,Insulator crack,5,2,12.6,0,43,0,0,Medium,206,82,0,0.0598
T4201335,TRD,Sub-station,Sub-station overdue PM,3,15,16.0,2,85,0,0,Low,221,35,0,0.1171
T4201336,ENG,Ballast,Ballast deficiency,1,5,9.9,0,80,1,0,High,5,58,0,0.0567
T4201337,SNT,Cable,Cable insulation fault,1,7,17.4,0,58,1,0,Medium,248,77,0,0.0661
T4201338,TRD,Feeder,Feeder overdue PM,5,9,4.4,1,93,0,0,High,280,46,0,0.1948
T4201339,ENG,Ballast,Ballast deficiency,5,3,19.0,0,56,0,0,Low,290,57,0,0.1333
T4201340,ENG,Bridge,Bearing wear,1,3,11.9,1,73,0,0,Low,95,70,0,0.0134
T4201341,TRD,OHE,OHE wear,2,14,11.7,2,29,0,1,Low,177,37,1,0.1058
T4201342,SNT,Axle Counter,Axle counter drift,2,9,7.8,0,30,0,1,Low,131,100,0,0.0462
T4201343,SNT,Signal LED,LED failure,2,7,4.6,0,89,0,0,Low,8,76,0,0.0255
T4201344,TRD,Insulator,Insulator crack,4,0,2.0,1,74,1,0,Low,124,48,0,0.0813
T4201345,SNT,Interlocking,Interlocking fault,3,8,7.4,1,56,1,1,Medium,82,50,0,0.179
T4201346,ENG,Fastening,Fastening renewal,3,3,15.5,0,108,0,0,Low,210,93,0,0.0665
T4201347,ENG,Ballast,Ballast deficiency,3,17,6.2,1,107,1,0,Low,33,48,0,0.1246
T4201348,ENG,Rail,Rail crack,4,2,2.7,1,71,1,1,Medium,92,46,0,0.1653
T4201349,ENG,Bridge,Bearing wear,4,15,6.5,0,24,0,0,Medium,133,78,0,0.079
T4201350,TRD,Feeder,Feeder overdue PM,1,12,9.7,0,57,0,0,Medium,249,27,0,0.0402
T4201351,TRD,OHE,OHE wear,1,15,9.9,0,39,0,1,Medium,430,53,0,0.1076
T4201352,ENG,Rail,Rail crack,2,22,11.2,1,62,0,1,Low,207,57,0,0.1306
T4201353,ENG,Rail,Rail crack,3,6,18.2,0,37,0,1,Medium,87,41,0,0.1071
T4201354,TRD,Sub-station,Sub-station overdue PM,5,14,19.5,0,30,1,0,Medium,119,24,1,0.1408
T4201355,ENG,Rail,Rail crack,5,17,24.0,2,5,0,1,Low,239,56,0,0.2092
T4201356,SNT,Point Machine,Point machine overdue,4,13,2.3,1,64,0,1,Low,59,69,0,0.1433
T4201357,SNT,Interlocking,Interlocking fault,1,3,6.9,0,5,0,1,High,279,41,0,0.0531
T4201358,SNT,Point Machine,Point machine overdue,1,4,16.2,0,52,0,1,Low,205,31,0,0.0356
T4201359,ENG,Fastening,Fastening renewal,3,21,9.3,0,77,0,0,Low,169,80,0,0.085
T4201360,SNT,Point Machine,Point machine overdue,3,8,17.2,1,42,0,1,Low,28,66,1,0.0754
T4201361,ENG,Fastening,Fastening renewal,4,17,13.2,0,33,0,0,High,263,48,0,0.0979
T4201362,SNT,Cable,Cable insulation fault,1,2,21.5,1,58,0,0,Medium,111,73,0,0.0296
T4201363,ENG,Rail,Rail crack,5,5,18.3,1,39,1,1,High,194,60,0,0.4219
T4201364,SNT,Signal LED,LED failure,3,8,18.4,1,65,0,0,Medium,166,91,0,0.0706
T4201365,SNT,Point Machine,Point machine overdue,3,14,9.5,2,34,1,1,Medium,37,68,1,0.2155
T4201366,ENG,Ballast,Ballast deficiency,1,6,11.4,0,57,1,0,Low,159,27,0,0.0418
T4201367,ENG,Bridge,Bearing wear,5,7,10.2,1,51,0,0,Low,71,42,0,0.0814
T4201368,ENG,Fastening,Fastening renewal,3,7,3.0,0,60,0,0,Medium,121,43,0,0.0416
T4201369,ENG,Fastening,Fastening renewal,2,5,20.8,0,101,1,0,High,219,61,0,0.1375
T4201370,ENG,Ballast,Ballast deficiency,2,7,16.5,1,65,0,0,High,243,49,0,0.0786
T4201371,TRD,Sub-station,Sub-station overdue PM,2,3,9.9,0,73,1,0,High,178,32,0,0.111
T4201372,ENG,Rail,Rail crack,1,8,19.8,1,44,1,1,Medium,100,67,0,0.1243
T4201373,TRD,Sub-station,Sub-station overdue PM,5,10,8.2,0,66,0,0,Low,122,75,0,0.0707
T4201374,TRD,Sub-station,Sub-station overdue PM,5,10,1.0,1,53,0,0,Medium,120,53,0,0.0961
T4201375,ENG,Ballast,Ballast deficiency,5,1,18.0,0,61,1,0,Low,5,59,0,0.1244
T4201376,SNT,Axle Counter,Axle counter drift,2,0,4.3,0,76,1,1,Low,187,36,1,0.1216
T4201377,TRD,Insulator,Insulator crack,3,11,10.8,1,47,0,0,Low,30,45,0,0.0361
T4201378,SNT,Point Machine,Point machine overdue,3,5,13.2,0,50,1,1,Low,187,45,0,0.1788
T4201379,ENG,Bridge,Bearing wear,3,3,14.3,0,48,0,0,Low,49,66,0,0.0218
T4201380,ENG,Rail,Rail crack,3,30,17.1,0,47,1,1,Low,71,60,1,0.2333
T4201381,ENG,Ballast,Ballast deficiency,3,1,15.5,0,64,1,0,Medium,240,48,1,0.147
T4201382,SNT,Point Machine,Point machine overdue,4,5,15.3,0,51,0,1,Medium,182,48,0,0.1543
T4201383,TRD,OHE,OHE wear,1,2,7.3,1,97,0,1,Medium,10,20,0,0.0762
T4201384,TRD,Sub-station,Sub-station overdue PM,1,13,13.8,3,127,0,0,Medium,130,87,0,0.0965
T4201385,ENG,Bridge,Bearing wear,5,17,3.0,0,46,1,0,Low,204,20,0,0.148
T4201386,SNT,Point Machine,Point machine overdue,5,3,21.4,1,67,0,1,Low,124,63,0,0.2211
T4201387,ENG,Fastening,Fastening renewal,5,4,3.6,0,86,0,0,Medium,149,56,0,0.0663
T4201388,TRD,Sub-station,Sub-station overdue PM,2,2,9.9,0,53,1,0,Low,202,50,0,0.0493
T4201389,ENG,Ballast,Ballast deficiency,3,6,4.1,0,35,0,0,Medium,184,55,0,0.0461
T4201390,TRD,Sub-station,Sub-station overdue PM,1,6,7.6,0,103,0,0,Medium,91,42,0,0.0332
T4201391,TRD,Feeder,Feeder overdue PM,2,3,12.1,1,77,1,0,Low,182,68,0,0.0471
T4201392,ENG,Ballast,Ballast deficiency,4,13,8.8,0,68,0,0,High,154,29,0,0.0799
T4201393,ENG,Ballast,Ballast deficiency,2,8,18.9,0,96,1,0,Low,335,62,0,0.1204
T4201394,TRD,OHE,OHE wear,3,8,13.4,1,79,0,1,Medium,171,41,0,0.1736
T4201395,ENG,Ballast,Ballast deficiency,1,3,9.2,0,59,0,0,High,192,46,0,0.0334
T4201396,SNT,Signal LED,LED failure,3,17,11.2,2,36,0,0,Medium,203,47,0,0.0888
T4201397,TRD,Feeder,Feeder overdue PM,4,29,19.3,1,48,0,0,Medium,151,52,0,0.1702
T4201398,SNT,Cable,Cable insulation fault,3,6,17.5,1,90,1,0,Medium,115,65,0,0.1491
T4201399,ENG,Fastening,Fastening renewal,3,9,5.2,1,77,0,0,Low,221,54,0,0.0618
T4201400,ENG,Ballast,Ballast deficiency,5,2,7.9,1,55,0,0,Medium,222,74,0,0.1165
T4201401,ENG,Fastening,Fastening renewal,2,13,14.8,0,104,1,0,Medium,367,76,0,0.1686
T4201402,TRD,Insulator,Insulator crack,2,7,14.1,1,56,0,0,Low,247,61,0,0.0484
T4201403,ENG,Ballast,Ballast deficiency,4,4,5.7,0,85,1,0,Low,248,69,0,0.1118
T4201404,ENG,Fastening,Fastening renewal,3,7,16.5,1,66,0,0,High,245,95,0,0.1141
T4201405,ENG,Ballast,Ballast deficiency,5,7,6.7,1,108,0,0,Low,118,27,0,0.1286
T4201406,TRD,Insulator,Insulator crack,1,1,19.8,0,79,0,0,High,67,77,0,0.0267
T4201407,ENG,Ballast,Ballast deficiency,1,21,15.2,1,61,0,0,Low,90,86,0,0.0385
T4201408,TRD,Sub-station,Sub-station overdue PM,2,7,5.2,1,56,1,0,Low,242,64,0,0.0982
T4201409,SNT,Interlocking,Interlocking fault,3,6,8.8,1,60,1,1,Medium,308,93,0,0.2395
T4201410,TRD,Insulator,Insulator crack,5,2,8.7,2,42,1,0,Medium,246,90,1,0.2535
T4201411,TRD,Sub-station,Sub-station overdue PM,3,7,13.0,0,26,0,0,Low,165,48,0,0.0371
T4201412,TRD,Insulator,Insulator crack,3,2,10.8,2,68,0,0,Low,331,50,0,0.0775
T4201413,TRD,OHE,OHE wear,1,4,5.1,1,47,0,1,Low,140,66,1,0.046
T4201414,ENG,Bridge,Bearing wear,3,8,3.6,1,47,0,0,Medium,77,43,0,0.0395
T4201415,TRD,Sub-station,Sub-station overdue PM,3,16,15.3,0,58,0,0,Low,203,109,1,0.0749
T4201416,SNT,Axle Counter,Axle counter drift,3,0,13.7,1,61,0,1,Medium,296,71,0,0.0858
T4201417,SNT,Interlocking,Interlocking fault,4,3,12.6,0,60,0,1,Low,104,56,0,0.1208
T4201418,TRD,OHE,OHE wear,3,2,13.6,1,103,1,1,Low,27,27,0,0.143
T4201419,TRD,Sub-station,Sub-station overdue PM,1,24,8.3,0,77,0,0,Low,183,60,0,0.0405
T4201420,SNT,Axle Counter,Axle counter drift,1,2,13.1,1,113,0,1,Low,249,31,0,0.0789
T4201421,SNT,Point Machine,Point machine overdue,1,3,27.2,1,49,0,1,Medium,5,70,0,0.0627
T4201422,SNT,Axle Counter,Axle counter drift,4,6,19.0,0,80,1,1,High,268,20,0,0.4031
T4201423,ENG,Rail,Rail crack,5,2,10.3,0,50,1,1,Low,57,83,0,0.1598
T4201424,ENG,Ballast,Ballast deficiency,5,5,8.9,0,46,0,0,Low,245,47,0,0.0922
T4201425,ENG,Bridge,Bearing wear,2,35,0.0,1,114,1,0,High,5,21,1,0.2435
T4201426,ENG,Ballast,Ballast deficiency,1,1,18.4,0,41,1,0,Low,47,55,0,0.021
T4201427,ENG,Fastening,Fastening renewal,4,0,16.7,0,5,0,0,Low,236,55,0,0.0277
T4201428,TRD,Sub-station,Sub-station overdue PM,1,1,8.7,0,42,0,0,Medium,289,54,0,0.0187
T4201429,ENG,Bridge,Bearing wear,4,7,3.4,0,10,1,0,Low,179,83,0,0.0818
T4201430,TRD,OHE,OHE wear,2,17,5.1,1,36,0,1,Low,396,63,0,0.1383
T4201431,SNT,Interlocking,Interlocking fault,5,5,14.7,2,39,0,1,High,88,71,0,0.2441
T4201432,ENG,Fastening,Fastening renewal,4,6,11.5,1,61,0,0,Medium,87,50,0,0.0765
T4201433,ENG,Ballast,Ballast deficiency,4,3,16.1,0,9,0,0,Medium,153,64,0,0.0265
T4201434,ENG,Ballast,Ballast deficiency,3,5,12.5,0,90,1,0,Low,149,29,0,0.0842
T4201435,TRD,Feeder,Feeder overdue PM,5,16,17.8,2,13,1,0,Low,206,60,0,0.1939
T4201436,ENG,Rail,Rail crack,3,7,14.2,1,57,1,1,High,113,40,0,0.2922
T4201437,SNT,Axle Counter,Axle counter drift,4,24,17.0,1,52,1,1,High,231,81,1,0.4347
T4201438,TRD,Sub-station,Sub-station overdue PM,2,11,0.0,1,81,1,0,Medium,229,57,0,0.1403
T4201439,TRD,OHE,OHE wear,3,11,4.6,0,69,0,1,Low,325,68,0,0.1876
T4201440,ENG,Ballast,Ballast deficiency,5,10,9.8,1,90,1,0,Medium,136,60,0,0.1908
T4201441,ENG,Ballast,Ballast deficiency,2,11,18.5,1,51,0,0,Low,210,91,0,0.0442
T4201442,ENG,Rail,Rail crack,1,14,23.3,0,48,0,1,Medium,235,24,1,0.0927
T4201443,ENG,Bridge,Bearing wear,2,3,11.0,0,70,1,0,Medium,179,53,1,0.0823
T4201444,ENG,Bridge,Bearing wear,2,4,8.3,1,86,1,0,Low,161,36,0,0.0472
T4201445,SNT,Signal LED,LED failure,3,11,0.3,1,81,0,0,Low,5,20,0,0.0423
T4201446,TRD,Insulator,Insulator crack,1,20,17.2,0,68,0,0,Medium,188,34,0,0.0444
T4201447,SNT,Point Machine,Point machine overdue,1,4,8.7,0,66,0,1,High,234,78,1,0.0737
T4201448,SNT,Point Machine,Point machine overdue,2,3,29.8,1,59,1,1,Low,175,54,0,0.2233
T4201449,ENG,Rail,Rail crack,3,1,7.6,1,70,0,1,Low,110,51,0,0.0766
T4201450,TRD,Insulator,Insulator crack,1,1,24.6,0,111,0,0,Medium,29,70,0,0.0317
T4201451,SNT,Signal LED,LED failure,2,7,16.5,1,54,0,0,Low,221,57,0,0.0392
T4201452,TRD,Feeder,Feeder overdue PM,2,2,5.8,1,51,1,0,Low,183,67,0,0.0549
T4201453,TRD,Insulator,Insulator crack,1,19,13.4,1,49,1,0,Low,305,61,0,0.099
T4201454,ENG,Ballast,Ballast deficiency,2,1,16.6,1,70,1,0,Low,50,66,0,0.0599
T4201455,ENG,Ballast,Ballast deficiency,2,5,10.6,0,7,1,0,Low,138,46,0,0.0251
T4201456,ENG,Rail,Rail crack,1,11,17.0,1,57,0,1,High,61,76,0,0.0823
T4201457,ENG,Bridge,Bearing wear,4,3,16.9,0,82,0,0,Medium,272,31,0,0.105
T4201458,TRD,Insulator,Insulator crack,1,4,15.6,0,47,0,0,Medium,292,53,0,0.0211
T4201459,ENG,Ballast,Ballast deficiency,3,32,11.9,0,65,0,0,Low,353,77,0,0.1092
T4201460,TRD,OHE,OHE wear,4,1,5.0,1,113,1,1,Medium,227,52,0,0.4248
T4201461,SNT,Signal LED,LED failure,5,7,11.5,0,68,0,0,Low,251,46,0,0.0897
T4201462,ENG,Ballast,Ballast deficiency,3,3,13.1,1,5,1,0,Medium,219,101,0,0.1244
T4201463,ENG,Fastening,Fastening renewal,3,1,0.7,1,25,0,0,Low,232,83,0,0.0374
T4201464,SNT,Interlocking,Interlocking fault,4,22,13.0,0,54,0,1,Medium,184,58,0,0.2297
T4201465,SNT,Signal LED,LED failure,5,8,11.4,0,40,1,0,Low,236,36,0,0.1872
T4201466,ENG,Bridge,Bearing wear,2,2,4.2,0,63,1,0,Medium,373,20,0,0.1062
T4201467,ENG,Rail,Rail crack,4,5,10.0,0,53,0,1,Medium,200,69,0,0.1411
T4201468,SNT,Cable,Cable insulation fault,3,11,10.1,0,89,1,0,Low,182,80,0,0.0837
T4201469,ENG,Fastening,Fastening renewal,1,4,23.6,0,33,1,0,High,198,63,0,0.0653
T4201470,TRD,Sub-station,Sub-station overdue PM,4,4,13.3,0,55,0,0,Low,167,21,0,0.0655
T4201471,ENG,Bridge,Bearing wear,5,6,18.2,0,65,0,0,Low,202,58,1,0.0799
T4201472,ENG,Fastening,Fastening renewal,1,2,11.3,0,69,1,0,Medium,164,45,0,0.0317
T4201473,SNT,Point Machine,Point machine overdue,1,0,0.8,0,64,0,1,Medium,283,58,0,0.0442
T4201474,SNT,Interlocking,Interlocking fault,5,19,16.0,0,5,0,1,Low,274,94,1,0.2459
T4201475,SNT,Interlocking,Interlocking fault,3,0,8.1,0,62,0,1,Low,375,71,1,0.1109
T4201476,ENG,Ballast,Ballast deficiency,2,7,10.0,0,56,0,0,Low,178,67,0,0.0376
T4201477,TRD,OHE,OHE wear,4,1,5.7,0,82,1,1,Low,206,54,0,0.2147
T4201478,SNT,Signal LED,LED failure,2,1,12.4,0,78,0,0,Low,202,63,0,0.0276
T4201479,SNT,Point Machine,Point machine overdue,2,5,18.4,1,66,1,1,Low,198,41,0,0.2334
T4201480,ENG,Bridge,Bearing wear,2,2,17.6,0,68,1,0,Medium,282,66,1,0.0836
T4201481,ENG,Rail,Rail crack,3,15,21.5,1,94,0,1,Medium,34,51,0,0.1679
T4201482,SNT,Interlocking,Interlocking fault,1,2,22.4,0,89,1,1,Medium,221,39,0,0.1627
T4201483,ENG,Rail,Rail crack,2,17,0.0,1,67,1,1,High,360,71,0,0.3407
T4201484,SNT,Axle Counter,Axle counter drift,2,14,4.8,2,114,1,1,Low,303,20,1,0.3909
T4201485,ENG,Fastening,Fastening renewal,1,24,1.2,1,44,1,0,Low,292,44,0,0.0905
T4201486,TRD,Sub-station,Sub-station overdue PM,4,8,15.8,1,30,0,0,Low,256,67,0,0.0763
T4201487,SNT,Signal LED,LED failure,1,19,7.8,0,60,0,0,Low,126,79,0,0.0222
T4201488,TRD,Feeder,Feeder overdue PM,5,2,9.1,0,51,0,0,Medium,113,64,0,0.0465
T4201489,SNT,Interlocking,Interlocking fault,1,14,10.7,0,5,1,1,Low,113,42,0,0.0474
T4201490,ENG,Rail,Rail crack,2,3,14.3,0,44,0,1,Medium,78,54,0,0.0433
T4201491,TRD,OHE,OHE wear,1,16,3.1,1,69,1,1,High,265,61,0,0.252
T4201492,SNT,Axle Counter,Axle counter drift,2,10,4.4,1,59,1,1,Low,312,86,1,0.1633
T4201493,TRD,Sub-station,Sub-station overdue PM,4,6,12.0,1,41,0,0,Low,219,73,0,0.0465
T4201494,ENG,Bridge,Bearing wear,1,8,19.2,0,61,1,0,Medium,252,74,0,0.0552
T4201495,SNT,Point Machine,Point machine overdue,3,8,11.8,0,63,0,1,Medium,206,56,0,0.1323
T4201496,TRD,Sub-station,Sub-station overdue PM,4,2,7.3,0,78,0,0,Low,231,34,0,0.0708
T4201497,SNT,Cable,Cable insulation fault,3,8,0.0,0,44,1,0,Medium,5,27,0,0.0461
T4201498,ENG,Fastening,Fastening renewal,1,24,17.7,1,82,0,0,Low,208,49,0,0.0559
T4201499,SNT,Interlocking,Interlocking fault,4,7,7.6,2,33,0,1,Medium,142,69,0,0.1715
T4201500,SNT,Cable,Cable insulation fault,1,1,5.1,2,47,1,0,Medium,176,45,0,0.0556
T4201501,TRD,OHE,OHE wear,1,15,1.7,1,102,1,1,Low,200,66,0,0.2151
T4201502,ENG,Rail,Rail crack,3,2,3.4,1,34,1,1,Low,116,39,0,0.1059
T4201503,ENG,Bridge,Bearing wear,2,10,6.2,0,44,0,0,Medium,83,42,0,0.0219
T4201504,TRD,OHE,OHE wear,1,1,10.6,1,29,0,1,Medium,113,83,0,0.0483
T4201505,SNT,Signal LED,LED failure,4,3,4.7,1,39,0,0,High,50,70,0,0.0525
T4201506,SNT,Interlocking,Interlocking fault,3,0,13.1,0,63,0,1,Medium,76,49,0,0.0632
T4201507,SNT,Axle Counter,Axle counter drift,5,7,10.5,1,78,1,1,Medium,88,38,1,0.4065
T4201508,ENG,Fastening,Fastening renewal,3,6,25.3,0,60,0,0,Medium,51,74,0,0.0589
T4201509,SNT,Cable,Cable insulation fault,3,6,1.8,1,52,1,0,Medium,228,73,0,0.1123
T4201510,ENG,Rail,Rail crack,5,13,13.0,1,29,0,1,Low,99,68,0,0.1252
T4201511,ENG,Bridge,Bearing wear,1,4,13.0,1,42,0,0,Low,12,51,0,0.0188
T4201512,SNT,Axle Counter,Axle counter drift,2,3,5.8,1,21,0,1,Medium,144,33,0,0.058
T4201513,SNT,Axle Counter,Axle counter drift,4,0,12.6,0,78,0,1,Low,80,55,0,0.0964
T4201514,TRD,Feeder,Feeder overdue PM,2,6,16.6,0,80,0,0,Low,311,83,0,0.0456
T4201515,ENG,Fastening,Fastening renewal,5,12,12.6,1,59,1,0,Low,192,37,0,0.2451
T4201516,ENG,Ballast,Ballast deficiency,2,19,20.3,0,71,1,0,High,48,56,0,0.0914
T4201517,TRD,OHE,OHE wear,3,1,0.0,1,82,1,1,Medium,231,88,1,0.1903
T4201518,ENG,Fastening,Fastening renewal,5,1,6.9,1,63,0,0,Medium,188,49,0,0.144
T4201519,ENG,Fastening,Fastening renewal,2,2,20.9,1,95,1,0,High,159,52,0,0.1145
T4201520,ENG,Ballast,Ballast deficiency,5,17,17.5,2,34,1,0,Medium,322,28,0,0.4049
T4201521,SNT,Axle Counter,Axle counter drift,1,4,15.2,0,51,0,1,Medium,92,67,0,0.0556
T4201522,TRD,Insulator,Insulator crack,2,8,19.4,2,48,1,0,Low,273,40,0,0.1112
T4201523,TRD,Feeder,Feeder overdue PM,3,2,0.5,1,76,1,0,Medium,143,24,0,0.081
T4201524,SNT,Axle Counter,Axle counter drift,3,9,16.8,1,24,1,1,High,178,36,0,0.2663
T4201525,ENG,Fastening,Fastening renewal,5,0,18.4,2,96,1,0,Medium,113,59,1,0.3204
T4201526,ENG,Fastening,Fastening renewal,5,6,8.0,1,74,0,0,Low,118,23,0,0.0933
T4201527,SNT,Axle Counter,Axle counter drift,4,1,27.8,0,104,0,1,Medium,141,27,0,0.1705
T4201528,ENG,Rail,Rail crack,4,22,13.2,0,59,0,1,Low,9,66,0,0.1324
T4201529,ENG,Ballast,Ballast deficiency,2,2,0.0,1,46,0,0,Low,211,54,0,0.0191
T4201530,ENG,Bridge,Bearing wear,5,1,14.3,0,76,0,0,Low,190,37,0,0.0654
T4201531,ENG,Ballast,Ballast deficiency,4,15,7.7,0,86,0,0,Low,45,49,0,0.0595
T4201532,SNT,Axle Counter,Axle counter drift,1,1,19.0,0,42,1,1,Low,239,90,0,0.0798
T4201533,SNT,Point Machine,Point machine overdue,5,3,15.3,1,10,0,1,Medium,311,81,1,0.1585
T4201534,ENG,Rail,Rail crack,2,22,8.4,0,14,1,1,Low,120,53,0,0.1094
T4201535,SNT,Axle Counter,Axle counter drift,3,5,21.0,1,67,1,1,High,109,71,1,0.2934
T4201536,TRD,Feeder,Feeder overdue PM,3,13,17.6,1,99,0,0,Low,280,57,0,0.1086
T4201537,SNT,Signal LED,LED failure,5,1,7.0,0,27,0,0,Low,216,20,0,0.0322
T4201538,TRD,Feeder,Feeder overdue PM,2,3,11.1,0,53,1,0,Low,168,20,0,0.0467
T4201539,ENG,Bridge,Bearing wear,2,14,15.1,2,51,0,0,Low,253,37,0,0.0908
T4201540,TRD,OHE,OHE wear,1,1,9.8,0,108,0,1,Low,205,23,0,0.0674
T4201541,ENG,Bridge,Bearing wear,2,1,10.0,0,116,1,0,Low,309,60,0,0.1027
T4201542,ENG,Ballast,Ballast deficiency,1,1,12.2,0,71,0,0,Medium,178,44,0,0.0228
T4201543,ENG,Ballast,Ballast deficiency,3,41,5.6,0,82,1,0,Low,218,64,1,0.2587
T4201544,SNT,Point Machine,Point machine overdue,5,8,0.0,2,82,1,1,Medium,279,64,1,0.5264
T4201545,ENG,Rail,Rail crack,3,2,13.4,0,28,0,1,Low,5,69,0,0.0448
T4201546,ENG,Rail,Rail crack,5,10,0.1,0,77,1,1,Low,282,36,1,0.3009
T4201547,TRD,Sub-station,Sub-station overdue PM,5,4,6.0,1,35,0,0,Low,135,65,0,0.0611
T4201548,ENG,Fastening,Fastening renewal,1,1,1.4,1,56,0,0,Low,225,36,0,0.0186
T4201549,ENG,Rail,Rail crack,3,16,2.1,0,88,0,1,Medium,330,69,1,0.2295
T4201550,ENG,Fastening,Fastening renewal,3,12,14.6,0,62,1,0,Low,152,79,0,0.0601
T4201551,ENG,Rail,Rail crack,2,11,10.7,0,88,1,1,Medium,139,69,0,0.1735
T4201552,ENG,Ballast,Ballast deficiency,5,2,10.4,4,92,1,0,High,175,51,1,0.4576
T4201553,ENG,Ballast,Ballast deficiency,2,10,4.1,1,16,1,0,Low,49,66,0,0.04
T4201554,ENG,Ballast,Ballast deficiency,1,4,8.1,0,6,0,0,High,378,24,0,0.0294
T4201555,TRD,OHE,OHE wear,3,6,14.3,0,89,1,1,Medium,176,20,0,0.1661
T4201556,TRD,Insulator,Insulator crack,2,21,11.7,1,90,0,0,Medium,328,64,0,0.1419
T4201557,SNT,Signal LED,LED failure,2,17,16.9,0,66,1,0,High,150,81,1,0.1673
T4201558,SNT,Point Machine,Point machine overdue,3,6,17.8,3,70,0,1,Low,183,30,0,0.1516
T4201559,TRD,Feeder,Feeder overdue PM,4,5,10.5,0,82,1,0,Medium,265,55,0,0.1646
T4201560,TRD,Feeder,Feeder overdue PM,2,9,0.9,1,82,1,0,Low,81,64,0,0.0739
T4201561,SNT,Signal LED,LED failure,2,13,7.5,0,52,0,0,Medium,171,43,0,0.0462
T4201562,TRD,Feeder,Feeder overdue PM,1,10,11.4,1,84,0,0,Low,262,48,0,0.054
T4201563,TRD,Insulator,Insulator crack,2,4,7.3,0,51,0,0,Low,161,67,0,0.0278
T4201564,TRD,Insulator,Insulator crack,3,1,5.7,1,66,0,0,High,137,57,0,0.0438
T4201565,SNT,Cable,Cable insulation fault,4,5,12.4,1,65,0,0,Low,280,57,0,0.0792
T4201566,ENG,Rail,Rail crack,2,0,26.6,0,39,1,1,Low,306,35,0,0.1449
T4201567,ENG,Bridge,Bearing wear,1,1,9.1,0,41,0,0,Low,320,54,0,0.0197
T4201568,SNT,Signal LED,LED failure,3,11,12.0,0,116,0,0,Medium,119,47,0,0.0893
T4201569,SNT,Cable,Cable insulation fault,4,6,4.1,0,38,1,0,Low,128,48,0,0.0683
T4201570,ENG,Fastening,Fastening renewal,1,6,19.5,2,69,1,0,Low,138,44,0,0.0592
T4201571,SNT,Cable,Cable insulation fault,3,6,17.2,0,74,0,0,High,245,54,0,0.0851
T4201572,SNT,Interlocking,Interlocking fault,1,7,16.8,0,59,1,1,Low,72,38,0,0.0572
T4201573,TRD,Sub-station,Sub-station overdue PM,3,9,20.2,0,77,1,0,Low,77,55,0,0.0722
T4201574,ENG,Bridge,Bearing wear,4,14,9.4,0,68,1,0,Medium,116,48,0,0.144
T4201575,ENG,Bridge,Bearing wear,4,15,10.2,0,38,0,0,Low,96,36,0,0.0472
T4201576,TRD,Sub-station,Sub-station overdue PM,4,4,22.3,0,73,0,0,Low,260,20,0,0.0891
T4201577,TRD,OHE,OHE wear,4,2,15.8,1,46,0,1,Medium,254,74,0,0.1621
T4201578,TRD,OHE,OHE wear,2,18,0.0,1,104,1,1,Medium,137,70,0,0.3408
T4201579,TRD,Feeder,Feeder overdue PM,5,2,14.7,0,71,1,0,Low,163,39,1,0.1725
T4201580,TRD,Sub-station,Sub-station overdue PM,2,31,8.5,0,42,1,0,Medium,5,69,0,0.0713
T4201581,ENG,Ballast,Ballast deficiency,2,20,17.4,0,69,0,0,Medium,139,35,0,0.0604
T4201582,ENG,Fastening,Fastening renewal,4,4,14.4,3,37,0,0,Medium,292,49,0,0.1633
T4201583,ENG,Rail,Rail crack,2,12,1.6,0,66,1,1,Medium,134,44,0,0.1283
T4201584,SNT,Point Machine,Point machine overdue,1,21,13.6,0,54,0,1,Medium,82,49,0,0.0583
T4201585,TRD,Sub-station,Sub-station overdue PM,4,0,13.3,1,39,0,0,Low,304,68,0,0.0837
T4201586,ENG,Fastening,Fastening renewal,4,8,14.2,0,39,1,0,Medium,80,47,0,0.1086
T4201587,SNT,Cable,Cable insulation fault,3,13,15.5,0,121,1,0,Low,319,48,1,0.2541
T4201588,ENG,Bridge,Bearing wear,1,13,21.0,0,62,0,0,Low,440,70,0,0.0573
T4201589,ENG,Ballast,Ballast deficiency,4,1,14.5,0,49,1,0,High,170,56,0,0.1236
T4201590,ENG,Rail,Rail crack,1,8,12.1,0,45,0,1,Low,292,43,0,0.0412
T4201591,ENG,Rail,Rail crack,3,1,18.9,2,72,0,1,Low,30,60,0,0.0968
T4201592,TRD,Insulator,Insulator crack,3,10,25.5,0,44,0,0,Low,26,75,0,0.041
T4201593,ENG,Rail,Rail crack,4,1,17.5,0,33,0,1,Medium,108,76,0,0.1168
T4201594,TRD,Sub-station,Sub-station overdue PM,5,5,13.2,0,59,0,0,Medium,254,29,0,0.1359
T4201595,SNT,Axle Counter,Axle counter drift,1,5,14.6,1,59,0,1,Low,180,30,0,0.0646
T4201596,ENG,Bridge,Bearing wear,1,3,13.5,2,50,0,0,Medium,163,75,0,0.0517
T4201597,ENG,Fastening,Fastening renewal,3,3,12.1,3,38,0,0,Low,64,49,0,0.0307
T4201598,TRD,Feeder,Feeder overdue PM,5,1,25.0,1,50,0,0,High,169,20,0,0.1371
T4201599,ENG,Fastening,Fastening renewal,1,3,7.5,0,48,1,0,Medium,122,40,0,0.0281
T4201600,TRD,Feeder,Feeder overdue PM,3,15,18.9,1,45,0,0,Low,97,46,0,0.0689
T4201601,ENG,Ballast,Ballast deficiency,3,38,11.2,0,67,0,0,High,89,49,0,0.122
T4201602,SNT,Interlocking,Interlocking fault,2,2,3.1,0,116,0,1,Low,197,70,0,0.1033
T4201603,TRD,OHE,OHE wear,4,47,10.9,0,93,0,1,Low,115,36,0,0.3298
T4201604,ENG,Ballast,Ballast deficiency,2,29,8.7,0,109,1,0,Low,179,74,0,0.1664
T4201605,ENG,Rail,Rail crack,3,10,15.5,0,46,1,1,Low,21,61,0,0.1125
T4201606,TRD,Sub-station,Sub-station overdue PM,5,11,12.5,1,102,0,0,High,225,29,1,0.248
T4201607,ENG,Ballast,Ballast deficiency,2,0,5.9,0,66,0,0,Medium,202,49,0,0.0337
T4201608,ENG,Ballast,Ballast deficiency,1,6,20.8,1,85,0,0,Medium,159,65,0,0.0518
T4201609,ENG,Fastening,Fastening renewal,5,5,18.5,3,71,0,0,High,195,56,0,0.2367
T4201610,ENG,Fastening,Fastening renewal,2,3,21.5,0,51,1,0,Low,264,63,0,0.0764
T4201611,TRD,Feeder,Feeder overdue PM,4,21,13.4,2,78,1,0,Low,50,43,1,0.2395
T4201612,TRD,OHE,OHE wear,4,8,11.8,1,72,1,1,Medium,186,66,0,0.3159
T4201613,ENG,Ballast,Ballast deficiency,3,37,16.2,0,16,1,0,Low,63,47,0,0.1462
T4201614,TRD,Feeder,Feeder overdue PM,1,1,8.5,0,57,1,0,Medium,188,106,0,0.0485
T4201615,ENG,Bridge,Bearing wear,5,9,12.8,1,82,0,0,Low,157,29,1,0.1075
T4201616,ENG,Ballast,Ballast deficiency,4,3,10.9,0,67,1,0,Low,178,109,0,0.1128
T4201617,SNT,Axle Counter,Axle counter drift,3,15,3.2,0,72,1,1,Low,256,36,0,0.2728
T4201618,TRD,Sub-station,Sub-station overdue PM,5,2,12.8,1,41,0,0,Low,254,80,0,0.095
T4201619,ENG,Bridge,Bearing wear,4,17,9.4,1,66,1,0,Low,278,72,0,0.2185
T4201620,ENG,Rail,Rail crack,4,19,10.5,3,58,0,1,Low,144,37,1,0.1365
T4201621,SNT,Axle Counter,Axle counter drift,1,13,14.2,0,55,0,1,Low,243,67,0,0.0516
T4201622,TRD,OHE,OHE wear,4,14,19.6,1,43,1,1,Medium,226,45,1,0.3966
T4201623,ENG,Bridge,Bearing wear,2,3,6.9,0,83,0,0,Low,147,60,0,0.0226
T4201624,ENG,Fastening,Fastening renewal,1,5,10.0,0,69,0,0,Low,191,58,0,0.0241
T4201625,SNT,Axle Counter,Axle counter drift,2,3,7.4,0,66,0,1,Low,168,48,0,0.0664
T4201626,ENG,Ballast,Ballast deficiency,1,7,7.0,1,111,1,0,Low,306,46,0,0.0975
T4201627,ENG,Fastening,Fastening renewal,1,5,8.4,0,72,1,0,Low,253,62,0,0.0339
T4201628,ENG,Bridge,Bearing wear,4,5,10.8,0,90,1,0,Low,150,37,1,0.1042
T4201629,ENG,Ballast,Ballast deficiency,3,1,15.5,0,67,1,0,Low,144,38,1,0.0772
T4201630,SNT,Interlocking,Interlocking fault,2,26,13.9,0,51,0,1,High,266,74,1,0.239
T4201631,TRD,OHE,OHE wear,1,1,5.7,3,34,1,1,Low,301,64,0,0.0875
T4201632,SNT,Signal LED,LED failure,4,1,19.8,0,66,0,0,Low,208,29,0,0.06
T4201633,SNT,Signal LED,LED failure,4,0,17.7,0,5,0,0,Medium,239,35,0,0.0325
T4201634,TRD,Feeder,Feeder overdue PM,3,8,6.6,1,67,1,0,Low,297,20,0,0.1299
T4201635,ENG,Bridge,Bearing wear,1,31,19.3,1,68,0,0,Low,164,73,1,0.0586
T4201636,ENG,Fastening,Fastening renewal,1,1,14.0,0,55,1,0,Low,188,69,0,0.0561
T4201637,TRD,Feeder,Feeder overdue PM,1,1,11.1,1,58,0,0,Medium,224,33,0,0.0267
T4201638,ENG,Fastening,Fastening renewal,1,6,14.1,1,29,1,0,Medium,141,68,0,0.0549
T4201639,SNT,Axle Counter,Axle counter drift,5,7,11.8,0,95,0,1,Low,333,95,0,0.3271
T4201640,TRD,Sub-station,Sub-station overdue PM,2,29,15.3,3,52,1,0,High,141,24,0,0.243
T4201641,ENG,Bridge,Bearing wear,4,1,13.1,0,36,1,0,Medium,186,43,0,0.0974
T4201642,SNT,Axle Counter,Axle counter drift,5,12,10.0,1,74,0,1,Medium,352,24,1,0.3802
T4201643,ENG,Ballast,Ballast deficiency,5,4,0.0,0,63,1,0,Low,12,74,0,0.0709
T4201644,ENG,Ballast,Ballast deficiency,2,4,15.2,0,51,1,0,High,199,53,0,0.0705
T4201645,SNT,Point Machine,Point machine overdue,3,16,9.8,0,48,0,1,Low,121,47,0,0.0807
T4201646,ENG,Ballast,Ballast deficiency,3,3,16.7,1,60,1,0,Low,180,60,0,0.0718
T4201647,TRD,Feeder,Feeder overdue PM,1,8,14.9,0,94,0,0,Medium,71,44,0,0.027
T4201648,TRD,Insulator,Insulator crack,4,0,9.9,1,72,1,0,High,147,47,0,0.1601
T4201649,TRD,Sub-station,Sub-station overdue PM,3,1,18.1,0,59,0,0,Low,182,60,0,0.038
T4201650,ENG,Ballast,Ballast deficiency,2,14,13.2,0,81,1,0,Low,201,43,0,0.0974
T4201651,ENG,Ballast,Ballast deficiency,3,2,13.0,0,61,0,0,High,261,46,1,0.0676
T4201652,ENG,Fastening,Fastening renewal,4,10,11.2,0,70,1,0,Medium,5,52,0,0.0914
T4201653,ENG,Rail,Rail crack,1,3,22.1,0,64,1,1,Medium,169,57,0,0.121
T4201654,TRD,Insulator,Insulator crack,4,22,7.7,0,75,1,0,Low,164,67,1,0.1931
T4201655,ENG,Ballast,Ballast deficiency,5,10,10.1,1,49,1,0,Low,174,67,0,0.1531
T4201656,ENG,Fastening,Fastening renewal,4,7,4.6,1,32,1,0,High,183,25,0,0.1232
T4201657,TRD,Insulator,Insulator crack,4,11,16.4,0,83,0,0,Low,105,83,0,0.0632
T4201658,ENG,Fastening,Fastening renewal,1,33,8.5,1,98,0,0,Medium,41,56,0,0.0672
T4201659,ENG,Fastening,Fastening renewal,4,4,9.2,0,33,1,0,Medium,200,48,0,0.1245
T4201660,ENG,Rail,Rail crack,4,16,8.9,1,64,1,1,High,91,37,0,0.4066
T4201661,SNT,Axle Counter,Axle counter drift,3,8,12.4,0,49,0,1,Medium,216,95,0,0.1125
T4201662,TRD,OHE,OHE wear,3,0,4.5,1,82,1,1,Low,96,102,0,0.2089
T4201663,ENG,Ballast,Ballast deficiency,4,10,0.0,3,66,0,0,Medium,242,92,0,0.1477
T4201664,TRD,OHE,OHE wear,1,4,14.7,1,143,1,1,High,175,57,1,0.3535
T4201665,TRD,Feeder,Feeder overdue PM,2,1,0.0,0,52,0,0,High,181,62,0,0.0416
T4201666,TRD,Feeder,Feeder overdue PM,4,1,17.1,1,98,1,0,Low,158,85,0,0.1868
T4201667,ENG,Bridge,Bearing wear,5,0,21.4,1,101,0,0,Low,143,50,0,0.121
T4201668,ENG,Rail,Rail crack,2,20,11.0,0,73,0,1,Medium,159,66,0,0.1254
T4201669,TRD,Sub-station,Sub-station overdue PM,3,3,19.8,0,61,1,0,Medium,286,60,0,0.123
T4201670,ENG,Bridge,Bearing wear,5,18,11.9,1,62,0,0,Low,42,93,0,0.1149
T4201671,SNT,Cable,Cable insulation fault,1,11,21.6,0,60,0,0,Low,122,84,0,0.0196
T4201672,TRD,Insulator,Insulator crack,2,1,9.3,2,88,1,0,Low,275,52,0,0.1046
T4201673,ENG,Rail,Rail crack,1,3,0.0,0,38,1,1,Low,254,86,0,0.0937
T4201674,TRD,Sub-station,Sub-station overdue PM,2,5,11.5,0,56,1,0,Low,301,55,0,0.0777
T4201675,TRD,OHE,OHE wear,4,5,22.2,1,53,0,1,High,175,44,1,0.2536
T4201676,SNT,Cable,Cable insulation fault,2,5,15.2,0,17,0,0,Medium,61,49,0,0.0143
T4201677,ENG,Rail,Rail crack,5,8,8.9,1,81,1,1,Low,80,58,0,0.2893
T4201678,TRD,Insulator,Insulator crack,5,23,14.0,1,87,1,0,Medium,153,39,0,0.3722
T4201679,SNT,Interlocking,Interlocking fault,5,3,17.8,0,44,1,1,Low,248,45,0,0.2681
T4201680,SNT,Interlocking,Interlocking fault,4,2,11.5,0,86,0,1,Medium,157,26,0,0.1205
T4201681,TRD,Insulator,Insulator crack,4,0,27.8,2,20,0,0,High,150,39,0,0.1021
T4201682,SNT,Axle Counter,Axle counter drift,3,6,8.9,0,61,1,1,Low,216,60,0,0.2002
T4201683,ENG,Ballast,Ballast deficiency,5,8,18.0,2,57,0,0,High,182,76,0,0.1818
T4201684,ENG,Bridge,Bearing wear,1,3,16.6,1,62,1,0,Low,140,73,0,0.0519
T4201685,ENG,Ballast,Ballast deficiency,4,1,7.8,1,62,0,0,Medium,90,64,0,0.0879
T4201686,SNT,Point Machine,Point machine overdue,1,6,9.5,1,58,1,1,High,265,24,1,0.2398
T4201687,SNT,Axle Counter,Axle counter drift,2,3,18.1,1,50,0,1,Medium,274,38,0,0.1022
T4201688,SNT,Signal LED,LED failure,2,7,12.9,0,57,1,0,Low,85,51,1,0.0355
T4201689,ENG,Ballast,Ballast deficiency,4,24,14.0,0,94,1,0,Low,144,74,0,0.217
T4201690,TRD,OHE,OHE wear,4,19,2.2,1,46,0,1,Low,240,44,0,0.2708
T4201691,TRD,Sub-station,Sub-station overdue PM,1,11,15.9,1,116,1,0,Low,78,31,0,0.1002
T4201692,ENG,Bridge,Bearing wear,4,10,13.7,0,44,0,0,Low,213,84,0,0.0595
T4201693,SNT,Interlocking,Interlocking fault,2,20,11.6,0,66,0,1,Low,151,40,0,0.1241
T4201694,SNT,Interlocking,Interlocking fault,1,2,14.2,2,74,1,1,Medium,70,32,0,0.1588
T4201695,SNT,Point Machine,Point machine overdue,3,10,9.5,1,53,1,1,Low,340,60,0,0.19
T4201696,ENG,Ballast,Ballast deficiency,3,13,8.4,1,95,0,0,Low,149,54,1,0.0906
T4201697,TRD,OHE,OHE wear,2,7,10.5,0,74,0,1,Medium,227,45,0,0.102
T4201698,TRD,Feeder,Feeder overdue PM,2,0,9.2,0,55,0,0,Low,79,55,0,0.0143
T4201699,SNT,Point Machine,Point machine overdue,5,4,25.1,1,94,0,1,Medium,320,36,1,0.3959
T4201700,TRD,OHE,OHE wear,2,19,17.5,0,35,0,1,Medium,355,45,0,0.1553
T4201701,TRD,OHE,OHE wear,5,15,6.2,0,46,0,1,Medium,45,54,0,0.1341
T4201702,ENG,Ballast,Ballast deficiency,5,9,24.2,1,74,1,0,Low,165,20,0,0.2186
T4201703,SNT,Point Machine,Point machine overdue,2,1,9.4,0,80,0,1,Medium,300,74,0,0.0966
T4201704,SNT,Interlocking,Interlocking fault,3,6,12.2,2,68,1,1,Medium,138,28,0,0.3
T4201705,TRD,Insulator,Insulator crack,4,6,17.4,1,57,0,0,Medium,217,36,0,0.0909
T4201706,ENG,Ballast,Ballast deficiency,3,0,0.2,0,54,0,0,Medium,29,75,0,0.0168
T4201707,ENG,Rail,Rail crack,3,3,10.6,0,88,0,1,Medium,109,66,0,0.096
T4201708,TRD,Insulator,Insulator crack,2,7,8.6,0,66,0,0,Low,207,57,0,0.0261
T4201709,ENG,Rail,Rail crack,1,8,13.2,0,38,1,1,Low,127,21,0,0.0515
T4201710,TRD,OHE,OHE wear,1,11,14.2,0,37,0,1,Medium,148,43,0,0.0654
T4201711,ENG,Fastening,Fastening renewal,2,2,11.5,0,98,0,0,Medium,44,51,0,0.0386
T4201712,TRD,Feeder,Feeder overdue PM,4,9,11.3,0,42,0,0,Medium,239,52,0,0.0609
T4201713,TRD,Sub-station,Sub-station overdue PM,2,4,18.4,1,67,1,0,Low,59,78,0,0.0425
T4201714,ENG,Bridge,Bearing wear,1,1,13.8,1,94,0,0,Low,319,95,1,0.0415
T4201715,TRD,Feeder,Feeder overdue PM,2,5,12.2,0,74,0,0,Medium,119,67,0,0.0262
T4201716,ENG,Bridge,Bearing wear,3,9,12.9,0,41,0,0,Medium,252,44,0,0.0533
T4201717,SNT,Interlocking,Interlocking fault,2,4,23.0,0,35,1,1,Low,243,79,0,0.118
T4201718,SNT,Axle Counter,Axle counter drift,2,10,13.0,1,107,1,1,High,91,43,0,0.2923
T4201719,TRD,Sub-station,Sub-station overdue PM,1,8,8.9,0,34,0,0,Medium,128,20,0,0.02
T4201720,ENG,Fastening,Fastening renewal,2,3,0.5,0,46,0,0,Medium,139,30,0,0.0195
T4201721,ENG,Bridge,Bearing wear,2,1,3.4,0,69,0,0,Medium,145,20,0,0.0286
T4201722,SNT,Interlocking,Interlocking fault,5,8,9.2,0,55,1,1,Low,63,47,0,0.264
T4201723,SNT,Cable,Cable insulation fault,5,7,11.3,1,74,0,0,Low,228,51,0,0.0787
T4201724,SNT,Signal LED,LED failure,2,2,8.7,1,23,1,0,Low,118,23,0,0.0386
T4201725,ENG,Ballast,Ballast deficiency,1,1,14.1,0,55,1,0,Low,170,38,0,0.0256
T4201726,ENG,Fastening,Fastening renewal,1,3,8.6,1,77,0,0,Low,271,26,0,0.0434
T4201727,TRD,Insulator,Insulator crack,2,8,6.5,0,77,1,0,Medium,231,52,1,0.1064
T4201728,ENG,Fastening,Fastening renewal,3,2,15.7,1,46,1,0,Medium,124,38,0,0.0995
T4201729,ENG,Bridge,Bearing wear,3,12,20.2,0,34,0,0,Low,274,75,0,0.0437
T4201730,TRD,Insulator,Insulator crack,2,12,5.4,2,65,0,0,Low,240,58,0,0.0613
T4201731,ENG,Rail,Rail crack,2,2,13.5,0,27,0,1,Medium,116,87,0,0.0495
T4201732,SNT,Axle Counter,Axle counter drift,2,1,0.6,2,92,0,1,Medium,134,46,0,0.0655
T4201733,ENG,Ballast,Ballast deficiency,3,1,3.2,0,64,1,0,High,270,98,0,0.1229
T4201734,TRD,Sub-station,Sub-station overdue PM,4,29,8.5,1,43,1,0,Low,250,55,0,0.2485
T4201735,SNT,Signal LED,LED failure,1,2,18.8,1,34,1,0,Low,45,44,0,0.02
T4201736,TRD,OHE,OHE wear,3,1,7.3,1,44,0,1,High,89,103,0,0.108
T4201737,ENG,Ballast,Ballast deficiency,4,1,7.1,0,21,0,0,Low,243,20,0,0.0376
T4201738,SNT,Cable,Cable insulation fault,4,0,12.2,1,72,0,0,Medium,74,44,0,0.0829
T4201739,TRD,Feeder,Feeder overdue PM,3,1,12.2,0,40,1,0,Low,252,22,0,0.0603
T4201740,ENG,Ballast,Ballast deficiency,3,28,7.3,0,70,0,0,Low,354,20,1,0.1208
T4201741,ENG,Ballast,Ballast deficiency,4,0,23.9,1,73,0,0,Medium,214,20,0,0.1066
T4201742,ENG,Bridge,Bearing wear,2,5,10.4,1,84,1,0,Medium,97,67,0,0.0467
T4201743,TRD,OHE,OHE wear,3,1,12.7,1,66,1,1,Low,196,28,0,0.1692
T4201744,SNT,Axle Counter,Axle counter drift,2,7,9.6,0,88,0,1,Medium,273,50,0,0.1248
T4201745,SNT,Point Machine,Point machine overdue,3,1,14.6,0,95,1,1,High,189,73,0,0.187
T4201746,SNT,Signal LED,LED failure,1,16,19.4,0,66,0,0,Medium,224,64,0,0.0522
T4201747,SNT,Axle Counter,Axle counter drift,2,20,22.0,1,68,1,1,High,108,63,1,0.3037
T4201748,SNT,Point Machine,Point machine overdue,1,11,7.4,1,46,1,1,High,115,79,0,0.1385
T4201749,ENG,Bridge,Bearing wear,2,7,18.6,2,35,1,0,Medium,262,87,0,0.1292
T4201750,SNT,Signal LED,LED failure,3,10,15.3,0,92,0,0,Medium,116,30,0,0.0621
T4201751,ENG,Bridge,Bearing wear,3,6,17.8,0,75,1,0,Medium,5,65,0,0.0788
T4201752,TRD,Insulator,Insulator crack,5,3,11.4,1,77,0,0,High,152,50,1,0.1683
T4201753,TRD,OHE,OHE wear,1,1,10.9,0,45,0,1,Medium,208,52,0,0.0459
T4201754,ENG,Bridge,Bearing wear,5,10,17.6,0,101,1,0,Low,275,25,0,0.199
T4201755,SNT,Point Machine,Point machine overdue,2,8,17.7,1,54,0,1,Low,328,44,1,0.1156
T4201756,ENG,Ballast,Ballast deficiency,4,2,21.4,0,40,1,0,Medium,188,47,0,0.1129
T4201757,TRD,Sub-station,Sub-station overdue PM,4,6,13.2,1,46,0,0,High,239,84,0,0.1312
T4201758,TRD,Insulator,Insulator crack,5,0,11.4,0,99,0,0,Low,191,32,0,0.0854
T4201759,TRD,Sub-station,Sub-station overdue PM,1,5,0.0,0,32,0,0,High,212,20,0,0.019
T4201760,ENG,Bridge,Bearing wear,5,3,2.3,1,41,0,0,Low,163,55,0,0.051
T4201761,ENG,Rail,Rail crack,1,0,9.6,0,132,1,1,Low,215,30,0,0.1812
T4201762,ENG,Fastening,Fastening renewal,5,0,5.4,1,84,1,0,High,114,52,0,0.2254
T4201763,ENG,Bridge,Bearing wear,4,3,16.9,0,42,1,0,High,358,68,0,0.2494
T4201764,ENG,Fastening,Fastening renewal,3,16,4.1,0,33,1,0,Medium,5,53,0,0.0844
T4201765,ENG,Bridge,Bearing wear,2,23,9.0,0,18,0,0,High,231,46,0,0.0493
T4201766,TRD,Sub-station,Sub-station overdue PM,1,32,9.2,0,62,1,0,Medium,209,52,0,0.0961
T4201767,ENG,Ballast,Ballast deficiency,5,10,19.2,0,78,0,0,High,213,72,1,0.1743
T4201768,ENG,Bridge,Bearing wear,4,10,8.4,0,98,0,0,High,74,32,0,0.1159
T4201769,TRD,Insulator,Insulator crack,5,2,14.7,0,13,0,0,Low,29,70,0,0.0239
T4201770,SNT,Interlocking,Interlocking fault,4,0,13.2,1,27,0,1,Low,235,35,0,0.1139
T4201771,TRD,Insulator,Insulator crack,5,15,17.4,1,57,1,0,Low,301,67,0,0.294
T4201772,SNT,Cable,Cable insulation fault,5,35,17.1,1,130,0,0,Low,200,24,0,0.3005
T4201773,TRD,OHE,OHE wear,3,5,11.8,2,82,0,1,Low,252,66,0,0.1398
T4201774,SNT,Interlocking,Interlocking fault,4,4,1.8,0,69,0,1,Low,139,53,0,0.1057
T4201775,SNT,Point Machine,Point machine overdue,2,4,10.6,3,29,0,1,Low,210,57,0,0.1303
T4201776,SNT,Cable,Cable insulation fault,4,2,11.9,0,7,1,0,Medium,290,74,0,0.0901
T4201777,ENG,Ballast,Ballast deficiency,4,6,13.7,0,61,0,0,Low,152,39,0,0.0571
T4201778,ENG,Bridge,Bearing wear,3,17,7.6,1,58,0,0,Low,287,54,0,0.0719
T4201779,SNT,Cable,Cable insulation fault,4,3,18.8,0,53,1,0,Low,33,61,0,0.0731
T4201780,ENG,Ballast,Ballast deficiency,2,0,12.1,0,50,1,0,Low,125,49,1,0.0326
T4201781,TRD,OHE,OHE wear,4,10,6.5,0,41,0,1,Medium,229,69,1,0.1381
T4201782,ENG,Fastening,Fastening renewal,3,10,9.3,1,36,0,0,High,351,62,1,0.1634
T4201783,ENG,Ballast,Ballast deficiency,2,19,23.6,1,95,1,0,Medium,181,43,0,0.1879
T4201784,ENG,Ballast,Ballast deficiency,5,26,16.0,1,38,0,0,Medium,87,80,1,0.1061
T4201785,TRD,Sub-station,Sub-station overdue PM,1,15,18.3,0,53,0,0,High,349,66,0,0.0751
T4201786,ENG,Bridge,Bearing wear,4,4,5.8,0,59,0,0,Medium,169,38,0,0.0747
T4201787,SNT,Signal LED,LED failure,2,3,7.9,1,78,0,0,Low,240,38,0,0.0481
T4201788,TRD,Feeder,Feeder overdue PM,2,2,7.9,0,39,1,0,Low,150,51,0,0.0347
T4201789,ENG,Bridge,Bearing wear,1,1,13.1,1,84,1,0,Medium,193,64,1,0.0574
T4201790,TRD,OHE,OHE wear,1,4,11.0,0,46,0,1,Medium,129,20,0,0.0344
T4201791,ENG,Ballast,Ballast deficiency,1,14,9.1,0,56,1,0,Medium,383,39,0,0.092
T4201792,ENG,Rail,Rail crack,5,6,9.8,1,101,1,1,Low,287,43,0,0.4425
T4201793,SNT,Signal LED,LED failure,5,1,7.2,0,36,1,0,High,339,26,0,0.1866
T4201794,TRD,Insulator,Insulator crack,3,0,10.9,0,78,1,0,Medium,109,35,0,0.1008
T4201795,ENG,Bridge,Bearing wear,1,2,18.7,0,85,1,0,High,16,58,0,0.0632
T4201796,SNT,Point Machine,Point machine overdue,5,11,2.9,1,68,0,1,Medium,154,45,0,0.2926
T4201797,ENG,Fastening,Fastening renewal,4,5,14.1,0,57,0,0,Low,406,47,0,0.0774
T4201798,SNT,Point Machine,Point machine overdue,3,2,20.3,0,113,1,1,Low,151,27,0,0.1855
T4201799,SNT,Point Machine,Point machine overdue,5,1,10.9,1,60,1,1,Low,275,51,1,0.3339
T4201800,SNT,Point Machine,Point machine overdue,3,0,8.8,1,65,0,1,Low,88,25,0,0.078
T4201801,SNT,Axle Counter,Axle counter drift,2,18,17.5,0,52,0,1,High,105,84,0,0.1176
T4201802,ENG,Bridge,Bearing wear,4,2,6.1,0,64,1,0,Low,173,90,0,0.0951
T4201803,SNT,Signal LED,LED failure,3,1,11.9,1,84,0,0,Low,370,46,0,0.1117
T4201804,SNT,Cable,Cable insulation fault,4,11,5.8,0,53,1,0,Low,279,33,0,0.126
T4201805,SNT,Interlocking,Interlocking fault,4,4,0.8,0,7,1,1,Medium,5,72,0,0.1143
T4201806,ENG,Fastening,Fastening renewal,5,15,11.1,1,73,0,0,Low,240,67,0,0.1652
T4201807,ENG,Fastening,Fastening renewal,2,1,4.4,1,33,1,0,Low,77,92,0,0.0336
T4201808,ENG,Rail,Rail crack,1,17,11.9,0,79,1,1,High,119,98,0,0.2085
T4201809,ENG,Bridge,Bearing wear,3,1,18.7,0,60,0,0,Low,226,20,0,0.0353
T4201810,ENG,Fastening,Fastening renewal,4,1,23.1,1,84,0,0,High,306,78,1,0.1409
T4201811,ENG,Bridge,Bearing wear,5,0,12.6,0,36,0,0,Low,301,51,0,0.0757
T4201812,SNT,Signal LED,LED failure,2,9,18.1,1,47,1,0,Medium,210,66,1,0.0689
T4201813,ENG,Fastening,Fastening renewal,4,2,14.4,0,51,1,0,Medium,211,71,0,0.1312
T4201814,TRD,Feeder,Feeder overdue PM,5,32,9.7,0,23,0,0,Low,301,70,0,0.1191
T4201815,SNT,Interlocking,Interlocking fault,5,1,0.5,1,88,1,1,Medium,38,75,1,0.3577
T4201816,TRD,OHE,OHE wear,5,7,21.8,2,19,1,1,Low,344,44,1,0.3861
T4201817,SNT,Point Machine,Point machine overdue,5,19,5.7,0,87,0,1,Low,114,36,0,0.2793
T4201818,SNT,Axle Counter,Axle counter drift,4,1,20.3,3,71,0,1,High,203,79,0,0.3086
T4201819,SNT,Signal LED,LED failure,2,3,15.2,1,55,1,0,High,135,38,0,0.0841
T4201820,TRD,Insulator,Insulator crack,3,13,6.1,1,69,0,0,Low,76,92,0,0.0571
T4201821,SNT,Interlocking,Interlocking fault,4,20,13.9,2,68,1,1,Medium,222,40,0,0.5138
T4201822,SNT,Signal LED,LED failure,2,5,24.8,1,50,1,0,Low,201,47,0,0.0727
T4201823,SNT,Axle Counter,Axle counter drift,4,4,21.2,0,67,1,1,Low,171,51,0,0.2091
T4201824,SNT,Interlocking,Interlocking fault,3,9,8.9,0,78,0,1,Low,166,24,0,0.094
T4201825,ENG,Ballast,Ballast deficiency,4,6,7.7,0,36,0,0,Medium,317,24,0,0.1184
T4201826,SNT,Cable,Cable insulation fault,3,2,12.6,1,69,1,0,Medium,377,73,0,0.1265
T4201827,SNT,Cable,Cable insulation fault,4,16,11.0,3,5,0,0,Medium,293,21,0,0.1065
T4201828,TRD,Insulator,Insulator crack,1,1,19.2,1,12,0,0,High,205,105,0,0.034
T4201829,SNT,Signal LED,LED failure,4,2,16.4,0,74,0,0,Medium,33,53,0,0.0658
T4201830,SNT,Interlocking,Interlocking fault,5,9,1.8,1,50,1,1,Low,236,34,0,0.276
T4201831,TRD,Insulator,Insulator crack,5,5,14.8,0,39,0,0,Low,240,63,0,0.0512
T4201832,SNT,Signal LED,LED failure,5,6,10.9,0,59,1,0,Medium,249,20,0,0.2444
T4201833,ENG,Bridge,Bearing wear,2,1,12.2,1,50,0,0,Low,77,48,0,0.0173
T4201834,ENG,Rail,Rail crack,1,16,13.5,1,35,1,1,Low,257,51,0,0.1226
T4201835,ENG,Bridge,Bearing wear,4,2,19.2,1,19,1,0,Low,321,30,0,0.1216
T4201836,ENG,Bridge,Bearing wear,1,9,17.9,1,11,0,0,Low,92,42,0,0.0122
T4201837,ENG,Fastening,Fastening renewal,2,0,7.5,0,78,1,0,Medium,242,86,0,0.0907
T4201838,TRD,OHE,OHE wear,4,6,11.6,0,49,1,1,Medium,107,59,0,0.202
T4201839,SNT,Axle Counter,Axle counter drift,3,6,9.3,1,84,1,1,Medium,171,63,1,0.225
T4201840,ENG,Fastening,Fastening renewal,4,25,1.9,1,49,0,0,High,95,39,0,0.1052
T4201841,SNT,Signal LED,LED failure,4,15,11.3,1,69,1,0,Medium,148,29,0,0.2459
T4201842,ENG,Bridge,Bearing wear,1,34,23.1,0,57,0,0,Low,149,50,0,0.0465
T4201843,TRD,OHE,OHE wear,4,2,1.7,1,61,0,1,Medium,217,20,0,0.1717
T4201844,ENG,Bridge,Bearing wear,3,14,11.9,0,62,0,0,Low,260,33,0,0.062
T4201845,SNT,Signal LED,LED failure,3,3,11.7,3,49,0,0,High,289,30,0,0.0881
T4201846,ENG,Bridge,Bearing wear,3,1,13.7,1,29,0,0,Medium,121,20,0,0.0422
T4201847,SNT,Cable,Cable insulation fault,3,15,6.2,1,79,1,0,Low,212,68,0,0.1718
T4201848,ENG,Bridge,Bearing wear,3,8,3.4,0,100,1,0,Medium,81,52,0,0.147
T4201849,TRD,Sub-station,Sub-station overdue PM,2,17,3.7,2,101,0,0,Low,170,43,0,0.052
T4201850,ENG,Rail,Rail crack,2,3,20.0,0,46,0,1,High,184,68,0,0.0466
T4201851,TRD,Sub-station,Sub-station overdue PM,1,6,6.1,0,42,1,0,Low,97,22,0,0.0296
T4201852,SNT,Cable,Cable insulation fault,2,7,9.0,1,46,0,0,Low,230,28,0,0.0308
T4201853,TRD,OHE,OHE wear,2,3,24.6,1,56,1,1,High,166,77,0,0.1641
T4201854,TRD,Feeder,Feeder overdue PM,3,16,7.6,0,59,0,0,Low,194,101,0,0.0534
T4201855,TRD,Sub-station,Sub-station overdue PM,5,2,14.1,1,35,1,0,Low,290,69,0,0.1488
T4201856,ENG,Ballast,Ballast deficiency,1,13,18.4,1,23,0,0,Medium,142,64,0,0.0214
T4201857,ENG,Bridge,Bearing wear,2,27,18.1,1,61,1,0,Medium,257,43,1,0.1896
T4201858,ENG,Ballast,Ballast deficiency,1,2,4.0,2,5,0,0,Low,310,44,0,0.0236
T4201859,ENG,Ballast,Ballast deficiency,5,3,7.7,2,57,0,0,Low,304,60,1,0.132
T4201860,SNT,Axle Counter,Axle counter drift,4,6,13.8,4,36,1,1,Low,163,82,0,0.339
T4201861,TRD,Insulator,Insulator crack,2,35,23.6,0,80,1,0,Low,92,64,0,0.1516
T4201862,TRD,Insulator,Insulator crack,3,1,7.4,0,86,0,0,Low,116,74,0,0.0246
T4201863,SNT,Point Machine,Point machine overdue,4,2,9.0,0,87,0,1,Low,37,37,0,0.0909
T4201864,SNT,Point Machine,Point machine overdue,5,6,14.5,1,51,1,1,Medium,242,67,0,0.4084
T4201865,TRD,Insulator,Insulator crack,3,1,15.7,1,32,0,0,Medium,247,42,0,0.0474
T4201866,TRD,Sub-station,Sub-station overdue PM,2,14,16.1,0,40,1,0,Low,191,58,0,0.0533
T4201867,ENG,Ballast,Ballast deficiency,4,2,6.9,1,67,0,0,Low,56,67,0,0.0386
T4201868,SNT,Axle Counter,Axle counter drift,4,0,8.8,2,19,0,1,Low,147,44,0,0.0874
T4201869,TRD,Feeder,Feeder overdue PM,4,3,13.3,2,95,0,0,Low,304,35,0,0.1626
T4201870,ENG,Bridge,Bearing wear,1,17,19.6,1,52,0,0,High,235,62,0,0.0899
T4201871,ENG,Rail,Rail crack,4,2,10.6,0,73,0,1,Low,250,52,0,0.1706
T4201872,TRD,Insulator,Insulator crack,1,1,11.9,0,15,0,0,High,478,58,0,0.0281
T4201873,TRD,Sub-station,Sub-station overdue PM,5,4,5.8,2,37,1,0,Medium,210,68,0,0.1673
T4201874,TRD,Insulator,Insulator crack,5,16,23.2,1,12,0,0,Medium,5,81,0,0.0898
T4201875,TRD,Feeder,Feeder overdue PM,3,2,12.9,0,86,1,0,High,81,68,0,0.1386
T4201876,ENG,Fastening,Fastening renewal,4,12,18.5,0,56,0,0,Medium,208,66,0,0.076
T4201877,ENG,Bridge,Bearing wear,1,12,12.2,0,74,1,0,Medium,182,45,0,0.0714
T4201878,SNT,Axle Counter,Axle counter drift,5,3,12.5,1,62,0,1,Low,165,48,0,0.1399
T4201879,SNT,Interlocking,Interlocking fault,2,5,3.0,0,72,1,1,Medium,166,64,1,0.1442
T4201880,SNT,Signal LED,LED failure,2,3,0.0,0,52,1,0,Low,109,48,0,0.03
T4201881,SNT,Cable,Cable insulation fault,4,2,19.5,1,55,1,0,Low,214,64,0,0.1319
T4201882,ENG,Ballast,Ballast deficiency,5,7,12.5,0,58,1,0,High,305,39,0,0.2244
T4201883,SNT,Interlocking,Interlocking fault,3,27,13.2,0,70,0,1,Medium,336,94,1,0.2106
T4201884,ENG,Rail,Rail crack,3,4,4.5,0,71,0,1,Low,333,59,1,0.204
T4201885,ENG,Bridge,Bearing wear,3,32,6.6,0,130,0,0,High,94,58,0,0.1855
T4201886,ENG,Bridge,Bearing wear,2,5,18.4,1,102,1,0,Low,178,45,0,0.1526
T4201887,ENG,Fastening,Fastening renewal,3,8,22.4,0,16,0,0,High,152,93,0,0.0665
T4201888,TRD,Insulator,Insulator crack,5,4,8.3,1,56,1,0,Medium,233,30,0,0.1533
T4201889,ENG,Bridge,Bearing wear,2,1,16.0,0,50,1,0,Low,173,41,0,0.0485
T4201890,ENG,Bridge,Bearing wear,4,0,13.1,0,92,0,0,Low,160,72,1,0.0455
T4201891,TRD,Insulator,Insulator crack,4,20,11.3,2,52,0,0,High,311,60,0,0.2169
T4201892,SNT,Interlocking,Interlocking fault,5,3,23.1,1,72,0,1,Low,189,43,0,0.1551
T4201893,ENG,Bridge,Bearing wear,4,24,9.3,0,5,0,0,High,191,44,0,0.0665
T4201894,ENG,Ballast,Ballast deficiency,5,5,19.4,0,22,0,0,Low,217,49,0,0.053
T4201895,ENG,Fastening,Fastening renewal,4,0,14.3,1,112,0,0,Low,241,57,0,0.0948
T4201896,SNT,Cable,Cable insulation fault,5,6,11.9,0,61,1,0,Medium,241,86,1,0.1999
T4201897,ENG,Bridge,Bearing wear,4,18,20.2,0,35,1,0,Low,320,67,0,0.1439
T4201898,ENG,Bridge,Bearing wear,5,8,13.7,0,66,0,0,Low,64,75,0,0.0684
T4201899,ENG,Bridge,Bearing wear,5,15,11.4,0,34,0,0,Medium,209,46,0,0.1309
T4201900,SNT,Axle Counter,Axle counter drift,5,6,20.3,1,53,1,1,Low,171,65,0,0.3319
T4201901,ENG,Rail,Rail crack,3,2,19.5,0,24,0,1,Low,153,24,0,0.0563
T4201902,TRD,Sub-station,Sub-station overdue PM,4,4,19.2,0,40,1,0,Medium,248,59,0,0.14
T4201903,ENG,Bridge,Bearing wear,5,8,0.0,1,50,0,0,Medium,297,57,0,0.0973
T4201904,SNT,Point Machine,Point machine overdue,2,15,14.6,0,88,1,1,Medium,127,91,0,0.2455
T4201905,ENG,Rail,Rail crack,1,1,13.3,1,72,1,1,Medium,332,86,0,0.1407
T4201906,ENG,Fastening,Fastening renewal,5,18,11.8,1,76,1,0,Medium,51,50,1,0.3104
T4201907,ENG,Fastening,Fastening renewal,4,0,15.7,0,59,1,0,Low,233,39,0,0.1193
T4201908,TRD,Feeder,Feeder overdue PM,3,0,13.6,0,81,1,0,High,100,39,0,0.1148
T4201909,TRD,OHE,OHE wear,4,2,16.1,1,38,0,1,Low,122,49,1,0.1091
T4201910,ENG,Fastening,Fastening renewal,1,10,10.4,0,42,1,0,High,185,81,0,0.0611
T4201911,ENG,Rail,Rail crack,3,1,21.0,0,70,1,1,Medium,144,63,0,0.162
T4201912,TRD,Sub-station,Sub-station overdue PM,2,21,16.7,0,53,0,0,Medium,5,65,0,0.0306
T4201913,SNT,Cable,Cable insulation fault,2,10,15.3,0,60,1,0,Low,235,71,0,0.1043
T4201914,ENG,Bridge,Bearing wear,5,2,15.0,1,56,0,0,Low,250,35,0,0.0995
T4201915,ENG,Rail,Rail crack,3,2,18.9,3,91,0,1,Low,166,41,0,0.1494
T4201916,SNT,Interlocking,Interlocking fault,1,1,18.1,2,93,0,1,Medium,158,65,0,0.1109
T4201917,SNT,Signal LED,LED failure,2,6,11.3,0,44,0,0,Low,146,39,0,0.0243
T4201918,SNT,Point Machine,Point machine overdue,2,11,17.9,0,16,0,1,Low,26,24,0,0.0338
T4201919,TRD,Feeder,Feeder overdue PM,5,2,13.0,1,42,1,0,Medium,16,33,0,0.0975
T4201920,SNT,Signal LED,LED failure,2,2,23.5,0,38,0,0,Low,252,76,0,0.0332
T4201921,ENG,Rail,Rail crack,2,4,18.6,2,81,1,1,Low,276,48,0,0.2842
T4201922,SNT,Point Machine,Point machine overdue,2,0,8.2,0,83,1,1,Medium,234,60,0,0.1695
T4201923,ENG,Rail,Rail crack,1,25,26.0,0,34,0,1,Low,214,34,0,0.0809
T4201924,ENG,Rail,Rail crack,4,1,0.0,0,41,1,1,Low,250,63,1,0.1397
T4201925,ENG,Ballast,Ballast deficiency,3,5,15.8,0,23,0,0,Low,244,50,0,0.0374
T4201926,ENG,Bridge,Bearing wear,3,6,7.8,1,63,1,0,Medium,109,64,0,0.0858
T4201927,SNT,Signal LED,LED failure,2,4,23.3,0,59,0,0,High,200,45,0,0.0398
T4201928,ENG,Rail,Rail crack,4,15,13.5,0,80,0,1,Low,153,65,0,0.2044
T4201929,ENG,Rail,Rail crack,1,3,7.2,0,72,0,1,Medium,155,44,0,0.0417
T4201930,SNT,Signal LED,LED failure,5,3,10.4,0,75,1,0,Low,283,53,0,0.126
T4201931,SNT,Interlocking,Interlocking fault,3,7,7.7,1,21,0,1,Medium,322,50,0,0.1615
T4201932,TRD,OHE,OHE wear,2,5,10.2,1,44,0,1,Low,5,56,0,0.0288
T4201933,TRD,Sub-station,Sub-station overdue PM,3,8,10.0,0,84,1,0,Medium,157,61,0,0.1068
T4201934,SNT,Interlocking,Interlocking fault,5,2,7.5,2,47,0,1,Medium,152,45,0,0.1671
T4201935,ENG,Ballast,Ballast deficiency,1,5,13.6,1,19,1,0,Medium,285,53,0,0.0472
T4201936,SNT,Axle Counter,Axle counter drift,3,4,14.3,1,80,1,1,Low,49,59,0,0.2405
T4201937,SNT,Interlocking,Interlocking fault,3,4,6.0,3,46,0,1,Medium,5,65,0,0.1006
T4201938,ENG,Bridge,Bearing wear,5,3,2.1,1,87,0,0,Low,254,53,0,0.1218
T4201939,ENG,Bridge,Bearing wear,3,5,13.9,0,60,0,0,Medium,267,37,0,0.0725
T4201940,ENG,Bridge,Bearing wear,4,4,15.2,2,53,1,0,Medium,19,57,0,0.1096
T4201941,SNT,Point Machine,Point machine overdue,4,35,16.4,1,94,1,1,Medium,169,68,0,0.65
T4201942,ENG,Fastening,Fastening renewal,5,18,15.3,2,27,0,0,Medium,318,28,1,0.2189
T4201943,ENG,Rail,Rail crack,2,2,21.4,0,96,1,1,Medium,83,29,1,0.1791
T4201944,TRD,OHE,OHE wear,4,0,18.0,1,44,0,1,Medium,189,42,0,0.124
T4201945,TRD,Sub-station,Sub-station overdue PM,2,1,28.1,1,64,0,0,Low,226,51,0,0.0469
T4201946,ENG,Bridge,Bearing wear,5,3,30.6,0,64,0,0,Low,52,20,0,0.0666
T4201947,TRD,Insulator,Insulator crack,5,6,1.5,0,49,1,0,Medium,129,66,0,0.1583
T4201948,ENG,Fastening,Fastening renewal,2,6,0.0,1,41,0,0,Medium,28,51,0,0.0202
T4201949,TRD,Feeder,Feeder overdue PM,3,4,12.0,2,51,1,0,Medium,165,20,0,0.1757
T4201950,TRD,Sub-station,Sub-station overdue PM,5,20,15.0,0,35,0,0,Medium,109,33,0,0.1085
T4201951,ENG,Ballast,Ballast deficiency,1,15,11.5,0,109,1,0,Medium,199,49,0,0.1019
T4201952,TRD,OHE,OHE wear,4,19,16.2,1,48,1,1,Low,237,20,0,0.3356
T4201953,TRD,Sub-station,Sub-station overdue PM,5,1,10.4,3,89,0,0,Low,305,74,0,0.193
T4201954,TRD,Feeder,Feeder overdue PM,5,1,7.8,3,86,0,0,High,390,59,0,0.286
T4201955,TRD,OHE,OHE wear,1,11,8.7,0,69,1,1,Low,199,69,0,0.1217
T4201956,SNT,Point Machine,Point machine overdue,4,1,10.8,0,57,0,1,Low,152,34,0,0.0914
T4201957,ENG,Fastening,Fastening renewal,4,10,17.1,2,65,0,0,Medium,146,63,0,0.1716
T4201958,TRD,Sub-station,Sub-station overdue PM,1,1,9.1,0,74,1,0,Low,93,42,0,0.0278
T4201959,SNT,Cable,Cable insulation fault,4,6,10.3,1,63,0,0,Low,220,51,0,0.0732
T4201960,SNT,Interlocking,Interlocking fault,4,1,15.4,1,21,1,1,Medium,135,62,0,0.1743
T4201961,ENG,Fastening,Fastening renewal,5,3,10.8,2,15,0,0,Low,227,54,1,0.113
T4201962,SNT,Point Machine,Point machine overdue,1,3,18.7,0,98,0,1,High,96,71,0,0.0609
T4201963,ENG,Rail,Rail crack,5,12,6.5,0,5,1,1,High,138,58,0,0.2739
T4201964,SNT,Point Machine,Point machine overdue,3,1,5.2,0,65,1,1,Medium,219,46,0,0.1885
T4201965,ENG,Ballast,Ballast deficiency,2,10,13.8,0,54,0,0,High,169,72,0,0.0389
T4201966,SNT,Point Machine,Point machine overdue,2,3,14.4,0,64,0,1,Low,7,76,0,0.0696
T4201967,TRD,OHE,OHE wear,4,7,6.8,0,32,0,1,Low,179,57,0,0.074
T4201968,SNT,Signal LED,LED failure,5,18,20.1,0,69,0,0,Medium,108,82,0,0.1352
T4201969,SNT,Signal LED,LED failure,2,12,23.5,1,65,1,0,Medium,286,50,0,0.2047
T4201970,ENG,Rail,Rail crack,5,13,8.2,0,129,0,1,Low,267,52,0,0.3257
T4201971,TRD,Sub-station,Sub-station overdue PM,4,27,20.9,1,63,1,0,Low,5,55,0,0.1763
T4201972,SNT,Point Machine,Point machine overdue,1,1,0.0,1,94,0,1,Low,252,52,0,0.0618
T4201973,ENG,Bridge,Bearing wear,3,24,18.5,1,23,0,0,Low,215,49,0,0.0698
T4201974,ENG,Bridge,Bearing wear,5,22,6.9,1,86,1,0,Low,46,41,0,0.2678
T4201975,ENG,Rail,Rail crack,1,7,17.9,1,66,1,1,High,259,35,1,0.2005
T4201976,SNT,Signal LED,LED failure,1,15,6.2,0,67,0,0,Medium,65,57,0,0.0146
T4201977,TRD,Insulator,Insulator crack,1,0,11.6,2,67,0,0,Medium,283,79,0,0.0449
T4201978,SNT,Signal LED,LED failure,3,6,7.1,0,103,0,0,Low,122,71,0,0.0488
T4201979,ENG,Rail,Rail crack,1,5,10.7,0,66,0,1,Low,43,63,0,0.034
T4201980,TRD,Sub-station,Sub-station overdue PM,5,32,23.0,0,40,1,0,Low,371,80,1,0.3529
T4201981,ENG,Rail,Rail crack,1,2,11.4,1,45,0,1,Medium,41,55,0,0.0324
T4201982,TRD,Sub-station,Sub-station overdue PM,1,6,24.7,0,80,0,0,Medium,107,35,0,0.0291
T4201983,ENG,Fastening,Fastening renewal,2,2,9.7,0,71,0,0,Low,125,48,0,0.0347
T4201984,SNT,Signal LED,LED failure,4,6,21.0,5,22,1,0,High,139,54,0,0.2867
T4201985,TRD,Feeder,Feeder overdue PM,5,13,2.2,0,73,0,0,Medium,243,45,0,0.1512
T4201986,ENG,Ballast,Ballast deficiency,2,10,10.3,1,33,1,0,Low,185,67,0,0.0483
T4201987,SNT,Signal LED,LED failure,3,0,8.8,0,71,0,0,High,270,74,0,0.0663
T4201988,TRD,Feeder,Feeder overdue PM,4,0,21.2,1,40,0,0,Low,213,20,0,0.0467
T4201989,ENG,Bridge,Bearing wear,4,9,13.1,2,53,0,0,High,29,52,0,0.1243
T4201990,ENG,Ballast,Ballast deficiency,1,8,0.0,2,46,1,0,Medium,229,20,0,0.0507
T4201991,SNT,Signal LED,LED failure,5,6,4.1,1,98,0,0,Low,201,53,0,0.132
T4201992,ENG,Fastening,Fastening renewal,5,2,5.9,0,70,1,0,Low,124,53,0,0.1214
T4201993,ENG,Rail,Rail crack,4,0,17.6,0,92,0,1,Medium,367,91,0,0.2564
T4201994,SNT,Cable,Cable insulation fault,3,12,16.8,0,132,1,0,Medium,235,85,0,0.1549
T4201995,TRD,Sub-station,Sub-station overdue PM,2,8,10.2,0,61,0,0,Medium,265,74,0,0.0306
T4201996,ENG,Fastening,Fastening renewal,5,12,8.7,1,98,0,0,Low,268,36,0,0.1784
T4201997,ENG,Ballast,Ballast deficiency,5,11,16.3,1,43,1,0,Medium,142,35,0,0.1703
T4201998,TRD,Feeder,Feeder overdue PM,3,6,5.2,0,91,0,0,Low,237,33,0,0.0486
T4201999,SNT,Point Machine,Point machine overdue,4,4,14.7,3,40,0,1,Low,208,86,0,0.1669
T4202000,TRD,Sub-station,Sub-station overdue PM,2,1,14.2,1,60,1,0,Low,130,37,0,0.043
T4202001,ENG,Rail,Rail crack,4,5,10.4,1,73,1,1,Medium,70,47,0,0.2073
T4202002,TRD,Feeder,Feeder overdue PM,1,5,14.4,0,77,1,0,Medium,182,37,0,0.0591
T4202003,SNT,Point Machine,Point machine overdue,5,2,12.6,2,28,0,1,Low,233,30,0,0.125
T4202004,ENG,Ballast,Ballast deficiency,3,16,15.0,0,38,1,0,Medium,181,62,0,0.099
T4202005,TRD,Insulator,Insulator crack,3,9,4.0,1,75,1,0,High,164,58,0,0.1386
T4202006,SNT,Point Machine,Point machine overdue,1,1,15.7,0,51,1,1,Low,182,20,0,0.0715
T4202007,ENG,Rail,Rail crack,3,21,18.2,0,25,1,1,Low,154,29,0,0.2678
T4202008,ENG,Fastening,Fastening renewal,1,7,13.9,1,58,1,0,Low,319,60,0,0.0577
T4202009,SNT,Interlocking,Interlocking fault,5,3,15.6,2,57,1,1,Low,204,54,1,0.3813
T4202010,ENG,Bridge,Bearing wear,4,23,11.3,0,64,0,0,Low,136,47,0,0.0879
T4202011,ENG,Ballast,Ballast deficiency,3,5,17.3,1,73,0,0,Medium,17,67,0,0.0552
T4202012,ENG,Bridge,Bearing wear,5,15,12.4,0,72,0,0,Low,162,26,0,0.101
T4202013,ENG,Fastening,Fastening renewal,5,8,5.1,0,41,0,0,Medium,128,43,0,0.0945
T4202014,ENG,Bridge,Bearing wear,1,2,16.9,1,50,1,0,High,125,65,0,0.0687
T4202015,SNT,Point Machine,Point machine overdue,1,10,2.2,0,83,0,1,Low,265,42,0,0.0778
T4202016,ENG,Fastening,Fastening renewal,2,3,13.7,0,46,0,0,Low,187,61,0,0.0176
T4202017,ENG,Bridge,Bearing wear,1,3,9.7,0,50,1,0,Low,29,32,0,0.0229
T4202018,SNT,Cable,Cable insulation fault,3,4,9.3,1,22,1,0,Medium,236,39,0,0.0795
T4202019,ENG,Ballast,Ballast deficiency,3,4,13.0,2,59,0,0,Low,38,20,0,0.034
T4202020,SNT,Signal LED,LED failure,3,7,7.7,2,69,0,0,Medium,242,20,0,0.0821
T4202021,ENG,Rail,Rail crack,1,12,15.1,0,11,0,1,Medium,137,45,0,0.0407
T4202022,ENG,Bridge,Bearing wear,5,5,12.3,1,33,0,0,Medium,188,64,0,0.101
T4202023,ENG,Bridge,Bearing wear,5,6,8.3,1,24,0,0,Medium,178,53,1,0.0998
T4202024,SNT,Interlocking,Interlocking fault,3,1,20.0,0,80,0,1,High,167,78,0,0.1729
T4202025,ENG,Rail,Rail crack,1,6,13.2,1,12,1,1,High,199,47,0,0.122
T4202026,TRD,Insulator,Insulator crack,2,2,15.8,0,58,0,0,Medium,187,20,0,0.0342
T4202027,ENG,Bridge,Bearing wear,4,3,20.5,1,78,0,0,Low,348,62,0,0.1102
T4202028,SNT,Point Machine,Point machine overdue,4,3,20.4,2,65,1,1,Medium,200,33,0,0.3553
T4202029,SNT,Interlocking,Interlocking fault,2,6,15.5,0,49,0,1,High,202,58,0,0.0841
T4202030,ENG,Rail,Rail crack,5,11,10.2,3,69,0,1,Medium,116,20,0,0.3078
T4202031,SNT,Signal LED,LED failure,5,5,3.4,1,86,0,0,Medium,214,49,0,0.1471
T4202032,ENG,Fastening,Fastening renewal,3,1,13.2,1,57,0,0,Low,88,69,0,0.0463
T4202033,ENG,Bridge,Bearing wear,2,22,18.6,0,5,0,0,Medium,284,67,0,0.0483
T4202034,ENG,Fastening,Fastening renewal,3,2,14.1,0,89,0,0,Medium,46,50,0,0.0366
T4202035,TRD,Sub-station,Sub-station overdue PM,1,5,0.0,1,70,0,0,High,104,54,0,0.0386
T4202036,TRD,Sub-station,Sub-station overdue PM,3,24,17.2,0,59,1,0,Low,33,45,0,0.0641
T4202037,ENG,Bridge,Bearing wear,1,21,17.6,0,10,1,0,Low,218,49,0,0.058
T4202038,SNT,Cable,Cable insulation fault,1,7,10.2,0,53,0,0,Low,142,68,0,0.0129
T4202039,TRD,Sub-station,Sub-station overdue PM,3,10,17.9,1,38,1,0,Low,242,40,0,0.1209
T4202040,ENG,Bridge,Bearing wear,3,15,15.8,0,30,0,0,Medium,92,42,0,0.0389
T4202041,TRD,Insulator,Insulator crack,5,3,7.9,1,57,0,0,Low,228,23,0,0.0947
T4202042,SNT,Signal LED,LED failure,3,10,19.6,0,47,0,0,Medium,232,68,0,0.0956
T4202043,TRD,Insulator,Insulator crack,5,3,4.4,2,48,0,0,Medium,199,49,0,0.0959
T4202044,TRD,Feeder,Feeder overdue PM,5,11,11.7,1,78,0,0,Medium,183,30,1,0.1284
T4202045,ENG,Fastening,Fastening renewal,2,4,11.1,1,66,1,0,Medium,192,71,1,0.0879
T4202046,ENG,Ballast,Ballast deficiency,5,3,7.0,1,48,0,0,Medium,98,53,0,0.1029
T4202047,SNT,Point Machine,Point machine overdue,3,14,13.8,3,44,0,1,Low,83,39,1,0.1427
T4202048,ENG,Ballast,Ballast deficiency,3,1,19.9,0,49,0,0,Low,229,72,0,0.0388
T4202049,ENG,Bridge,Bearing wear,1,9,19.5,0,54,1,0,Medium,147,47,0,0.0549
T4202050,TRD,Sub-station,Sub-station overdue PM,2,0,16.3,0,75,0,0,Low,221,23,0,0.0257
T4202051,ENG,Bridge,Bearing wear,3,5,1.8,0,34,1,0,Low,320,73,0,0.0754
T4202052,SNT,Point Machine,Point machine overdue,2,16,4.0,1,96,0,1,High,139,37,0,0.1635
T4202053,TRD,Sub-station,Sub-station overdue PM,3,13,13.0,1,75,1,0,Medium,126,114,0,0.1826
T4202054,ENG,Ballast,Ballast deficiency,1,6,11.8,1,5,0,0,Low,151,45,0,0.0169
T4202055,SNT,Signal LED,LED failure,2,3,9.0,0,62,0,0,Medium,184,20,0,0.0249
T4202056,TRD,Feeder,Feeder overdue PM,4,2,23.4,1,86,0,0,Low,235,89,0,0.0926
T4202057,SNT,Axle Counter,Axle counter drift,4,1,12.6,1,70,0,1,Low,177,53,0,0.1476
T4202058,ENG,Bridge,Bearing wear,5,0,15.3,1,50,0,0,Low,367,59,0,0.0943
T4202059,ENG,Rail,Rail crack,5,3,17.9,0,58,0,1,Low,218,62,0,0.1346
T4202060,TRD,OHE,OHE wear,5,1,12.3,0,64,1,1,Low,250,27,0,0.2622
T4202061,ENG,Rail,Rail crack,1,11,27.5,0,79,1,1,Medium,177,20,0,0.1791
T4202062,SNT,Cable,Cable insulation fault,4,0,6.4,2,25,0,0,Low,271,93,0,0.0737
T4202063,ENG,Fastening,Fastening renewal,2,13,8.4,0,45,1,0,Low,162,23,0,0.0574
T4202064,ENG,Rail,Rail crack,2,2,6.3,1,101,1,1,Low,122,87,0,0.2271
T4202065,TRD,OHE,OHE wear,2,15,21.4,0,61,1,1,Low,261,64,0,0.1733
T4202066,SNT,Point Machine,Point machine overdue,3,10,16.8,0,98,0,1,Medium,175,57,0,0.1934
T4202067,TRD,Feeder,Feeder overdue PM,1,2,8.7,0,135,0,0,Low,202,45,0,0.0288
T4202068,ENG,Ballast,Ballast deficiency,3,8,6.8,1,48,1,0,Medium,268,100,0,0.1726
T4202069,SNT,Point Machine,Point machine overdue,1,32,20.3,3,30,1,1,Low,193,40,0,0.3213
T4202070,TRD,OHE,OHE wear,3,4,14.2,1,53,1,1,Low,167,41,0,0.1915
T4202071,ENG,Rail,Rail crack,4,3,20.5,1,87,1,1,Medium,132,67,0,0.2492
T4202072,ENG,Ballast,Ballast deficiency,1,10,11.6,1,91,1,0,Medium,276,40,1,0.1292
T4202073,TRD,Insulator,Insulator crack,1,12,15.1,0,117,1,0,Medium,149,34,0,0.0811
T4202074,ENG,Fastening,Fastening renewal,5,6,13.8,0,59,0,0,Low,175,53,1,0.0836
T4202075,SNT,Interlocking,Interlocking fault,4,0,8.3,0,72,0,1,Low,206,68,0,0.0832
T4202076,TRD,Feeder,Feeder overdue PM,2,0,11.1,0,42,1,0,Medium,205,92,0,0.0555
T4202077,ENG,Fastening,Fastening renewal,5,22,4.9,0,5,1,0,High,271,96,0,0.2209
T4202078,ENG,Fastening,Fastening renewal,2,7,15.0,0,59,0,0,Low,174,20,0,0.0253
T4202079,ENG,Fastening,Fastening renewal,5,3,16.6,0,31,0,0,Medium,304,75,1,0.1079
T4202080,ENG,Rail,Rail crack,1,7,17.9,0,76,1,1,Low,158,34,0,0.1016
T4202081,ENG,Rail,Rail crack,4,6,16.0,0,13,0,1,High,213,35,0,0.1326
T4202082,SNT,Signal LED,LED failure,1,0,11.2,0,42,1,0,Low,163,43,0,0.0314
T4202083,ENG,Rail,Rail crack,1,1,21.3,0,67,0,1,Low,368,42,0,0.1049
T4202084,SNT,Interlocking,Interlocking fault,3,4,17.4,0,69,0,1,Low,148,33,0,0.0912
T4202085,ENG,Ballast,Ballast deficiency,1,33,20.3,0,59,1,0,Medium,157,20,0,0.0798
T4202086,ENG,Bridge,Bearing wear,3,3,20.7,1,107,1,0,Medium,190,83,0,0.1318
T4202087,ENG,Ballast,Ballast deficiency,2,8,11.2,0,99,0,0,Medium,156,72,0,0.0521
T4202088,SNT,Axle Counter,Axle counter drift,1,1,14.3,0,43,0,1,Medium,208,54,1,0.0574
T4202089,SNT,Signal LED,LED failure,5,3,16.6,1,100,0,0,Low,291,35,0,0.1639
T4202090,ENG,Rail,Rail crack,5,3,5.1,0,104,0,1,Low,193,79,0,0.2134
T4202091,TRD,Insulator,Insulator crack,5,10,5.2,1,57,1,0,High,197,53,1,0.26
T4202092,SNT,Axle Counter,Axle counter drift,1,3,4.2,0,61,0,1,Low,159,42,0,0.0439
T4202093,ENG,Rail,Rail crack,2,20,11.4,2,59,1,1,Low,135,21,0,0.2415
T4202094,TRD,Insulator,Insulator crack,2,1,10.0,0,44,1,0,Low,189,65,0,0.0333
T4202095,ENG,Fastening,Fastening renewal,2,16,3.4,0,46,0,0,Low,181,47,0,0.0339
T4202096,ENG,Fastening,Fastening renewal,3,1,12.9,2,93,0,0,Low,286,59,0,0.0659
T4202097,SNT,Interlocking,Interlocking fault,3,16,11.4,0,71,1,1,Medium,94,57,0,0.2423
T4202098,ENG,Bridge,Bearing wear,3,5,19.1,0,46,0,0,Medium,311,67,0,0.0607
T4202099,ENG,Fastening,Fastening renewal,2,38,24.1,1,37,1,0,Low,167,58,0,0.157
T4202100,SNT,Cable,Cable insulation fault,5,1,14.7,0,41,0,0,Low,193,48,0,0.0635
T4202101,ENG,Rail,Rail crack,5,8,7.8,0,56,0,1,High,84,65,0,0.1999
T4202102,TRD,Insulator,Insulator crack,2,28,15.9,0,83,0,0,Medium,231,73,1,0.1318
T4202103,TRD,Sub-station,Sub-station overdue PM,2,6,12.1,1,38,0,0,High,94,85,0,0.0385
T4202104,SNT,Axle Counter,Axle counter drift,3,22,10.6,0,83,1,1,Low,214,32,0,0.298
T4202105,SNT,Axle Counter,Axle counter drift,2,1,6.8,1,65,1,1,High,205,76,0,0.2447
T4202106,SNT,Point Machine,Point machine overdue,5,3,9.2,2,64,0,1,High,151,22,1,0.3793
T4202107,TRD,OHE,OHE wear,3,3,10.9,0,86,0,1,Low,5,74,0,0.0645
T4202108,ENG,Bridge,Bearing wear,1,6,16.8,0,81,0,0,Medium,374,42,0,0.0479
T4202109,ENG,Fastening,Fastening renewal,1,4,15.1,2,25,1,0,Low,85,71,0,0.0312
T4202110,SNT,Axle Counter,Axle counter drift,1,0,23.0,1,33,1,1,Medium,205,84,0,0.1149
T4202111,SNT,Signal LED,LED failure,2,8,16.0,1,54,1,0,Medium,114,59,0,0.0743
T4202112,ENG,Rail,Rail crack,2,4,14.5,0,69,1,1,Low,274,54,0,0.1072
T4202113,SNT,Axle Counter,Axle counter drift,5,24,10.2,2,94,0,1,Low,146,53,0,0.4442
T4202114,ENG,Bridge,Bearing wear,5,3,5.8,1,62,0,0,Low,112,46,0,0.0817
T4202115,TRD,Feeder,Feeder overdue PM,1,11,8.6,1,103,0,0,Medium,234,77,0,0.076
T4202116,ENG,Fastening,Fastening renewal,5,6,7.8,0,42,1,0,Medium,66,53,1,0.1457
T4202117,ENG,Bridge,Bearing wear,3,18,0.0,0,47,0,0,Low,143,20,0,0.0419
T4202118,ENG,Bridge,Bearing wear,2,2,5.9,0,52,1,0,High,242,73,0,0.083
T4202119,ENG,Rail,Rail crack,3,1,21.6,0,40,0,1,Low,316,72,0,0.1159
T4202120,ENG,Bridge,Bearing wear,3,1,14.2,2,89,0,0,Low,93,56,0,0.0438
T4202121,ENG,Rail,Rail crack,1,1,9.7,0,5,0,1,Low,125,39,0,0.0185
T4202122,ENG,Bridge,Bearing wear,5,8,14.4,0,47,1,0,Medium,212,32,0,0.1797
T4202123,ENG,Rail,Rail crack,1,3,0.3,0,89,0,1,Medium,5,39,0,0.047
T4202124,ENG,Fastening,Fastening renewal,1,13,13.7,0,52,1,0,Medium,302,59,0,0.0705
T4202125,ENG,Ballast,Ballast deficiency,2,6,19.7,0,87,1,0,High,90,20,1,0.0856
T4202126,ENG,Ballast,Ballast deficiency,1,22,11.3,1,115,0,0,Low,141,63,0,0.0555
T4202127,ENG,Rail,Rail crack,1,3,1.4,1,62,1,1,Low,203,56,0,0.1
T4202128,ENG,Rail,Rail crack,2,2,9.5,0,89,0,1,Medium,185,81,0,0.0871
T4202129,ENG,Fastening,Fastening renewal,2,10,19.7,0,120,1,0,Low,93,69,0,0.0699
T4202130,ENG,Ballast,Ballast deficiency,1,0,13.6,0,70,0,0,Medium,335,41,0,0.0271
T4202131,TRD,Feeder,Feeder overdue PM,5,28,3.5,0,59,1,0,Low,5,21,0,0.1622
T4202132,TRD,Insulator,Insulator crack,5,0,26.2,1,83,0,0,Low,79,39,0,0.0924
T4202133,TRD,Feeder,Feeder overdue PM,4,7,4.5,0,90,0,0,Low,123,83,0,0.0598
T4202134,SNT,Interlocking,Interlocking fault,3,8,10.5,0,59,1,1,Low,95,61,1,0.1232
T4202135,SNT,Signal LED,LED failure,5,14,5.8,0,48,0,0,High,290,67,0,0.1845
T4202136,ENG,Ballast,Ballast deficiency,2,3,5.8,1,103,1,0,Low,31,42,0,0.0642
T4202137,TRD,Sub-station,Sub-station overdue PM,3,5,9.3,1,53,0,0,High,320,65,1,0.1025
T4202138,TRD,OHE,OHE wear,1,2,15.8,0,90,0,1,Low,155,25,1,0.0555
T4202139,TRD,Feeder,Feeder overdue PM,4,1,19.7,0,67,0,0,High,58,74,0,0.0922
T4202140,TRD,Sub-station,Sub-station overdue PM,1,11,9.7,1,106,1,0,Medium,5,32,0,0.0565
T4202141,ENG,Ballast,Ballast deficiency,4,9,5.9,1,39,0,0,Low,161,20,0,0.0503
T4202142,TRD,Sub-station,Sub-station overdue PM,4,20,14.9,1,39,0,0,Low,117,100,0,0.0709
T4202143,TRD,Sub-station,Sub-station overdue PM,2,3,15.0,1,81,0,0,Low,201,58,0,0.0553
T4202144,ENG,Rail,Rail crack,4,2,13.4,0,32,0,1,Medium,139,57,1,0.0887
T4202145,TRD,Sub-station,Sub-station overdue PM,2,2,13.7,1,63,1,0,Low,266,20,0,0.0658
T4202146,ENG,Fastening,Fastening renewal,2,0,11.3,0,99,1,0,Low,167,67,0,0.0616
T4202147,TRD,Feeder,Feeder overdue PM,3,8,12.6,0,15,1,0,Medium,142,73,0,0.0649
T4202148,TRD,Feeder,Feeder overdue PM,2,0,10.9,0,70,0,0,Medium,268,51,0,0.0521
T4202149,ENG,Fastening,Fastening renewal,4,4,18.4,0,90,0,0,Low,201,73,0,0.0711
T4202150,SNT,Point Machine,Point machine overdue,2,5,25.4,0,59,1,1,Low,250,78,0,0.1331
T4202151,ENG,Rail,Rail crack,3,6,13.1,0,37,1,1,Medium,283,66,0,0.1716
T4202152,TRD,Sub-station,Sub-station overdue PM,5,27,12.0,0,53,0,0,Low,154,20,0,0.1147
T4202153,TRD,Sub-station,Sub-station overdue PM,2,0,13.5,1,39,1,0,Medium,183,32,0,0.1028
T4202154,SNT,Axle Counter,Axle counter drift,3,2,8.1,1,62,0,1,Low,256,89,0,0.116
T4202155,TRD,OHE,OHE wear,5,11,16.6,1,53,0,1,High,5,57,0,0.2458
T4202156,ENG,Rail,Rail crack,2,13,14.6,1,47,0,1,Medium,171,57,0,0.1056
T4202157,ENG,Ballast,Ballast deficiency,1,15,9.5,0,72,0,0,Medium,160,38,0,0.0364
T4202158,ENG,Fastening,Fastening renewal,2,11,17.4,1,99,0,0,Medium,214,42,0,0.0989
T4202159,ENG,Bridge,Bearing wear,5,3,12.1,1,68,0,0,High,108,79,0,0.1359
T4202160,ENG,Fastening,Fastening renewal,4,10,6.2,0,94,0,0,Medium,279,85,0,0.131
T4202161,ENG,Rail,Rail crack,5,15,14.1,0,99,0,1,Medium,114,71,0,0.285
T4202162,ENG,Ballast,Ballast deficiency,2,13,13.4,1,45,0,0,High,139,66,0,0.0526
T4202163,ENG,Bridge,Bearing wear,5,1,17.8,1,67,0,0,Low,120,68,0,0.087
T4202164,TRD,Sub-station,Sub-station overdue PM,2,2,17.0,1,49,1,0,Medium,291,54,0,0.0963
T4202165,ENG,Ballast,Ballast deficiency,4,1,11.3,0,23,1,0,Medium,5,31,0,0.0845
T4202166,TRD,Sub-station,Sub-station overdue PM,5,15,9.2,1,69,0,0,Medium,341,27,0,0.2569
T4202167,ENG,Rail,Rail crack,2,6,12.0,0,34,0,1,High,313,81,0,0.0935
T4202168,ENG,Fastening,Fastening renewal,5,3,14.2,0,72,0,0,Medium,129,54,0,0.0704
T4202169,SNT,Cable,Cable insulation fault,4,1,14.9,3,21,0,0,Medium,272,65,0,0.0933
T4202170,ENG,Rail,Rail crack,4,1,13.8,0,64,0,1,High,192,59,0,0.1385
T4202171,ENG,Ballast,Ballast deficiency,4,10,11.5,1,21,0,0,Medium,329,60,0,0.0876
T4202172,SNT,Axle Counter,Axle counter drift,1,1,18.0,0,77,0,1,Low,266,62,0,0.0486
T4202173,ENG,Fastening,Fastening renewal,4,7,8.0,0,50,1,0,Low,377,69,0,0.1369
T4202174,ENG,Fastening,Fastening renewal,2,2,26.9,0,48,0,0,Medium,39,40,0,0.023
T4202175,SNT,Axle Counter,Axle counter drift,2,1,16.6,1,88,0,1,Low,197,79,0,0.0949
T4202176,ENG,Bridge,Bearing wear,1,0,5.2,0,52,0,0,Medium,25,40,0,0.0121
T4202177,TRD,Insulator,Insulator crack,1,4,13.1,1,63,1,0,Medium,133,60,0,0.0453
T4202178,ENG,Fastening,Fastening renewal,5,4,16.6,0,55,1,0,Low,382,31,0,0.2521
T4202179,TRD,Sub-station,Sub-station overdue PM,2,19,9.9,0,73,1,0,High,222,52,1,0.1621
T4202180,TRD,Insulator,Insulator crack,2,4,3.0,2,86,1,0,Medium,269,42,0,0.1215
T4202181,TRD,Sub-station,Sub-station overdue PM,3,1,5.8,2,81,0,0,High,226,55,0,0.0863
T4202182,TRD,OHE,OHE wear,4,8,15.3,0,48,0,1,Low,221,70,1,0.0952
T4202183,ENG,Fastening,Fastening renewal,3,0,1.5,0,90,1,0,Low,133,57,0,0.0481
T4202184,SNT,Cable,Cable insulation fault,3,23,3.3,1,37,0,0,Medium,116,94,0,0.0804
T4202185,ENG,Ballast,Ballast deficiency,5,17,15.2,0,41,1,0,Medium,131,71,0,0.2197
T4202186,TRD,Sub-station,Sub-station overdue PM,3,11,10.7,0,57,0,0,High,5,50,0,0.0417
T4202187,SNT,Signal LED,LED failure,4,20,7.8,1,86,0,0,High,173,53,0,0.2299
T4202188,ENG,Rail,Rail crack,5,5,9.0,0,31,0,1,Low,202,63,1,0.138
T4202189,TRD,Insulator,Insulator crack,4,14,3.2,0,82,0,0,Low,124,69,0,0.07
T4202190,ENG,Rail,Rail crack,1,5,14.9,1,59,1,1,Medium,168,30,0,0.1486
T4202191,SNT,Axle Counter,Axle counter drift,2,42,7.2,1,49,0,1,Low,227,68,0,0.2177
T4202192,SNT,Interlocking,Interlocking fault,4,6,8.8,1,87,0,1,High,260,31,0,0.2974
T4202193,ENG,Bridge,Bearing wear,3,7,14.1,1,40,0,0,Medium,72,66,1,0.0405
T4202194,SNT,Cable,Cable insulation fault,2,6,10.5,0,117,1,0,Medium,108,77,0,0.0932
T4202195,TRD,Feeder,Feeder overdue PM,2,8,7.8,1,56,1,0,High,248,61,0,0.0888
T4202196,ENG,Bridge,Bearing wear,1,29,0.1,1,64,1,0,Low,233,20,0,0.0834
T4202197,SNT,Cable,Cable insulation fault,2,1,14.2,0,99,0,0,Low,301,20,0,0.0697
T4202198,ENG,Fastening,Fastening renewal,4,2,12.5,1,64,0,0,Medium,297,66,0,0.088
T4202199,SNT,Cable,Cable insulation fault,1,6,8.9,1,90,0,0,Medium,397,20,0,0.0465
T4202200,ENG,Rail,Rail crack,5,6,5.8,0,11,0,1,Medium,154,67,0,0.1376
T4202201,TRD,Feeder,Feeder overdue PM,2,4,12.1,1,49,0,0,Low,322,75,0,0.0447
T4202202,TRD,Insulator,Insulator crack,5,1,14.9,0,70,1,0,Medium,97,78,0,0.1514
T4202203,ENG,Ballast,Ballast deficiency,2,12,12.6,0,87,0,0,Low,395,50,0,0.0708
T4202204,ENG,Bridge,Bearing wear,5,2,21.8,1,79,0,0,Low,221,64,0,0.1421
T4202205,SNT,Interlocking,Interlocking fault,3,13,16.2,0,77,0,1,High,229,59,0,0.2727
T4202206,SNT,Cable,Cable insulation fault,5,35,11.4,0,87,0,0,Low,269,26,0,0.2256
T4202207,ENG,Bridge,Bearing wear,1,20,16.4,0,72,0,0,Low,58,70,0,0.0314
T4202208,ENG,Bridge,Bearing wear,4,2,12.3,0,6,1,0,Low,83,83,0,0.0587
T4202209,ENG,Fastening,Fastening renewal,2,2,12.3,0,96,1,0,High,190,69,0,0.0977
T4202210,TRD,OHE,OHE wear,2,3,19.8,0,39,1,1,Low,211,45,0,0.1406
T4202211,SNT,Axle Counter,Axle counter drift,1,11,6.6,1,68,1,1,Low,367,70,0,0.2184
T4202212,TRD,Insulator,Insulator crack,5,12,12.1,0,65,0,0,Low,95,81,0,0.0605
T4202213,SNT,Interlocking,Interlocking fault,4,0,19.1,0,61,1,1,Medium,319,78,0,0.3821
T4202214,TRD,Insulator,Insulator crack,5,4,13.9,0,32,1,0,Low,156,76,0,0.0811
T4202215,ENG,Ballast,Ballast deficiency,3,17,9.8,0,12,0,0,Medium,155,23,0,0.0363
T4202216,ENG,Bridge,Bearing wear,1,7,1.8,0,35,1,0,Medium,165,63,0,0.0411
T4202217,TRD,Feeder,Feeder overdue PM,2,7,0.0,2,81,1,0,Medium,153,68,0,0.1288
T4202218,TRD,Feeder,Feeder overdue PM,3,2,24.5,0,24,1,0,Low,224,76,0,0.0649
T4202219,ENG,Fastening,Fastening renewal,1,4,13.9,1,38,0,0,Medium,144,65,0,0.0204
T4202220,ENG,Ballast,Ballast deficiency,5,10,8.5,0,70,0,0,Low,53,86,0,0.0634
T4202221,SNT,Interlocking,Interlocking fault,5,10,14.1,1,34,1,1,Low,156,20,0,0.2669
T4202222,ENG,Ballast,Ballast deficiency,3,16,6.3,1,46,1,0,Medium,221,66,0,0.164
T4202223,ENG,Bridge,Bearing wear,3,1,10.0,1,62,0,0,Low,54,65,0,0.0285
T4202224,TRD,Insulator,Insulator crack,4,8,6.4,1,67,0,0,Low,232,73,1,0.0709
T4202225,ENG,Fastening,Fastening renewal,4,7,3.5,1,34,0,0,Low,286,86,0,0.0476
T4202226,SNT,Signal LED,LED failure,1,1,0.0,0,64,0,0,Low,313,37,0,0.0192
T4202227,ENG,Fastening,Fastening renewal,3,6,2.4,1,70,1,0,Low,210,85,0,0.0952
T4202228,ENG,Rail,Rail crack,4,6,18.1,1,28,0,1,Low,18,71,0,0.064
T4202229,SNT,Interlocking,Interlocking fault,5,1,6.1,1,65,0,1,Medium,238,51,0,0.1635
T4202230,ENG,Rail,Rail crack,3,3,15.2,2,42,1,1,Low,267,37,0,0.2622
T4202231,SNT,Cable,Cable insulation fault,5,21,17.7,1,63,0,0,Low,117,59,0,0.1107
T4202232,ENG,Rail,Rail crack,3,17,12.1,0,78,1,1,High,173,61,0,0.2746
T4202233,TRD,Feeder,Feeder overdue PM,2,12,10.2,0,56,0,0,Medium,224,62,0,0.0633
T4202234,SNT,Cable,Cable insulation fault,3,3,12.8,3,83,0,0,Medium,341,42,0,0.1744
T4202235,TRD,Insulator,Insulator crack,4,5,9.5,0,80,1,0,Low,157,67,0,0.1349
T4202236,ENG,Fastening,Fastening renewal,5,26,19.2,1,83,0,0,Low,260,47,1,0.2623
T4202237,ENG,Rail,Rail crack,2,19,23.3,0,70,0,1,Low,208,79,0,0.1526
T4202238,ENG,Ballast,Ballast deficiency,2,14,20.7,1,88,0,0,Medium,198,89,0,0.1
T4202239,SNT,Axle Counter,Axle counter drift,4,3,0.0,0,70,1,1,High,300,39,0,0.318
T4202240,ENG,Bridge,Bearing wear,4,2,9.4,3,18,0,0,Low,105,56,0,0.041
T4202241,ENG,Bridge,Bearing wear,2,1,12.0,0,40,0,0,Low,201,74,0,0.0164
T4202242,ENG,Bridge,Bearing wear,4,0,14.8,3,55,0,0,Low,182,61,0,0.0827
T4202243,ENG,Ballast,Ballast deficiency,1,6,1.6,0,58,1,0,Low,44,28,0,0.0196
T4202244,ENG,Rail,Rail crack,2,7,1.5,0,69,1,1,Low,291,72,1,0.1259
T4202245,ENG,Ballast,Ballast deficiency,5,22,19.8,0,40,1,0,High,255,43,1,0.3226
T4202246,ENG,Ballast,Ballast deficiency,3,8,8.6,2,110,1,0,Low,183,59,0,0.222
T4202247,SNT,Axle Counter,Axle counter drift,5,2,3.1,1,57,1,1,Low,156,35,0,0.1931
T4202248,ENG,Fastening,Fastening renewal,2,12,5.4,1,60,0,0,Medium,180,71,0,0.05
T4202249,ENG,Bridge,Bearing wear,2,2,14.3,1,43,0,0,Low,244,47,0,0.0247
T4202250,SNT,Axle Counter,Axle counter drift,5,17,7.1,2,35,1,1,High,185,73,0,0.4707
T4202251,TRD,OHE,OHE wear,5,0,13.4,1,57,1,1,Low,120,51,1,0.285
T4202252,ENG,Bridge,Bearing wear,5,2,6.1,0,61,1,0,High,133,45,0,0.142
T4202253,SNT,Axle Counter,Axle counter drift,2,32,1.5,1,58,1,1,Low,179,63,0,0.2308
T4202254,TRD,OHE,OHE wear,5,3,20.5,1,101,1,1,Low,96,34,1,0.3642
T4202255,SNT,Signal LED,LED failure,3,0,14.4,0,57,0,0,Medium,210,91,0,0.0527
T4202256,TRD,Insulator,Insulator crack,5,3,10.0,1,58,1,0,High,109,59,0,0.1791
T4202257,TRD,Insulator,Insulator crack,5,4,8.9,2,80,0,0,Low,94,44,0,0.1291
T4202258,ENG,Bridge,Bearing wear,3,2,20.8,1,56,1,0,Low,467,47,0,0.1535
T4202259,ENG,Fastening,Fastening renewal,2,10,15.5,1,73,1,0,Low,355,55,0,0.1437
T4202260,SNT,Interlocking,Interlocking fault,5,6,18.9,0,28,1,1,Low,193,75,0,0.2285
T4202261,TRD,Sub-station,Sub-station overdue PM,3,9,8.5,1,28,0,0,Medium,257,37,0,0.0686
T4202262,SNT,Cable,Cable insulation fault,3,9,12.3,0,63,1,0,High,272,48,1,0.2324
T4202263,ENG,Rail,Rail crack,4,0,14.4,0,54,1,1,Medium,173,54,0,0.2011
T4202264,SNT,Point Machine,Point machine overdue,5,2,8.7,2,40,0,1,Low,205,86,0,0.1768
T4202265,ENG,Rail,Rail crack,1,16,11.4,0,63,0,1,Medium,156,75,0,0.0674
T4202266,TRD,Sub-station,Sub-station overdue PM,5,17,8.5,1,65,1,0,Medium,293,87,0,0.3023
T4202267,SNT,Axle Counter,Axle counter drift,3,5,14.4,0,42,1,1,Low,294,56,0,0.152
T4202268,SNT,Signal LED,LED failure,1,4,4.1,0,47,1,0,Low,321,84,0,0.0425
T4202269,TRD,Insulator,Insulator crack,2,4,15.4,0,65,1,0,Medium,204,80,0,0.0647
T4202270,SNT,Cable,Cable insulation fault,3,4,13.9,0,34,0,0,Medium,375,69,0,0.0527
T4202271,SNT,Axle Counter,Axle counter drift,4,20,10.8,0,45,0,1,Low,173,71,0,0.0792
T4202272,TRD,Feeder,Feeder overdue PM,3,0,14.7,0,73,1,0,Medium,364,43,0,0.1805
T4202273,TRD,OHE,OHE wear,1,7,9.8,0,59,0,1,Medium,138,92,0,0.0719
T4202274,TRD,OHE,OHE wear,3,3,8.0,0,48,0,1,High,63,50,0,0.0932
T4202275,ENG,Rail,Rail crack,2,17,15.3,0,37,0,1,High,363,66,1,0.1447
T4202276,SNT,Cable,Cable insulation fault,2,10,15.5,0,35,0,0,Low,239,69,0,0.0237
T4202277,ENG,Rail,Rail crack,4,5,9.0,2,57,0,1,Low,227,28,0,0.1291
T4202278,TRD,Sub-station,Sub-station overdue PM,5,10,8.4,2,111,1,0,Medium,148,54,1,0.3774
T4202279,SNT,Cable,Cable insulation fault,1,31,10.9,0,74,0,0,Medium,104,59,0,0.067
T4202280,ENG,Bridge,Bearing wear,4,3,8.7,0,27,1,0,Low,112,53,0,0.0613
T4202281,ENG,Bridge,Bearing wear,3,9,21.2,0,78,0,0,Medium,192,54,0,0.0882
T4202282,ENG,Rail,Rail crack,2,22,13.9,0,41,1,1,High,166,85,1,0.2466
T4202283,SNT,Axle Counter,Axle counter drift,4,13,12.1,0,60,0,1,Low,5,38,0,0.0823
T4202284,ENG,Bridge,Bearing wear,2,1,6.4,1,45,0,0,Low,332,30,0,0.0443
T4202285,ENG,Ballast,Ballast deficiency,4,12,16.4,2,111,0,0,Low,142,43,0,0.1726
T4202286,TRD,Feeder,Feeder overdue PM,3,8,8.3,0,32,1,0,Low,291,70,0,0.0642
T4202287,TRD,Insulator,Insulator crack,1,16,8.1,1,68,1,0,Medium,116,72,0,0.0865
T4202288,ENG,Ballast,Ballast deficiency,4,5,16.6,0,43,1,0,Low,194,67,0,0.0928
T4202289,ENG,Ballast,Ballast deficiency,5,5,14.3,0,78,0,0,Medium,268,73,0,0.1285
T4202290,TRD,Sub-station,Sub-station overdue PM,3,13,0.0,0,67,0,0,Low,255,60,0,0.0587
T4202291,SNT,Cable,Cable insulation fault,4,3,11.1,1,91,1,0,Medium,156,45,1,0.1859
T4202292,SNT,Interlocking,Interlocking fault,1,7,12.8,1,78,0,1,Low,226,36,0,0.0896
T4202293,ENG,Fastening,Fastening renewal,2,18,10.0,1,43,1,0,Medium,241,30,0,0.0987
T4202294,ENG,Fastening,Fastening renewal,2,1,13.0,1,133,1,0,Low,167,50,0,0.1206
T4202295,ENG,Ballast,Ballast deficiency,4,8,1.1,2,74,1,0,Medium,80,71,0,0.1291
T4202296,SNT,Axle Counter,Axle counter drift,2,30,0.0,0,46,0,1,Low,124,60,0,0.0814
T4202297,ENG,Fastening,Fastening renewal,4,6,6.1,1,65,0,0,Medium,146,55,0,0.0755
T4202298,ENG,Fastening,Fastening renewal,2,12,13.7,0,76,0,0,Low,182,34,0,0.0498
T4202299,SNT,Signal LED,LED failure,4,24,0.0,3,75,1,0,Low,323,107,1,0.3587
T4202300,TRD,OHE,OHE wear,2,3,6.9,0,72,1,1,Medium,262,38,0,0.1581
T4202301,TRD,Feeder,Feeder overdue PM,3,0,0.5,0,84,0,0,Low,107,57,0,0.0408
T4202302,SNT,Interlocking,Interlocking fault,1,0,10.5,2,82,1,1,High,345,75,1,0.2474
T4202303,SNT,Interlocking,Interlocking fault,4,3,23.7,0,39,0,1,Medium,173,56,0,0.1151
T4202304,ENG,Fastening,Fastening renewal,1,34,10.7,0,113,0,0,Low,241,39,0,0.0589
T4202305,ENG,Ballast,Ballast deficiency,5,3,11.4,0,109,0,0,High,95,71,0,0.1306
T4202306,SNT,Point Machine,Point machine overdue,5,23,17.0,2,80,1,1,Low,139,28,0,0.4792
T4202307,ENG,Rail,Rail crack,3,3,12.1,0,61,0,1,Medium,273,90,1,0.1167
T4202308,SNT,Interlocking,Interlocking fault,5,11,10.7,0,61,0,1,Low,101,61,0,0.1575
T4202309,TRD,OHE,OHE wear,5,0,17.6,1,52,0,1,Medium,185,50,1,0.1638
T4202310,TRD,Sub-station,Sub-station overdue PM,1,7,14.8,0,55,0,0,Medium,222,27,0,0.0247
T4202311,ENG,Rail,Rail crack,4,5,13.7,0,5,0,1,Low,88,32,0,0.0419
T4202312,ENG,Ballast,Ballast deficiency,2,1,11.2,2,98,0,0,Medium,20,54,0,0.0407
T4202313,ENG,Ballast,Ballast deficiency,5,14,9.9,2,89,1,0,Low,262,93,0,0.2943
T4202314,ENG,Bridge,Bearing wear,5,6,17.5,1,18,1,0,Medium,438,60,0,0.3662
T4202315,ENG,Bridge,Bearing wear,5,2,10.0,0,82,0,0,Low,221,62,0,0.1186
T4202316,ENG,Ballast,Ballast deficiency,3,8,19.4,0,60,1,0,Low,239,63,0,0.1304
T4202317,TRD,Sub-station,Sub-station overdue PM,1,10,5.7,1,55,1,0,Low,100,102,0,0.0309
T4202318,SNT,Interlocking,Interlocking fault,1,2,20.6,0,72,1,1,Medium,312,46,0,0.1503
T4202319,TRD,Sub-station,Sub-station overdue PM,1,2,14.8,2,16,0,0,High,146,86,0,0.0223
T4202320,ENG,Fastening,Fastening renewal,5,8,6.2,1,60,1,0,High,285,47,1,0.3937
T4202321,ENG,Fastening,Fastening renewal,3,15,15.1,0,62,1,0,Medium,235,41,0,0.17
T4202322,ENG,Ballast,Ballast deficiency,2,13,8.1,1,62,0,0,Medium,237,53,0,0.0495
T4202323,ENG,Fastening,Fastening renewal,3,5,12.2,3,26,1,0,High,233,53,0,0.1867
T4202324,ENG,Bridge,Bearing wear,1,5,9.1,0,71,0,0,Medium,231,66,0,0.0223
T4202325,TRD,OHE,OHE wear,3,7,11.2,0,86,1,1,Low,206,20,0,0.2008
T4202326,ENG,Fastening,Fastening renewal,3,0,17.6,1,70,1,0,Medium,267,58,0,0.1336
T4202327,ENG,Ballast,Ballast deficiency,4,10,15.1,1,54,0,0,Low,115,43,0,0.075
T4202328,SNT,Point Machine,Point machine overdue,1,9,5.2,0,127,0,1,Medium,159,41,0,0.1186
T4202329,SNT,Point Machine,Point machine overdue,5,21,5.6,1,37,1,1,Low,312,29,0,0.4335
T4202330,SNT,Signal LED,LED failure,1,41,13.6,0,79,0,0,Low,196,48,0,0.0701
T4202331,ENG,Bridge,Bearing wear,3,3,14.1,1,66,1,0,Medium,151,45,0,0.0564
T4202332,TRD,Feeder,Feeder overdue PM,2,3,8.0,1,110,1,0,Low,273,46,1,0.1519
T4202333,ENG,Ballast,Ballast deficiency,4,4,21.5,1,70,0,0,High,255,22,0,0.1273
T4202334,ENG,Ballast,Ballast deficiency,4,2,16.9,1,75,0,0,High,63,57,0,0.0901
T4202335,SNT,Point Machine,Point machine overdue,1,2,8.2,1,73,1,1,Medium,246,39,0,0.2156
T4202336,TRD,OHE,OHE wear,3,5,7.7,2,34,1,1,Medium,192,22,1,0.1746
T4202337,ENG,Rail,Rail crack,3,14,10.6,2,38,0,1,Low,244,44,0,0.1493
T4202338,SNT,Cable,Cable insulation fault,3,14,10.0,2,53,0,0,Low,181,40,0,0.0778
T4202339,ENG,Ballast,Ballast deficiency,1,3,19.5,0,84,0,0,High,222,56,0,0.0573
T4202340,ENG,Bridge,Bearing wear,1,0,17.9,0,66,1,0,Low,15,44,0,0.0253
T4202341,ENG,Bridge,Bearing wear,3,1,12.2,0,55,0,0,Low,99,26,0,0.0346
T4202342,SNT,Cable,Cable insulation fault,2,2,16.1,1,94,0,0,Low,247,37,0,0.0481
T4202343,ENG,Bridge,Bearing wear,3,9,16.9,1,10,0,0,Medium,416,20,0,0.0897
T4202344,SNT,Point Machine,Point machine overdue,1,3,12.3,0,28,1,1,Medium,213,78,0,0.0882
T4202345,ENG,Fastening,Fastening renewal,4,17,14.4,1,5,0,0,Low,118,81,0,0.0504
T4202346,TRD,Insulator,Insulator crack,1,7,15.6,0,90,1,0,Low,192,83,0,0.0616
T4202347,TRD,OHE,OHE wear,4,1,14.9,0,58,0,1,Medium,100,43,0,0.0907
T4202348,ENG,Bridge,Bearing wear,5,0,7.3,0,84,1,0,Low,292,81,0,0.1662
T4202349,ENG,Rail,Rail crack,2,8,7.9,0,57,1,1,Low,184,63,0,0.09
T4202350,ENG,Fastening,Fastening renewal,1,0,10.3,0,86,1,0,Low,275,39,1,0.0472
T4202351,TRD,OHE,OHE wear,1,4,7.8,1,57,1,1,Medium,166,42,0,0.1383
T4202352,ENG,Rail,Rail crack,2,2,3.2,2,70,0,1,Low,283,52,0,0.1124
T4202353,SNT,Interlocking,Interlocking fault,1,5,16.1,0,67,0,1,Low,34,57,0,0.0367
T4202354,ENG,Bridge,Bearing wear,5,5,14.1,1,68,0,0,Medium,182,62,0,0.0911
T4202355,TRD,OHE,OHE wear,5,10,4.0,0,102,0,1,Low,229,55,0,0.2554
T4202356,SNT,Interlocking,Interlocking fault,5,2,10.6,0,19,1,1,High,156,48,0,0.2508
T4202357,SNT,Axle Counter,Axle counter drift,5,30,10.9,1,58,0,1,High,212,82,1,0.4881
T4202358,TRD,Insulator,Insulator crack,3,11,13.1,0,65,1,0,Medium,211,53,0,0.1615
T4202359,ENG,Bridge,Bearing wear,2,4,5.5,0,61,0,0,Low,274,52,0,0.0289
T4202360,TRD,Sub-station,Sub-station overdue PM,3,0,3.9,1,50,1,0,Low,236,51,0,0.07
T4202361,ENG,Bridge,Bearing wear,2,3,15.1,1,47,1,0,Medium,215,53,1,0.0947
T4202362,SNT,Axle Counter,Axle counter drift,5,10,2.8,0,98,1,1,Low,259,28,1,0.3631
T4202363,TRD,Sub-station,Sub-station overdue PM,3,2,10.6,0,58,0,0,Medium,58,35,0,0.033
T4202364,SNT,Axle Counter,Axle counter drift,2,2,10.0,0,121,1,1,Low,112,104,0,0.0989
T4202365,SNT,Interlocking,Interlocking fault,4,13,11.3,0,73,1,1,Medium,55,22,1,0.2431
T4202366,ENG,Rail,Rail crack,2,12,13.5,1,53,0,1,Low,229,60,0,0.1251
T4202367,ENG,Bridge,Bearing wear,2,23,21.6,1,74,1,0,Medium,217,62,0,0.1946
T4202368,ENG,Ballast,Ballast deficiency,2,2,2.4,0,63,1,0,Low,305,75,0,0.0728
T4202369,SNT,Interlocking,Interlocking fault,1,10,17.3,0,94,0,1,Low,212,62,0,0.0947
T4202370,SNT,Interlocking,Interlocking fault,1,2,0.0,1,31,0,1,Low,123,93,0,0.038
T4202371,ENG,Fastening,Fastening renewal,3,17,20.4,0,15,0,0,Low,192,60,0,0.0392
T4202372,ENG,Ballast,Ballast deficiency,5,20,0.0,1,69,0,0,High,11,82,0,0.1653
T4202373,ENG,Rail,Rail crack,2,9,26.6,1,81,1,1,Low,143,76,1,0.2821
T4202374,ENG,Bridge,Bearing wear,4,0,9.7,0,67,1,0,Low,5,86,0,0.0604
T4202375,ENG,Bridge,Bearing wear,2,6,19.7,1,77,0,0,Medium,210,55,0,0.0468
T4202376,TRD,Sub-station,Sub-station overdue PM,2,1,18.5,2,73,1,0,Low,155,63,0,0.0727
T4202377,SNT,Cable,Cable insulation fault,1,1,9.4,2,23,0,0,High,168,48,0,0.0325
T4202378,ENG,Ballast,Ballast deficiency,3,2,9.8,0,67,0,0,Low,96,58,0,0.021
T4202379,SNT,Axle Counter,Axle counter drift,4,13,7.0,0,93,1,1,High,120,59,0,0.3343
T4202380,TRD,Feeder,Feeder overdue PM,2,5,16.7,0,64,1,0,Medium,242,20,0,0.0802
T4202381,ENG,Bridge,Bearing wear,3,23,9.5,1,27,0,0,Low,51,52,1,0.0443
T4202382,ENG,Rail,Rail crack,3,9,7.1,1,52,0,1,Low,226,73,0,0.1565
T4202383,ENG,Bridge,Bearing wear,2,2,15.2,0,74,1,0,Low,107,28,0,0.0561
T4202384,ENG,Bridge,Bearing wear,4,13,6.6,0,105,0,0,Medium,29,35,0,0.0669
T4202385,TRD,OHE,OHE wear,3,2,10.0,1,11,0,1,Low,290,78,0,0.1627
T4202386,TRD,OHE,OHE wear,1,1,12.6,0,69,1,1,Medium,300,82,1,0.1316
T4202387,ENG,Bridge,Bearing wear,3,3,8.1,0,37,1,0,Medium,131,43,0,0.0434
T4202388,SNT,Interlocking,Interlocking fault,2,18,9.1,1,73,1,1,Medium,131,58,0,0.1907
T4202389,ENG,Fastening,Fastening renewal,4,46,21.2,1,75,0,0,Medium,157,53,0,0.2411
T4202390,SNT,Interlocking,Interlocking fault,2,0,10.8,0,54,1,1,High,107,79,0,0.0944
T4202391,TRD,Insulator,Insulator crack,5,7,9.8,1,76,1,0,Low,123,44,0,0.1879
T4202392,ENG,Bridge,Bearing wear,4,4,10.9,1,88,0,0,Low,221,47,0,0.0515
T4202393,ENG,Ballast,Ballast deficiency,1,15,14.7,1,56,0,0,Low,367,82,0,0.0636
T4202394,SNT,Signal LED,LED failure,3,11,5.8,1,27,0,0,Low,148,35,0,0.0433
T4202395,TRD,Sub-station,Sub-station overdue PM,5,1,14.6,0,96,0,0,Low,272,45,0,0.1043
T4202396,ENG,Bridge,Bearing wear,2,4,13.5,0,81,1,0,Low,212,58,0,0.0829
T4202397,ENG,Fastening,Fastening renewal,4,0,1.3,2,74,1,0,Medium,29,85,0,0.0937
T4202398,ENG,Rail,Rail crack,4,1,22.8,0,43,0,1,Low,178,31,0,0.0836
T4202399,SNT,Axle Counter,Axle counter drift,4,8,20.8,0,85,0,1,Medium,166,41,0,0.2171
T4202400,SNT,Cable,Cable insulation fault,1,7,7.2,0,111,0,0,Low,312,67,1,0.0417
T4202401,TRD,Sub-station,Sub-station overdue PM,2,22,5.3,1,57,0,0,Low,315,70,0,0.062
T4202402,TRD,Feeder,Feeder overdue PM,2,5,13.4,0,62,0,0,Low,214,59,0,0.0305
T4202403,TRD,OHE,OHE wear,2,1,3.4,0,33,1,1,Low,289,53,1,0.1212
T4202404,TRD,Insulator,Insulator crack,5,7,20.2,0,42,1,0,Low,167,58,0,0.1689
T4202405,ENG,Rail,Rail crack,1,9,9.2,1,33,1,1,Low,281,25,0,0.1193
T4202406,SNT,Signal LED,LED failure,3,2,21.7,2,63,0,0,Medium,189,57,0,0.0741
T4202407,ENG,Ballast,Ballast deficiency,5,2,7.1,1,51,1,0,Low,279,85,0,0.1829
T4202408,ENG,Ballast,Ballast deficiency,5,9,11.3,1,69,1,0,Low,288,29,0,0.208
T4202409,TRD,OHE,OHE wear,4,0,19.6,1,38,0,1,Low,244,39,0,0.1559
T4202410,SNT,Point Machine,Point machine overdue,5,21,10.1,0,56,0,1,Low,113,47,1,0.2256
T4202411,TRD,OHE,OHE wear,3,8,13.6,0,36,0,1,Low,142,48,1,0.1012
T4202412,ENG,Fastening,Fastening renewal,4,3,18.6,1,65,0,0,Low,248,92,0,0.0699
T4202413,SNT,Interlocking,Interlocking fault,3,4,8.7,0,19,1,1,Medium,260,36,0,0.1276
T4202414,SNT,Signal LED,LED failure,1,3,4.4,0,64,1,0,Medium,194,32,0,0.0508
T4202415,ENG,Fastening,Fastening renewal,1,0,3.2,0,53,1,0,High,152,70,0,0.0401
T4202416,ENG,Rail,Rail crack,5,13,15.5,0,65,1,1,Medium,197,42,1,0.4568
T4202417,SNT,Interlocking,Interlocking fault,1,2,14.3,1,19,0,1,Low,155,71,0,0.0434
T4202418,ENG,Bridge,Bearing wear,2,6,18.4,2,76,0,0,Low,155,51,1,0.0726
T4202419,TRD,OHE,OHE wear,4,2,10.4,1,53,0,1,High,356,64,1,0.2565
T4202420,ENG,Fastening,Fastening renewal,3,11,3.4,1,65,1,0,Low,137,24,0,0.1097
T4202421,ENG,Ballast,Ballast deficiency,3,3,0.0,0,13,0,0,Low,226,64,0,0.0206
T4202422,TRD,Insulator,Insulator crack,5,3,29.2,0,29,0,0,Medium,194,59,0,0.0886
T4202423,ENG,Rail,Rail crack,4,6,15.2,2,50,0,1,Medium,70,50,0,0.1574
T4202424,TRD,OHE,OHE wear,5,6,12.8,1,94,1,1,Low,67,30,1,0.3204
T4202425,SNT,Cable,Cable insulation fault,4,24,13.7,0,73,0,0,Low,173,59,0,0.148
T4202426,ENG,Fastening,Fastening renewal,5,6,3.4,0,63,0,0,Low,5,69,0,0.0354
T4202427,SNT,Cable,Cable insulation fault,4,1,7.2,1,37,1,0,Low,345,44,1,0.1244
T4202428,SNT,Signal LED,LED failure,3,1,22.5,0,32,0,0,Low,147,45,0,0.0282
T4202429,TRD,Sub-station,Sub-station overdue PM,5,22,16.0,0,67,1,0,Medium,140,71,0,0.2891
T4202430,TRD,Feeder,Feeder overdue PM,5,22,7.4,1,78,1,0,Low,290,89,1,0.2806
T4202431,SNT,Axle Counter,Axle counter drift,1,4,4.6,0,65,0,1,Low,167,74,0,0.0369
T4202432,SNT,Signal LED,LED failure,5,7,8.9,1,103,0,0,Low,239,60,1,0.1344
T4202433,ENG,Ballast,Ballast deficiency,4,2,10.1,0,43,0,0,High,128,50,0,0.0367
T4202434,SNT,Point Machine,Point machine overdue,5,0,24.3,0,64,0,1,Low,184,54,1,0.1957
T4202435,TRD,OHE,OHE wear,4,3,10.9,1,18,1,1,Low,267,28,0,0.1514
T4202436,SNT,Signal LED,LED failure,5,13,4.9,0,65,0,0,Medium,102,52,0,0.0683
T4202437,SNT,Signal LED,LED failure,2,6,11.6,2,97,0,0,Low,227,77,0,0.0816
T4202438,ENG,Rail,Rail crack,1,3,13.6,1,34,1,1,Low,5,56,0,0.0484
T4202439,TRD,OHE,OHE wear,1,3,4.3,1,81,1,1,Low,294,42,0,0.1274
T4202440,TRD,Sub-station,Sub-station overdue PM,2,17,14.4,1,96,1,0,High,130,41,0,0.1688
T4202441,ENG,Rail,Rail crack,2,2,19.3,0,43,1,1,Medium,172,54,1,0.1477
T4202442,ENG,Ballast,Ballast deficiency,3,1,12.8,0,72,0,0,Medium,171,30,0,0.0428
T4202443,SNT,Axle Counter,Axle counter drift,1,7,7.2,1,99,0,1,High,92,37,0,0.11
T4202444,SNT,Cable,Cable insulation fault,1,2,8.8,1,66,1,0,Medium,85,86,0,0.0353
T4202445,SNT,Interlocking,Interlocking fault,3,27,2.0,0,80,1,1,Low,227,34,1,0.3159
T4202446,ENG,Ballast,Ballast deficiency,4,7,11.2,1,16,0,0,Low,231,39,0,0.0639
T4202447,ENG,Rail,Rail crack,1,42,13.9,2,75,1,1,Low,100,61,1,0.3695
T4202448,SNT,Axle Counter,Axle counter drift,3,0,6.6,0,73,1,1,Low,229,46,0,0.116
T4202449,SNT,Axle Counter,Axle counter drift,4,11,23.6,1,27,0,1,Medium,230,57,0,0.1818
T4202450,SNT,Point Machine,Point machine overdue,4,38,16.8,2,36,1,1,Low,146,72,1,0.5497
T4202451,SNT,Axle Counter,Axle counter drift,1,3,1.2,1,75,0,1,Low,64,24,0,0.0468
T4202452,SNT,Cable,Cable insulation fault,4,10,1.4,3,52,1,0,Low,177,70,0,0.1642
T4202453,TRD,OHE,OHE wear,1,4,6.1,1,88,0,1,Low,213,43,0,0.0674
T4202454,SNT,Interlocking,Interlocking fault,2,0,21.4,0,68,1,1,High,175,49,0,0.1873
T4202455,SNT,Interlocking,Interlocking fault,2,8,17.3,1,61,1,1,Low,127,93,0,0.1321
T4202456,SNT,Signal LED,LED failure,5,3,21.7,0,56,0,0,Low,222,27,1,0.0929
T4202457,ENG,Rail,Rail crack,1,1,12.1,1,67,1,1,Medium,294,67,0,0.1684
T4202458,ENG,Rail,Rail crack,4,4,10.7,1,80,0,1,Medium,111,78,0,0.1343
T4202459,SNT,Signal LED,LED failure,5,3,4.5,1,73,0,0,Low,153,41,0,0.0748
T4202460,TRD,Insulator,Insulator crack,5,1,14.1,0,49,0,0,Low,427,42,0,0.099
T4202461,SNT,Cable,Cable insulation fault,2,3,10.8,0,91,1,0,Medium,206,48,0,0.0834
T4202462,ENG,Rail,Rail crack,1,11,10.6,1,76,1,1,Low,66,41,0,0.1103
T4202463,SNT,Cable,Cable insulation fault,2,14,21.7,0,70,0,0,Medium,137,56,0,0.0533
T4202464,ENG,Rail,Rail crack,4,12,11.2,2,62,1,1,Medium,112,73,0,0.3141
T4202465,SNT,Axle Counter,Axle counter drift,1,8,20.0,2,73,1,1,Medium,214,48,0,0.2653
T4202466,TRD,Sub-station,Sub-station overdue PM,4,28,2.5,0,14,0,0,High,208,74,0,0.1063
T4202467,SNT,Axle Counter,Axle counter drift,2,3,28.1,1,66,1,1,High,123,83,1,0.2759
T4202468,SNT,Point Machine,Point machine overdue,4,3,9.8,1,101,0,1,Low,347,64,0,0.3078
T4202469,ENG,Bridge,Bearing wear,4,9,16.2,2,65,1,0,Medium,188,66,0,0.1853
T4202470,ENG,Bridge,Bearing wear,3,5,17.2,4,62,1,0,Medium,139,43,0,0.1786
T4202471,TRD,Feeder,Feeder overdue PM,4,21,9.0,1,45,1,0,Low,70,20,0,0.1185
T4202472,SNT,Point Machine,Point machine overdue,5,12,16.9,4,72,0,1,High,99,67,0,0.4803
T4202473,SNT,Interlocking,Interlocking fault,2,11,17.2,0,55,0,1,High,68,71,0,0.1035
T4202474,ENG,Ballast,Ballast deficiency,3,17,7.7,0,93,1,0,Medium,163,60,0,0.1605
T4202475,ENG,Rail,Rail crack,4,9,7.8,0,38,1,1,Low,100,73,0,0.1391
T4202476,ENG,Bridge,Bearing wear,5,5,12.3,2,49,1,0,Low,251,44,0,0.2768
T4202477,ENG,Ballast,Ballast deficiency,3,6,11.3,0,45,1,0,High,127,65,0,0.0854
T4202478,ENG,Bridge,Bearing wear,2,20,20.4,1,106,1,0,High,256,84,1,0.3116
T4202479,TRD,Feeder,Feeder overdue PM,5,0,16.2,2,55,0,0,Low,224,68,0,0.1056
T4202480,SNT,Signal LED,LED failure,5,4,11.6,1,46,0,0,Low,238,82,0,0.0876
T4202481,ENG,Rail,Rail crack,3,11,15.6,0,8,0,1,Medium,261,82,0,0.1135
T4202482,ENG,Fastening,Fastening renewal,1,8,0.0,0,37,0,0,Low,359,31,0,0.0327
T4202483,ENG,Ballast,Ballast deficiency,2,1,8.3,1,73,1,0,Medium,104,69,0,0.0709
T4202484,TRD,OHE,OHE wear,3,17,13.7,0,73,0,1,High,256,42,0,0.2144
T4202485,ENG,Ballast,Ballast deficiency,4,5,18.7,1,44,0,0,Low,216,33,0,0.0909
T4202486,TRD,Insulator,Insulator crack,4,9,13.2,0,45,0,0,Medium,276,49,1,0.0935
T4202487,TRD,Sub-station,Sub-station overdue PM,5,0,20.7,1,106,1,0,Medium,190,90,0,0.2844
T4202488,ENG,Fastening,Fastening renewal,1,11,17.2,0,127,0,0,Low,286,44,0,0.0738
T4202489,SNT,Axle Counter,Axle counter drift,3,13,9.1,0,89,0,1,Low,64,20,0,0.1058
T4202490,TRD,Insulator,Insulator crack,4,2,11.2,0,99,1,0,Medium,90,26,0,0.2047
T4202491,ENG,Bridge,Bearing wear,5,3,14.5,0,104,0,0,Medium,129,65,0,0.117
T4202492,ENG,Rail,Rail crack,1,3,9.3,1,115,1,1,Medium,173,40,0,0.2179
T4202493,TRD,Feeder,Feeder overdue PM,5,46,21.2,0,52,0,0,High,184,20,0,0.355
T4202494,TRD,Sub-station,Sub-station overdue PM,1,2,5.3,2,38,1,0,Low,113,27,0,0.038
T4202495,SNT,Signal LED,LED failure,1,32,13.9,0,106,0,0,High,91,58,0,0.0829
T4202496,SNT,Axle Counter,Axle counter drift,5,3,16.4,3,36,0,1,Medium,121,71,1,0.2202
T4202497,ENG,Rail,Rail crack,4,4,10.1,1,34,0,1,Low,26,46,0,0.0822
T4202498,TRD,Feeder,Feeder overdue PM,5,7,8.8,0,35,1,0,Low,154,68,0,0.0908
T4202499,SNT,Cable,Cable insulation fault,4,16,11.5,2,57,1,0,Low,175,73,0,0.1718
T4202500,ENG,Rail,Rail crack,4,14,16.9,0,10,0,1,Low,220,39,0,0.1111
T4202501,SNT,Axle Counter,Axle counter drift,3,7,9.0,1,24,1,1,High,195,53,0,0.2694
T4202502,TRD,Feeder,Feeder overdue PM,3,6,5.6,0,44,0,0,Medium,341,43,0,0.0606
T4202503,TRD,OHE,OHE wear,3,0,18.9,0,30,1,1,Low,253,66,0,0.1339
T4202504,ENG,Ballast,Ballast deficiency,2,6,14.4,0,87,1,0,Low,246,43,1,0.0678
T4202505,ENG,Ballast,Ballast deficiency,5,6,18.0,1,60,0,0,Low,213,31,0,0.1485
T4202506,TRD,OHE,OHE wear,2,16,16.6,0,74,0,1,High,228,56,0,0.206
T4202507,TRD,Insulator,Insulator crack,4,3,25.1,1,72,1,0,Medium,160,77,1,0.2172
T4202508,SNT,Axle Counter,Axle counter drift,4,4,18.7,1,55,1,1,Low,189,65,0,0.1916
T4202509,SNT,Point Machine,Point machine overdue,3,12,7.7,2,85,1,1,Low,353,75,1,0.4095
T4202510,SNT,Axle Counter,Axle counter drift,4,2,14.8,0,71,0,1,Low,174,73,0,0.0969
T4202511,ENG,Fastening,Fastening renewal,1,12,8.7,1,52,1,0,Medium,60,56,0,0.0588
T4202512,ENG,Fastening,Fastening renewal,2,1,9.3,0,18,0,0,Low,243,43,0,0.0202
T4202513,ENG,Bridge,Bearing wear,3,6,3.5,0,73,1,0,Low,259,38,0,0.1027
T4202514,ENG,Ballast,Ballast deficiency,2,0,10.3,0,28,1,0,Medium,194,23,0,0.0385
T4202515,TRD,Sub-station,Sub-station overdue PM,5,25,15.3,0,70,1,0,Low,11,79,0,0.1509
T4202516,ENG,Fastening,Fastening renewal,5,16,11.6,0,62,1,0,High,296,48,0,0.3036
T4202517,ENG,Ballast,Ballast deficiency,4,9,5.4,2,26,1,0,Medium,201,21,0,0.1611
T4202518,SNT,Axle Counter,Axle counter drift,2,5,2.9,2,66,0,1,Low,152,80,0,0.0768
T4202519,ENG,Rail,Rail crack,1,25,24.7,2,65,1,1,Low,287,57,0,0.3081
T4202520,ENG,Fastening,Fastening renewal,4,3,14.0,0,65,0,0,Medium,5,74,0,0.0366
T4202521,SNT,Point Machine,Point machine overdue,5,5,7.1,0,64,0,1,Medium,190,50,1,0.1881
T4202522,ENG,Ballast,Ballast deficiency,3,1,14.8,1,44,0,0,Low,131,39,0,0.0452
T4202523,SNT,Axle Counter,Axle counter drift,5,5,25.1,0,75,0,1,High,314,64,1,0.3774
T4202524,TRD,Sub-station,Sub-station overdue PM,5,10,15.7,0,43,0,0,Medium,202,66,1,0.11
T4202525,ENG,Rail,Rail crack,3,8,0.0,0,33,0,1,Medium,102,49,0,0.0713
T4202526,TRD,Insulator,Insulator crack,2,20,27.9,0,77,0,0,Low,282,81,0,0.07
T4202527,TRD,Insulator,Insulator crack,1,26,0.9,1,83,0,0,Low,5,74,0,0.0461
T4202528,TRD,Insulator,Insulator crack,4,12,10.8,2,75,0,0,Low,226,66,0,0.1308
T4202529,SNT,Signal LED,LED failure,3,2,5.2,0,55,1,0,Low,66,33,0,0.0476
T4202530,SNT,Signal LED,LED failure,1,7,7.6,0,12,1,0,Medium,138,30,0,0.0336
T4202531,SNT,Interlocking,Interlocking fault,1,35,13.7,2,97,1,1,Low,158,79,0,0.3761
T4202532,SNT,Point Machine,Point machine overdue,5,33,0.0,2,11,1,1,Low,262,20,1,0.4039
T4202533,ENG,Ballast,Ballast deficiency,2,11,11.5,1,75,1,0,Medium,378,53,0,0.1721
T4202534,TRD,Insulator,Insulator crack,2,4,18.9,1,113,0,0,Medium,20,58,0,0.0797
T4202535,SNT,Cable,Cable insulation fault,4,3,6.9,0,64,0,0,Low,220,45,0,0.0762
T4202536,TRD,OHE,OHE wear,2,2,3.7,0,67,0,1,Medium,378,54,0,0.104
T4202537,ENG,Fastening,Fastening renewal,5,1,11.2,0,69,0,0,Medium,128,63,0,0.0914
T4202538,ENG,Rail,Rail crack,4,10,10.0,0,65,1,1,Low,123,43,0,0.1971
T4202539,SNT,Axle Counter,Axle counter drift,2,11,8.4,1,119,0,1,Low,201,73,0,0.1545
T4202540,SNT,Axle Counter,Axle counter drift,2,7,4.9,0,39,1,1,Medium,255,67,1,0.1254
T4202541,ENG,Fastening,Fastening renewal,5,26,15.1,1,36,0,0,Medium,239,51,0,0.1761
T4202542,ENG,Bridge,Bearing wear,3,19,15.6,0,52,1,0,Low,148,38,0,0.0889
T4202543,ENG,Fastening,Fastening renewal,5,16,5.6,2,104,0,0,Low,108,53,1,0.2274
T4202544,SNT,Axle Counter,Axle counter drift,2,13,6.4,2,46,1,1,Medium,298,97,0,0.2441
T4202545,ENG,Fastening,Fastening renewal,1,10,12.8,1,71,1,0,Low,110,40,0,0.066
T4202546,TRD,Insulator,Insulator crack,5,2,6.2,0,87,0,0,High,8,86,0,0.0785
T4202547,ENG,Fastening,Fastening renewal,2,4,13.1,1,79,0,0,Low,49,20,0,0.026
T4202548,ENG,Ballast,Ballast deficiency,5,11,20.8,0,85,1,0,Medium,128,38,1,0.2497
T4202549,ENG,Ballast,Ballast deficiency,4,9,11.6,0,95,0,0,High,314,44,0,0.1336
T4202550,SNT,Cable,Cable insulation fault,2,5,4.7,0,68,0,0,Low,73,74,0,0.0243
T4202551,SNT,Point Machine,Point machine overdue,4,0,14.4,0,49,1,1,Medium,317,56,0,0.262
T4202552,SNT,Cable,Cable insulation fault,1,4,10.9,0,64,1,0,Low,298,81,0,0.0454
T4202553,TRD,Feeder,Feeder overdue PM,2,16,11.1,1,52,0,0,Medium,200,48,0,0.0499
T4202554,ENG,Fastening,Fastening renewal,2,6,14.9,1,123,0,0,High,5,54,0,0.101
T4202555,SNT,Point Machine,Point machine overdue,4,4,16.1,0,47,0,1,High,73,48,0,0.1264
T4202556,ENG,Bridge,Bearing wear,3,19,12.2,1,72,1,0,Low,123,96,0,0.1286
T4202557,ENG,Rail,Rail crack,4,14,11.6,0,22,0,1,Medium,336,33,0,0.2133
T4202558,SNT,Axle Counter,Axle counter drift,3,6,24.4,1,63,0,1,Medium,129,45,0,0.1162
T4202559,ENG,Bridge,Bearing wear,4,1,19.2,0,53,0,0,Low,110,35,0,0.0523
T4202560,SNT,Point Machine,Point machine overdue,1,8,17.0,1,77,1,1,Medium,197,66,0,0.1707
T4202561,SNT,Cable,Cable insulation fault,4,17,12.8,1,78,0,0,Low,53,32,0,0.062
T4202562,SNT,Signal LED,LED failure,1,5,6.0,0,95,1,0,High,178,91,1,0.0704
T4202563,SNT,Signal LED,LED failure,1,2,18.8,0,93,0,0,High,108,57,0,0.0288
T4202564,SNT,Cable,Cable insulation fault,4,16,12.9,1,58,1,0,Medium,422,63,0,0.3201
T4202565,ENG,Fastening,Fastening renewal,1,9,8.5,2,36,0,0,Low,97,64,0,0.0182
T4202566,ENG,Rail,Rail crack,4,12,10.5,0,39,1,1,High,354,55,0,0.3479
T4202567,ENG,Ballast,Ballast deficiency,1,7,6.2,0,68,1,0,Low,77,57,0,0.0342
T4202568,SNT,Cable,Cable insulation fault,1,9,18.3,1,64,0,0,Low,204,57,0,0.0332
T4202569,TRD,OHE,OHE wear,5,1,16.1,1,66,0,1,Low,225,65,0,0.2434
T4202570,ENG,Fastening,Fastening renewal,1,18,13.1,2,47,1,0,Low,193,39,0,0.1007
T4202571,SNT,Interlocking,Interlocking fault,5,6,11.7,0,96,0,1,Low,187,35,0,0.2114
T4202572,TRD,OHE,OHE wear,2,3,7.9,0,23,1,1,Low,258,71,0,0.0986
T4202573,TRD,Insulator,Insulator crack,4,3,0.0,1,45,1,0,High,218,55,0,0.1162
T4202574,SNT,Point Machine,Point machine overdue,5,12,3.5,0,33,0,1,Medium,164,20,0,0.1838
T4202575,SNT,Axle Counter,Axle counter drift,1,5,7.5,0,55,0,1,Medium,119,45,0,0.0473
T4202576,SNT,Cable,Cable insulation fault,2,8,6.6,2,91,0,0,Medium,165,86,0,0.0847
T4202577,TRD,Sub-station,Sub-station overdue PM,3,3,13.7,1,53,1,0,Medium,164,52,1,0.0936
T4202578,ENG,Bridge,Bearing wear,5,5,16.9,1,63,0,0,Medium,162,44,0,0.1114
T4202579,TRD,Feeder,Feeder overdue PM,1,3,11.2,0,77,1,0,Medium,187,25,0,0.0511
T4202580,ENG,Bridge,Bearing wear,1,12,20.5,0,52,0,0,High,53,44,0,0.0409
T4202581,TRD,Sub-station,Sub-station overdue PM,2,19,7.3,0,70,1,0,Low,88,32,0,0.0715
T4202582,ENG,Bridge,Bearing wear,2,1,11.2,0,66,0,0,High,255,64,0,0.0364
T4202583,ENG,Ballast,Ballast deficiency,2,7,11.7,1,32,0,0,High,5,56,0,0.0343
T4202584,ENG,Bridge,Bearing wear,1,6,18.6,1,48,0,0,Low,288,48,0,0.029
T4202585,ENG,Fastening,Fastening renewal,5,5,12.6,0,69,0,0,High,130,40,0,0.1393
T4202586,ENG,Ballast,Ballast deficiency,4,20,12.8,0,92,0,0,High,330,86,0,0.2503
T4202587,ENG,Bridge,Bearing wear,1,15,2.1,0,92,1,0,Low,290,41,1,0.1018
T4202588,SNT,Cable,Cable insulation fault,3,5,6.6,0,112,0,0,Low,151,41,0,0.0667
T4202589,ENG,Fastening,Fastening renewal,4,6,18.6,1,72,0,0,Medium,160,50,0,0.1173
T4202590,TRD,Insulator,Insulator crack,4,1,0.0,3,50,1,0,Medium,323,53,0,0.2615
T4202591,TRD,Feeder,Feeder overdue PM,5,0,20.1,2,58,1,0,Low,295,65,0,0.2674
T4202592,SNT,Signal LED,LED failure,4,9,15.0,1,57,0,0,Low,268,74,0,0.0796
T4202593,ENG,Fastening,Fastening renewal,4,2,7.5,2,50,0,0,Medium,283,72,0,0.0818
T4202594,ENG,Bridge,Bearing wear,1,4,7.0,1,70,0,0,Low,82,104,0,0.0162
T4202595,TRD,OHE,OHE wear,1,17,23.4,0,71,0,1,Low,198,21,0,0.0943
T4202596,ENG,Ballast,Ballast deficiency,4,4,20.5,0,31,0,0,Low,111,60,0,0.0236
T4202597,ENG,Ballast,Ballast deficiency,5,20,11.3,3,87,0,0,Medium,80,45,0,0.2389
T4202598,TRD,Insulator,Insulator crack,2,8,12.8,0,14,1,0,Low,195,95,0,0.0385
T4202599,TRD,OHE,OHE wear,4,9,8.1,2,54,1,1,Medium,143,59,1,0.3808
T4202600,ENG,Bridge,Bearing wear,2,4,12.8,0,89,0,0,Medium,165,20,0,0.0423
T4202601,SNT,Axle Counter,Axle counter drift,3,17,8.0,2,75,0,1,High,135,64,0,0.2333
T4202602,SNT,Interlocking,Interlocking fault,4,0,11.5,1,51,1,1,High,67,60,1,0.2908
T4202603,TRD,Feeder,Feeder overdue PM,4,15,22.9,0,109,1,0,High,333,70,0,0.3987
T4202604,ENG,Fastening,Fastening renewal,1,6,11.4,0,49,1,0,Medium,194,41,0,0.0447
T4202605,ENG,Bridge,Bearing wear,5,9,5.7,0,10,1,0,Low,50,62,0,0.0634
T4202606,SNT,Axle Counter,Axle counter drift,5,29,3.8,1,71,1,1,Low,196,50,0,0.5117
T4202607,ENG,Ballast,Ballast deficiency,3,9,12.8,1,16,1,0,Low,317,42,0,0.09
T4202608,SNT,Interlocking,Interlocking fault,2,8,7.4,0,39,0,1,Low,266,62,0,0.0595
T4202609,ENG,Rail,Rail crack,3,4,13.5,0,76,1,1,Low,133,58,0,0.2018
T4202610,TRD,Sub-station,Sub-station overdue PM,5,1,2.3,0,48,1,0,Low,135,76,0,0.0913
T4202611,TRD,Feeder,Feeder overdue PM,3,3,16.1,2,75,0,0,Low,94,56,0,0.0493
T4202612,SNT,Interlocking,Interlocking fault,1,20,5.6,2,31,1,1,Medium,113,67,1,0.1212
T4202613,TRD,Insulator,Insulator crack,1,34,12.3,0,81,0,0,High,121,31,0,0.0834
T4202614,ENG,Bridge,Bearing wear,5,5,10.0,1,18,0,0,Low,48,83,0,0.04
T4202615,SNT,Signal LED,LED failure,4,2,22.3,0,93,0,0,Low,140,39,0,0.0627
T4202616,ENG,Fastening,Fastening renewal,4,5,13.0,1,48,1,0,Medium,211,73,0,0.1277
T4202617,TRD,OHE,OHE wear,1,24,23.7,0,98,0,1,Low,143,60,0,0.115
T4202618,TRD,Insulator,Insulator crack,1,1,15.4,1,39,1,0,High,200,58,0,0.0471
T4202619,TRD,Sub-station,Sub-station overdue PM,2,1,20.6,2,108,1,0,Low,326,70,0,0.176
T4202620,TRD,Sub-station,Sub-station overdue PM,2,5,10.7,2,36,0,0,Low,345,20,0,0.0445
T4202621,TRD,Sub-station,Sub-station overdue PM,2,15,14.1,2,15,0,0,Medium,174,44,0,0.0568
T4202622,ENG,Fastening,Fastening renewal,3,27,19.3,1,61,0,0,Low,259,70,1,0.1299
T4202623,TRD,Sub-station,Sub-station overdue PM,2,12,17.4,0,91,1,0,Medium,165,93,0,0.1134
T4202624,SNT,Cable,Cable insulation fault,1,4,15.2,0,80,1,0,Low,136,55,0,0.0502
T4202625,ENG,Ballast,Ballast deficiency,3,3,10.0,0,89,0,0,Low,79,20,0,0.0502
T4202626,SNT,Signal LED,LED failure,4,8,11.0,3,80,1,0,Low,188,49,0,0.2771
T4202627,ENG,Bridge,Bearing wear,4,5,18.8,1,39,1,0,Medium,278,54,0,0.134
T4202628,ENG,Bridge,Bearing wear,2,4,20.1,0,79,1,0,Low,65,77,0,0.0456
T4202629,ENG,Ballast,Ballast deficiency,2,23,8.4,0,62,0,0,Low,154,56,1,0.0395
T4202630,ENG,Rail,Rail crack,3,3,7.5,0,42,0,1,Medium,150,29,0,0.0853
T4202631,SNT,Signal LED,LED failure,1,18,6.6,1,64,1,0,Medium,202,74,0,0.0812
T4202632,TRD,Feeder,Feeder overdue PM,5,8,17.0,3,59,0,0,Low,204,66,0,0.1437
T4202633,SNT,Interlocking,Interlocking fault,5,3,6.4,0,95,0,1,High,228,41,1,0.2578
T4202634,SNT,Interlocking,Interlocking fault,1,6,16.9,1,47,0,1,Medium,351,69,0,0.1038
T4202635,ENG,Fastening,Fastening renewal,5,5,15.3,0,46,0,0,High,102,44,0,0.1024
T4202636,SNT,Interlocking,Interlocking fault,1,1,8.7,2,43,1,1,Low,97,49,0,0.0595
T4202637,ENG,Ballast,Ballast deficiency,3,1,21.4,0,107,1,0,Medium,202,44,0,0.1302
T4202638,TRD,Insulator,Insulator crack,4,4,3.2,0,44,1,0,Low,311,49,0,0.0718
T4202639,ENG,Ballast,Ballast deficiency,2,19,22.0,1,92,1,0,Low,48,73,0,0.0666
T4202640,SNT,Axle Counter,Axle counter drift,2,5,13.9,0,34,1,1,Low,210,20,0,0.1096
T4202641,TRD,OHE,OHE wear,1,0,0.0,0,73,1,1,Low,162,77,0,0.0717
T4202642,SNT,Point Machine,Point machine overdue,4,5,21.6,1,67,1,1,High,257,59,1,0.4417
T4202643,TRD,Feeder,Feeder overdue PM,1,1,17.8,1,91,1,0,Medium,237,47,0,0.1175
T4202644,ENG,Fastening,Fastening renewal,3,7,9.4,0,87,1,0,Low,184,55,0,0.0692
T4202645,TRD,Insulator,Insulator crack,2,0,6.2,3,62,0,0,Low,224,37,0,0.0306
T4202646,SNT,Signal LED,LED failure,5,3,2.6,0,47,0,0,Low,121,22,0,0.0384
T4202647,TRD,OHE,OHE wear,5,21,26.5,0,101,0,1,Medium,252,37,0,0.3361
T4202648,SNT,Signal LED,LED failure,5,14,6.5,0,44,1,0,Low,305,20,0,0.1684
T4202649,TRD,OHE,OHE wear,4,11,4.4,0,5,1,1,Medium,189,28,1,0.1991
T4202650,TRD,Feeder,Feeder overdue PM,3,23,13.6,2,14,1,0,Low,143,23,0,0.123
T4202651,ENG,Rail,Rail crack,2,6,2.2,0,20,1,1,Medium,167,79,0,0.111
T4202652,TRD,Insulator,Insulator crack,1,1,6.1,1,75,1,0,High,251,29,0,0.0917
T4202653,SNT,Point Machine,Point machine overdue,5,8,18.0,0,115,0,1,Low,176,54,1,0.2448
T4202654,SNT,Signal LED,LED failure,2,26,14.8,0,9,0,0,High,72,77,0,0.0381
T4202655,TRD,Insulator,Insulator crack,3,4,9.7,0,40,1,0,High,266,72,0,0.1233
T4202656,ENG,Fastening,Fastening renewal,1,12,12.1,0,62,0,0,Medium,92,49,0,0.0186
T4202657,SNT,Axle Counter,Axle counter drift,2,3,9.3,0,99,1,1,Low,218,49,0,0.0842
T4202658,ENG,Rail,Rail crack,4,3,11.6,0,40,1,1,Medium,12,59,0,0.1534
T4202659,ENG,Ballast,Ballast deficiency,3,16,7.4,0,75,0,0,Low,190,97,0,0.0624
T4202660,TRD,Feeder,Feeder overdue PM,3,9,8.5,0,54,1,0,High,174,63,0,0.1582
T4202661,ENG,Fastening,Fastening renewal,2,43,8.3,0,125,1,0,Medium,5,68,0,0.2399
T4202662,ENG,Ballast,Ballast deficiency,1,4,7.6,0,64,1,0,Medium,210,100,0,0.0537
T4202663,ENG,Bridge,Bearing wear,5,1,18.3,0,69,1,0,Medium,81,61,0,0.1341
T4202664,SNT,Signal LED,LED failure,3,25,16.6,2,62,0,0,Low,188,78,1,0.097
T4202665,TRD,OHE,OHE wear,2,9,6.4,0,50,1,1,Medium,143,65,0,0.1193
T4202666,TRD,Sub-station,Sub-station overdue PM,2,17,4.8,1,84,0,0,High,47,64,0,0.0794
T4202667,ENG,Rail,Rail crack,4,8,11.1,2,31,0,1,Low,86,36,0,0.1255
T4202668,SNT,Axle Counter,Axle counter drift,3,18,24.9,0,10,0,1,Low,93,32,0,0.0899
T4202669,SNT,Signal LED,LED failure,2,6,5.8,0,56,1,0,High,268,45,0,0.0989
T4202670,SNT,Signal LED,LED failure,5,2,11.0,1,80,1,0,Low,255,73,1,0.1756
T4202671,ENG,Fastening,Fastening renewal,5,6,12.5,1,45,0,0,High,378,72,0,0.2386
T4202672,ENG,Ballast,Ballast deficiency,1,2,11.3,1,65,1,0,Low,134,82,1,0.0507
T4202673,SNT,Point Machine,Point machine overdue,4,6,9.3,0,29,1,1,Medium,131,55,1,0.1834
T4202674,SNT,Point Machine,Point machine overdue,5,1,18.9,2,87,1,1,Medium,192,66,1,0.5071
T4202675,SNT,Point Machine,Point machine overdue,3,15,14.7,2,76,0,1,Low,148,66,0,0.1921
T4202676,SNT,Signal LED,LED failure,1,7,17.1,0,60,0,0,Low,128,53,0,0.0179
T4202677,TRD,Insulator,Insulator crack,1,8,15.5,0,64,0,0,Low,185,49,0,0.0225
T4202678,SNT,Signal LED,LED failure,4,4,17.4,2,25,1,0,Medium,243,25,0,0.1386
T4202679,ENG,Ballast,Ballast deficiency,5,5,21.5,0,26,0,0,Low,5,52,0,0.0384
T4202680,TRD,Insulator,Insulator crack,1,25,20.0,0,57,0,0,Low,129,53,0,0.0429
T4202681,TRD,Sub-station,Sub-station overdue PM,3,4,25.9,1,73,1,0,Medium,54,78,0,0.1275
T4202682,ENG,Bridge,Bearing wear,3,8,19.3,0,74,0,0,High,166,80,0,0.0904
T4202683,SNT,Interlocking,Interlocking fault,2,10,8.0,0,51,1,1,Low,219,58,1,0.151
T4202684,ENG,Bridge,Bearing wear,4,18,17.1,1,79,1,0,Medium,281,96,1,0.2907
T4202685,SNT,Cable,Cable insulation fault,5,5,16.3,0,96,0,0,High,141,59,0,0.1205
T4202686,ENG,Bridge,Bearing wear,2,7,23.5,0,58,0,0,Medium,190,76,0,0.042
T4202687,SNT,Axle Counter,Axle counter drift,1,8,6.2,0,68,0,1,High,29,53,1,0.0529
T4202688,ENG,Fastening,Fastening renewal,2,2,15.3,0,55,1,0,Medium,103,32,0,0.0594
T4202689,SNT,Signal LED,LED failure,2,17,7.9,0,57,0,0,Medium,199,46,0,0.0546
T4202690,TRD,Sub-station,Sub-station overdue PM,4,4,15.1,1,64,0,0,Medium,58,84,0,0.0803
T4202691,ENG,Rail,Rail crack,3,0,10.7,0,103,0,1,Low,291,50,0,0.0885
T4202692,TRD,Feeder,Feeder overdue PM,1,2,14.9,0,83,0,0,Medium,227,46,0,0.028
T4202693,TRD,Feeder,Feeder overdue PM,2,6,3.5,0,81,1,0,Medium,99,55,0,0.0618
T4202694,TRD,Insulator,Insulator crack,4,5,16.8,0,49,0,0,Low,47,47,0,0.0415
T4202695,ENG,Bridge,Bearing wear,3,8,13.2,0,38,1,0,Low,115,79,0,0.0889
T4202696,TRD,OHE,OHE wear,3,4,12.9,0,70,1,1,Medium,99,93,0,0.1412
T4202697,ENG,Bridge,Bearing wear,2,7,23.7,0,91,1,0,Low,70,55,0,0.0573
T4202698,ENG,Fastening,Fastening renewal,2,16,9.7,1,103,1,0,Low,53,66,0,0.0877
T4202699,TRD,OHE,OHE wear,1,2,14.1,0,5,0,1,Low,159,74,0,0.0201
T4202700,SNT,Axle Counter,Axle counter drift,1,14,12.6,1,121,0,1,Low,246,57,0,0.1153
T4202701,SNT,Cable,Cable insulation fault,1,5,13.2,1,70,0,0,Medium,116,37,0,0.0301
T4202702,ENG,Ballast,Ballast deficiency,4,27,25.3,2,83,0,0,Low,220,47,0,0.2599
T4202703,TRD,Insulator,Insulator crack,1,7,12.4,1,17,1,0,Low,151,63,0,0.0331
T4202704,SNT,Axle Counter,Axle counter drift,3,1,8.6,1,54,0,1,Low,235,63,0,0.079
T4202705,SNT,Point Machine,Point machine overdue,5,14,23.2,0,81,0,1,High,109,20,1,0.3069
T4202706,TRD,Feeder,Feeder overdue PM,4,8,10.2,0,31,1,0,High,205,46,0,0.1144
T4202707,ENG,Bridge,Bearing wear,3,13,2.4,2,5,1,0,Low,191,40,0,0.097
T4202708,ENG,Fastening,Fastening renewal,1,1,7.6,0,68,1,0,Low,303,73,0,0.0637
T4202709,SNT,Cable,Cable insulation fault,3,1,4.5,0,59,0,0,Low,230,41,0,0.025
T4202710,TRD,Sub-station,Sub-station overdue PM,5,1,1.2,0,96,1,0,Low,203,46,0,0.1608
T4202711,ENG,Fastening,Fastening renewal,2,3,9.8,0,56,0,0,Medium,48,45,0,0.0192
T4202712,ENG,Bridge,Bearing wear,5,8,11.6,1,58,1,0,Medium,133,71,0,0.1974
T4202713,ENG,Bridge,Bearing wear,4,3,19.1,1,77,1,0,Medium,108,74,1,0.1512
T4202714,TRD,Sub-station,Sub-station overdue PM,2,11,15.8,0,86,1,0,High,106,65,0,0.0856
T4202715,ENG,Ballast,Ballast deficiency,1,1,15.5,0,42,0,0,Medium,181,77,0,0.0258
T4202716,SNT,Point Machine,Point machine overdue,1,1,6.6,0,84,1,1,Low,202,80,0,0.0874
T4202717,TRD,Sub-station,Sub-station overdue PM,2,39,17.3,1,47,0,0,Medium,205,20,0,0.1071
T4202718,ENG,Ballast,Ballast deficiency,2,16,20.3,0,60,0,0,Low,294,67,0,0.0574
T4202719,SNT,Cable,Cable insulation fault,4,3,14.4,0,77,1,0,Medium,224,48,0,0.1318
T4202720,SNT,Axle Counter,Axle counter drift,3,1,14.5,3,81,0,1,Low,69,30,0,0.1237
T4202721,TRD,Feeder,Feeder overdue PM,3,7,4.4,0,68,0,0,Low,198,49,0,0.0286
T4202722,ENG,Rail,Rail crack,4,1,18.3,0,33,0,1,Low,233,70,0,0.0607
T4202723,ENG,Rail,Rail crack,4,0,22.7,1,13,0,1,Low,294,84,0,0.0973
T4202724,ENG,Fastening,Fastening renewal,4,5,13.9,1,55,0,0,Low,166,28,0,0.056
T4202725,SNT,Interlocking,Interlocking fault,5,9,8.4,0,84,1,1,Medium,167,67,0,0.2918
T4202726,TRD,Insulator,Insulator crack,2,2,11.0,0,71,0,0,Low,277,94,0,0.0315
T4202727,ENG,Fastening,Fastening renewal,5,3,9.5,1,66,1,0,High,196,92,1,0.2257
T4202728,ENG,Ballast,Ballast deficiency,3,30,9.8,2,60,1,0,Low,36,20,0,0.1535
T4202729,TRD,Insulator,Insulator crack,1,10,15.9,1,68,1,0,High,17,99,0,0.0768
T4202730,ENG,Ballast,Ballast deficiency,1,27,13.7,1,35,1,0,Low,346,74,0,0.1506
T4202731,ENG,Fastening,Fastening renewal,1,10,18.0,0,80,1,0,Low,26,20,0,0.0437
T4202732,SNT,Signal LED,LED failure,5,6,14.2,0,81,0,0,Low,165,40,0,0.0743
T4202733,ENG,Ballast,Ballast deficiency,1,2,6.8,0,51,1,0,Low,259,80,0,0.0426
T4202734,ENG,Ballast,Ballast deficiency,5,0,9.0,0,71,0,0,Low,21,62,0,0.0626
T4202735,SNT,Point Machine,Point machine overdue,4,5,8.6,2,17,0,1,Medium,83,44,0,0.091
T4202736,ENG,Rail,Rail crack,3,21,10.9,0,65,1,1,Low,68,56,0,0.1555
T4202737,SNT,Cable,Cable insulation fault,5,2,22.8,1,57,0,0,Low,342,66,0,0.0998
T4202738,SNT,Interlocking,Interlocking fault,5,1,23.7,0,91,1,1,Low,362,43,1,0.4057
T4202739,SNT,Signal LED,LED failure,5,12,17.0,1,55,1,0,Medium,114,52,0,0.2283
T4202740,ENG,Bridge,Bearing wear,3,1,12.7,0,82,1,0,Low,232,73,0,0.1213
T4202741,TRD,OHE,OHE wear,2,2,3.8,0,50,0,1,Low,208,41,0,0.059
T4202742,ENG,Ballast,Ballast deficiency,1,16,13.3,0,5,0,0,Low,155,28,0,0.0174
T4202743,TRD,Insulator,Insulator crack,5,2,7.3,4,54,0,0,Medium,34,42,0,0.1231
T4202744,ENG,Fastening,Fastening renewal,5,14,21.8,0,65,0,0,Medium,388,37,0,0.2282
T4202745,TRD,OHE,OHE wear,3,9,2.4,1,64,1,1,Low,17,43,0,0.1468
T4202746,ENG,Bridge,Bearing wear,1,23,14.3,1,64,1,0,Medium,199,20,0,0.144
T4202747,ENG,Bridge,Bearing wear,5,9,6.8,1,47,1,0,Low,122,60,0,0.1382
T4202748,SNT,Interlocking,Interlocking fault,2,1,11.9,1,52,1,1,Low,271,72,1,0.1475
T4202749,ENG,Bridge,Bearing wear,3,31,16.0,1,32,0,0,Medium,256,39,0,0.1148
T4202750,ENG,Bridge,Bearing wear,4,1,18.1,1,10,0,0,Medium,92,42,0,0.0426
T4202751,SNT,Point Machine,Point machine overdue,1,4,11.6,0,57,1,1,Low,109,51,0,0.0631
T4202752,TRD,Sub-station,Sub-station overdue PM,1,10,16.6,1,41,0,0,Medium,40,37,0,0.0179
T4202753,ENG,Ballast,Ballast deficiency,1,4,8.0,0,87,0,0,Low,198,75,0,0.0295
T4202754,TRD,Feeder,Feeder overdue PM,5,2,13.5,1,5,1,0,Medium,244,37,1,0.1864
T4202755,TRD,Feeder,Feeder overdue PM,5,9,18.0,1,67,0,0,Medium,140,44,0,0.1302
T4202756,TRD,OHE,OHE wear,3,1,14.0,1,113,0,1,Medium,158,40,0,0.1799
T4202757,SNT,Signal LED,LED failure,3,1,8.8,0,55,0,0,Low,352,75,0,0.057
T4202758,SNT,Axle Counter,Axle counter drift,3,4,10.3,2,60,0,1,Low,264,50,0,0.1375
T4202759,SNT,Cable,Cable insulation fault,2,28,18.1,0,71,1,0,Low,301,95,1,0.1643
T4202760,SNT,Signal LED,LED failure,3,9,5.4,0,73,0,0,Low,5,62,0,0.0284
T4202761,TRD,OHE,OHE wear,2,2,6.3,2,50,1,1,Low,229,78,0,0.1329
T4202762,ENG,Fastening,Fastening renewal,4,18,15.6,2,35,0,0,Medium,203,49,0,0.1427
T4202763,ENG,Bridge,Bearing wear,2,1,9.4,1,76,0,0,Medium,67,36,0,0.0368
T4202764,ENG,Fastening,Fastening renewal,4,25,3.3,1,12,0,0,Medium,86,54,0,0.0857
T4202765,TRD,Insulator,Insulator crack,5,8,20.1,3,81,1,0,Medium,160,41,1,0.3566
T4202766,ENG,Fastening,Fastening renewal,2,1,5.4,0,50,0,0,Low,59,20,0,0.0119
T4202767,SNT,Interlocking,Interlocking fault,1,11,10.8,1,60,1,1,Low,108,75,0,0.1249
T4202768,TRD,Sub-station,Sub-station overdue PM,3,7,8.3,0,47,1,0,Low,138,56,0,0.0523
T4202769,TRD,OHE,OHE wear,1,6,10.2,0,96,0,1,Medium,232,41,1,0.0741
T4202770,ENG,Rail,Rail crack,2,6,6.7,2,66,0,1,Low,116,63,0,0.0717
T4202771,TRD,Insulator,Insulator crack,4,5,16.3,0,52,1,0,Low,140,56,0,0.0639
T4202772,TRD,Feeder,Feeder overdue PM,3,4,12.7,0,51,1,0,Low,272,83,0,0.0795
T4202773,ENG,Rail,Rail crack,3,21,17.9,0,56,0,1,Medium,21,64,0,0.1329
T4202774,TRD,OHE,OHE wear,4,3,8.3,0,120,1,1,High,200,52,0,0.387
T4202775,ENG,Rail,Rail crack,1,13,24.8,0,27,1,1,High,215,69,0,0.1948
T4202776,SNT,Axle Counter,Axle counter drift,3,18,0.6,1,87,1,1,Low,218,54,1,0.3537
T4202777,SNT,Axle Counter,Axle counter drift,1,19,2.5,0,74,0,1,Medium,135,59,0,0.0907
T4202778,ENG,Ballast,Ballast deficiency,3,7,22.5,1,98,0,0,Low,84,80,0,0.0428
T4202779,ENG,Fastening,Fastening renewal,2,7,14.8,1,76,0,0,Medium,317,32,0,0.1012
T4202780,ENG,Rail,Rail crack,5,4,14.0,2,60,1,1,Low,103,38,0,0.3019
T4202781,ENG,Bridge,Bearing wear,2,1,14.6,1,86,0,0,Low,79,47,0,0.0443
T4202782,SNT,Axle Counter,Axle counter drift,2,11,15.4,0,66,1,1,Low,182,50,0,0.1304
T4202783,ENG,Ballast,Ballast deficiency,1,9,13.8,1,79,0,0,Low,113,78,0,0.0278
T4202784,ENG,Fastening,Fastening renewal,1,3,6.2,0,96,0,0,High,275,27,0,0.0502
T4202785,SNT,Cable,Cable insulation fault,2,1,16.9,1,62,0,0,Low,156,54,0,0.0254
T4202786,SNT,Interlocking,Interlocking fault,2,1,16.0,0,49,1,1,High,286,44,0,0.139
T4202787,SNT,Axle Counter,Axle counter drift,4,5,20.6,0,44,0,1,Low,220,89,0,0.0742
T4202788,TRD,OHE,OHE wear,5,5,22.6,1,71,1,1,Low,145,73,0,0.497
T4202789,ENG,Ballast,Ballast deficiency,5,7,14.0,0,38,1,0,Medium,280,60,0,0.1393
T4202790,TRD,Feeder,Feeder overdue PM,5,2,4.6,2,51,1,0,Medium,121,74,0,0.1267
T4202791,ENG,Ballast,Ballast deficiency,5,15,22.6,1,36,1,0,High,151,29,0,0.3002
T4202792,SNT,Signal LED,LED failure,3,5,5.9,1,73,1,0,Medium,228,96,0,0.0996
T4202793,TRD,Sub-station,Sub-station overdue PM,2,5,14.0,0,41,1,0,Medium,200,38,0,0.0442
T4202794,TRD,Sub-station,Sub-station overdue PM,4,8,10.5,1,28,0,0,Low,119,80,0,0.0252
T4202795,SNT,Signal LED,LED failure,2,8,9.4,0,32,0,0,High,42,66,0,0.0282
T4202796,SNT,Signal LED,LED failure,4,13,16.6,0,46,1,0,Medium,178,60,0,0.1198
T4202797,ENG,Bridge,Bearing wear,5,1,13.5,0,48,0,0,Medium,115,79,0,0.0748
T4202798,SNT,Interlocking,Interlocking fault,1,9,15.1,1,66,0,1,Medium,183,75,0,0.0826
T4202799,TRD,OHE,OHE wear,4,7,7.1,1,56,1,1,Low,142,57,0,0.2205
T4202800,TRD,Feeder,Feeder overdue PM,5,20,11.0,2,69,1,0,High,115,47,0,0.3495
T4202801,SNT,Point Machine,Point machine overdue,3,4,7.4,0,71,0,1,Medium,156,57,0,0.0948
T4202802,ENG,Ballast,Ballast deficiency,2,9,10.8,1,79,1,0,Medium,173,53,0,0.0891
T4202803,SNT,Signal LED,LED failure,2,18,11.3,0,12,0,0,Medium,243,62,0,0.033
T4202804,ENG,Bridge,Bearing wear,1,18,23.1,2,32,0,0,Low,218,75,0,0.0347
T4202805,ENG,Ballast,Ballast deficiency,2,5,10.4,1,74,1,0,Medium,368,64,0,0.1843
T4202806,ENG,Bridge,Bearing wear,4,1,0.0,1,65,0,0,Medium,193,59,0,0.064
T4202807,SNT,Interlocking,Interlocking fault,3,6,20.4,1,84,1,1,Low,119,42,0,0.1443
T4202808,ENG,Rail,Rail crack,2,6,14.7,0,21,1,1,Medium,165,61,0,0.1103
T4202809,ENG,Bridge,Bearing wear,3,19,11.2,1,48,0,0,Medium,231,21,0,0.0775
T4202810,ENG,Ballast,Ballast deficiency,5,7,9.4,1,53,0,0,Medium,270,39,0,0.1328
T4202811,TRD,Feeder,Feeder overdue PM,1,5,6.3,0,64,1,0,Medium,301,67,0,0.0599
T4202812,SNT,Axle Counter,Axle counter drift,1,15,23.6,0,61,1,1,Low,88,73,0,0.1374
T4202813,ENG,Ballast,Ballast deficiency,5,13,12.3,1,72,1,0,Low,295,55,0,0.2594
T4202814,ENG,Rail,Rail crack,4,12,1.6,1,57,1,1,Low,176,59,0,0.2848
T4202815,SNT,Interlocking,Interlocking fault,3,0,14.0,2,94,1,1,Medium,97,62,0,0.2912
T4202816,ENG,Fastening,Fastening renewal,5,2,19.2,0,102,0,0,High,162,69,0,0.1214
T4202817,SNT,Signal LED,LED failure,3,4,12.9,1,32,0,0,Medium,289,51,0,0.0622
T4202818,ENG,Bridge,Bearing wear,3,4,6.6,0,61,0,0,Medium,221,35,0,0.0425
T4202819,TRD,Insulator,Insulator crack,2,28,6.1,0,80,0,0,Medium,71,63,0,0.0469
T4202820,ENG,Fastening,Fastening renewal,5,20,6.5,0,75,1,0,Medium,72,94,0,0.1707
T4202821,SNT,Signal LED,LED failure,4,3,21.1,3,50,1,0,High,69,37,0,0.2377
T4202822,ENG,Rail,Rail crack,2,1,11.6,3,66,1,1,Low,114,52,0,0.2572
T4202823,TRD,Insulator,Insulator crack,4,20,1.9,0,20,1,0,Low,187,47,0,0.0853
T4202824,TRD,Feeder,Feeder overdue PM,4,1,14.3,2,60,0,0,Low,79,103,0,0.0611
T4202825,SNT,Signal LED,LED failure,1,3,12.8,0,23,0,0,Low,141,36,0,0.013
T4202826,SNT,Axle Counter,Axle counter drift,1,4,9.3,0,73,0,1,Medium,306,52,1,0.0703
T4202827,ENG,Rail,Rail crack,3,1,5.9,3,32,1,1,Low,326,48,1,0.3
T4202828,TRD,Feeder,Feeder overdue PM,4,6,5.6,1,64,1,0,Low,320,30,1,0.2417
T4202829,SNT,Point Machine,Point machine overdue,4,10,18.5,0,68,1,1,Low,18,29,0,0.1691
T4202830,ENG,Ballast,Ballast deficiency,2,6,13.5,1,62,1,0,Low,331,66,0,0.1389
T4202831,SNT,Axle Counter,Axle counter drift,5,7,14.9,1,44,0,1,Low,188,69,1,0.1618
T4202832,SNT,Signal LED,LED failure,3,13,13.5,2,55,0,0,High,187,44,0,0.0955
T4202833,TRD,OHE,OHE wear,2,15,14.0,1,90,0,1,Medium,273,83,0,0.1894
T4202834,SNT,Interlocking,Interlocking fault,1,0,9.2,0,49,1,1,Medium,243,20,0,0.1094
T4202835,SNT,Cable,Cable insulation fault,5,11,10.8,0,61,0,0,Low,12,30,0,0.0581
T4202836,SNT,Axle Counter,Axle counter drift,4,5,19.0,0,46,1,1,Low,125,39,0,0.1996
T4202837,ENG,Rail,Rail crack,3,20,20.5,0,86,0,1,Medium,147,55,1,0.2036
T4202838,ENG,Rail,Rail crack,2,5,4.7,1,62,1,1,Low,60,46,0,0.1285
T4202839,ENG,Ballast,Ballast deficiency,1,2,10.8,0,41,1,0,Low,270,51,0,0.0408
T4202840,TRD,Insulator,Insulator crack,1,6,17.0,2,60,0,0,Medium,310,65,0,0.0788
T4202841,ENG,Ballast,Ballast deficiency,1,31,23.3,0,54,1,0,Medium,179,84,0,0.0949
T4202842,ENG,Fastening,Fastening renewal,3,9,22.7,0,95,1,0,High,207,71,0,0.1954
T4202843,ENG,Ballast,Ballast deficiency,1,17,7.2,1,59,1,0,Low,179,56,0,0.0635
T4202844,ENG,Fastening,Fastening renewal,1,3,19.7,1,25,0,0,Medium,189,53,0,0.02
T4202845,SNT,Point Machine,Point machine overdue,2,4,12.4,1,72,1,1,Low,281,77,0,0.152
T4202846,ENG,Rail,Rail crack,4,7,18.3,0,105,0,1,Medium,21,93,0,0.1741
T4202847,ENG,Rail,Rail crack,3,17,16.7,0,90,0,1,High,224,68,0,0.283
T4202848,TRD,Insulator,Insulator crack,1,3,4.4,1,32,0,0,Medium,181,45,0,0.0214
T4202849,ENG,Fastening,Fastening renewal,4,5,15.3,1,53,1,0,Low,116,60,0,0.1284
T4202850,ENG,Rail,Rail crack,3,0,18.0,0,59,0,1,Medium,135,67,0,0.0695
T4202851,ENG,Bridge,Bearing wear,1,3,11.9,0,60,1,0,Medium,345,44,0,0.063
T4202852,TRD,Insulator,Insulator crack,4,26,10.5,0,70,0,0,High,61,72,0,0.1004
T4202853,ENG,Fastening,Fastening renewal,5,9,2.6,0,51,0,0,Medium,165,60,0,0.0864
T4202854,TRD,Sub-station,Sub-station overdue PM,3,27,16.1,0,37,1,0,High,327,78,0,0.2635
T4202855,TRD,Insulator,Insulator crack,1,14,13.3,0,84,0,0,Low,66,35,0,0.0333
T4202856,SNT,Point Machine,Point machine overdue,2,19,6.5,1,32,0,1,Medium,139,20,0,0.0739
T4202857,ENG,Fastening,Fastening renewal,3,2,10.0,0,40,0,0,Low,184,47,0,0.0315
T4202858,SNT,Interlocking,Interlocking fault,5,46,12.9,0,32,0,1,Medium,217,55,1,0.4935
T4202859,SNT,Point Machine,Point machine overdue,5,5,8.6,0,75,0,1,High,173,20,0,0.2057
T4202860,ENG,Rail,Rail crack,5,9,12.0,0,63,1,1,Medium,99,43,0,0.2507
T4202861,SNT,Signal LED,LED failure,5,15,1.5,0,82,1,0,Medium,220,81,0,0.1943
T4202862,ENG,Rail,Rail crack,3,10,20.1,0,40,0,1,Low,171,66,0,0.0983
T4202863,ENG,Ballast,Ballast deficiency,4,1,12.1,1,29,0,0,Low,236,58,0,0.0438
T4202864,ENG,Fastening,Fastening renewal,4,6,5.4,0,49,1,0,Medium,263,34,1,0.1451
T4202865,ENG,Bridge,Bearing wear,4,25,0.0,0,55,0,0,Low,46,80,1,0.0561
T4202866,ENG,Ballast,Ballast deficiency,4,24,18.2,0,65,0,0,Low,273,47,0,0.1788
T4202867,SNT,Axle Counter,Axle counter drift,1,10,15.3,0,18,0,1,Medium,157,57,1,0.0512
T4202868,TRD,Sub-station,Sub-station overdue PM,5,5,13.3,0,72,1,0,Medium,254,63,0,0.1901
T4202869,ENG,Bridge,Bearing wear,1,7,17.2,2,38,1,0,Low,224,58,0,0.0568
T4202870,SNT,Signal LED,LED failure,3,3,17.2,0,44,0,0,Low,347,85,1,0.059
T4202871,SNT,Interlocking,Interlocking fault,3,2,13.2,0,89,0,1,Low,181,67,1,0.0803
T4202872,ENG,Bridge,Bearing wear,5,14,10.5,0,5,1,0,Medium,144,62,0,0.1582
T4202873,ENG,Fastening,Fastening renewal,1,2,9.5,1,68,0,0,High,134,53,0,0.0323
T4202874,ENG,Ballast,Ballast deficiency,3,8,14.5,1,68,0,0,Low,87,64,0,0.0547
T4202875,ENG,Rail,Rail crack,2,29,20.4,0,40,1,1,Low,253,51,0,0.2228
T4202876,ENG,Rail,Rail crack,1,9,11.4,0,49,0,1,Medium,81,59,0,0.0397
T4202877,ENG,Fastening,Fastening renewal,2,10,20.9,0,91,0,0,Low,252,48,0,0.0489
T4202878,SNT,Point Machine,Point machine overdue,3,8,14.2,1,109,1,1,Medium,160,45,0,0.4172
T4202879,ENG,Rail,Rail crack,5,23,14.3,0,87,1,1,Low,21,37,0,0.3446
T4202880,ENG,Rail,Rail crack,2,8,26.4,0,107,0,1,High,314,50,0,0.3727
T4202881,ENG,Rail,Rail crack,5,2,21.9,1,43,0,1,Medium,5,48,0,0.1446
T4202882,SNT,Signal LED,LED failure,4,7,22.1,1,20,0,0,Low,173,92,0,0.0457
T4202883,ENG,Fastening,Fastening renewal,5,3,7.2,1,59,0,0,Low,201,75,0,0.0611
T4202884,SNT,Interlocking,Interlocking fault,5,7,25.2,0,80,0,1,Low,5,52,0,0.1877
T4202885,ENG,Fastening,Fastening renewal,4,2,11.5,1,14,0,0,Low,220,47,0,0.0421
T4202886,ENG,Rail,Rail crack,4,8,10.6,0,37,0,1,Low,120,67,0,0.1029
T4202887,TRD,Feeder,Feeder overdue PM,1,4,0.0,1,40,0,0,Medium,158,94,0,0.034
T4202888,ENG,Ballast,Ballast deficiency,4,11,14.0,0,69,0,0,Medium,301,71,0,0.1332
T4202889,ENG,Fastening,Fastening renewal,1,6,5.5,2,66,1,0,Low,193,21,0,0.0652
T4202890,ENG,Ballast,Ballast deficiency,4,2,14.4,1,41,1,0,Low,148,72,0,0.1175
T4202891,TRD,Sub-station,Sub-station overdue PM,4,4,5.0,1,64,1,0,High,165,76,0,0.197
T4202892,SNT,Signal LED,LED failure,4,8,22.8,1,31,1,0,Low,340,99,0,0.1322
T4202893,SNT,Cable,Cable insulation fault,4,3,15.3,0,49,1,0,Medium,216,50,0,0.1579
T4202894,TRD,Sub-station,Sub-station overdue PM,2,1,25.7,1,28,0,0,Medium,100,58,0,0.0279
T4202895,ENG,Ballast,Ballast deficiency,2,15,5.9,0,56,1,0,Medium,136,64,0,0.1004
T4202896,TRD,Feeder,Feeder overdue PM,3,3,21.3,0,40,0,0,Medium,73,40,0,0.0372
T4202897,ENG,Bridge,Bearing wear,3,7,1.2,1,77,1,0,High,139,38,0,0.1735
T4202898,SNT,Point Machine,Point machine overdue,2,4,13.2,0,59,1,1,Low,325,63,0,0.1457
T4202899,ENG,Ballast,Ballast deficiency,3,2,8.2,0,54,0,0,Low,165,24,0,0.0223
T4202900,ENG,Rail,Rail crack,3,17,9.3,2,104,1,1,Low,60,29,1,0.3323
T4202901,TRD,OHE,OHE wear,2,36,8.9,0,70,1,1,Low,219,71,0,0.3271
T4202902,ENG,Rail,Rail crack,4,2,6.5,0,51,1,1,Low,145,65,0,0.1388
T4202903,TRD,Feeder,Feeder overdue PM,2,10,4.4,0,45,0,0,Low,231,80,0,0.0279
T4202904,ENG,Bridge,Bearing wear,2,6,9.3,2,30,0,0,Medium,158,64,0,0.0243
T4202905,SNT,Point Machine,Point machine overdue,3,20,12.7,1,58,1,1,Low,310,55,1,0.3221
T4202906,TRD,Insulator,Insulator crack,1,7,19.0,1,68,0,0,Medium,98,81,0,0.0245
T4202907,ENG,Rail,Rail crack,4,1,13.8,2,12,0,1,Low,75,47,0,0.0894
T4202908,TRD,Insulator,Insulator crack,4,20,19.0,1,26,0,0,Medium,264,48,0,0.1325
T4202909,SNT,Cable,Cable insulation fault,5,34,3.1,3,47,0,0,Low,5,54,0,0.1639
T4202910,SNT,Point Machine,Point machine overdue,2,9,9.4,0,33,1,1,Low,165,64,0,0.1229
T4202911,ENG,Bridge,Bearing wear,3,1,16.3,1,61,1,0,Medium,252,54,0,0.1318
T4202912,SNT,Interlocking,Interlocking fault,3,19,14.1,0,65,1,1,Low,5,25,1,0.1684
T4202913,SNT,Interlocking,Interlocking fault,4,4,6.8,3,57,1,1,Medium,186,50,0,0.3772
T4202914,SNT,Interlocking,Interlocking fault,4,2,17.6,0,74,1,1,Medium,45,54,0,0.186
T4202915,ENG,Bridge,Bearing wear,5,9,8.8,1,45,1,0,Medium,14,57,0,0.1649
T4202916,ENG,Ballast,Ballast deficiency,5,27,7.3,0,59,0,0,Medium,84,46,1,0.1095
T4202917,TRD,OHE,OHE wear,1,13,14.9,0,35,1,1,High,163,65,0,0.1421
T4202918,ENG,Rail,Rail crack,2,13,12.0,1,67,1,1,Low,116,23,0,0.1954
T4202919,SNT,Interlocking,Interlocking fault,4,1,8.9,0,62,1,1,High,280,63,0,0.2712
T4202920,TRD,Feeder,Feeder overdue PM,3,14,8.7,0,30,1,0,Low,187,91,0,0.0551
T4202921,ENG,Bridge,Bearing wear,3,11,5.6,0,56,0,0,Low,136,43,0,0.0299
T4202922,ENG,Bridge,Bearing wear,1,7,9.6,1,59,0,0,High,62,56,0,0.045
T4202923,SNT,Interlocking,Interlocking fault,3,7,18.6,1,67,1,1,Low,200,50,0,0.2032
T4202924,ENG,Rail,Rail crack,4,0,13.5,0,68,1,1,Medium,365,50,0,0.2726
T4202925,SNT,Interlocking,Interlocking fault,1,1,17.8,0,42,0,1,Medium,117,34,0,0.0416
T4202926,SNT,Point Machine,Point machine overdue,3,9,15.1,1,79,0,1,High,127,95,1,0.1123
T4202927,SNT,Point Machine,Point machine overdue,5,22,8.3,1,73,0,1,Low,85,63,0,0.2086
T4202928,ENG,Ballast,Ballast deficiency,3,10,2.1,2,42,0,0,Medium,287,42,0,0.1106
T4202929,SNT,Interlocking,Interlocking fault,5,8,6.4,1,31,0,1,Low,263,39,0,0.1489
T4202930,SNT,Signal LED,LED failure,2,2,8.0,2,44,0,0,Low,140,56,0,0.0274
T4202931,ENG,Fastening,Fastening renewal,1,10,7.5,1,23,0,0,Medium,126,20,0,0.023
T4202932,SNT,Interlocking,Interlocking fault,4,0,17.9,0,65,0,1,Medium,95,76,0,0.1203
T4202933,TRD,Insulator,Insulator crack,2,19,17.8,1,90,1,0,Medium,154,45,0,0.143
T4202934,SNT,Axle Counter,Axle counter drift,1,7,25.3,0,96,0,1,Medium,272,63,1,0.1277
T4202935,SNT,Interlocking,Interlocking fault,1,4,7.4,0,33,1,1,Medium,184,64,0,0.1029
T4202936,ENG,Fastening,Fastening renewal,5,14,21.6,0,80,0,0,Low,296,74,1,0.1326
T4202937,ENG,Bridge,Bearing wear,4,4,21.5,0,62,0,0,Low,115,65,0,0.046
T4202938,ENG,Bridge,Bearing wear,2,14,10.6,1,5,0,0,Medium,5,70,0,0.0219
T4202939,ENG,Rail,Rail crack,3,5,14.8,1,52,0,1,Medium,414,75,1,0.2256
T4202940,TRD,Sub-station,Sub-station overdue PM,2,23,19.4,2,49,0,0,Low,199,48,0,0.075
T4202941,ENG,Bridge,Bearing wear,1,6,11.6,1,90,0,0,Low,250,98,0,0.0382
T4202942,TRD,Feeder,Feeder overdue PM,5,3,11.2,0,38,0,0,Low,109,62,0,0.0349
T4202943,ENG,Rail,Rail crack,5,8,8.2,2,74,1,1,Medium,57,54,0,0.3284
T4202944,ENG,Bridge,Bearing wear,2,8,0.0,1,57,0,0,Low,194,38,0,0.0341
T4202945,ENG,Fastening,Fastening renewal,2,20,12.4,0,24,0,0,Medium,5,51,0,0.0237
T4202946,ENG,Fastening,Fastening renewal,5,3,7.7,2,46,1,0,Medium,156,63,0,0.1777
T4202947,TRD,OHE,OHE wear,3,16,5.5,1,98,0,1,High,272,57,0,0.3003
T4202948,TRD,Insulator,Insulator crack,2,5,14.5,1,56,0,0,Low,220,92,0,0.0611
T4202949,TRD,Feeder,Feeder overdue PM,2,10,3.3,1,83,1,0,High,203,47,0,0.1258
T4202950,ENG,Rail,Rail crack,3,14,16.8,0,81,1,1,Medium,337,69,0,0.4431
T4202951,TRD,OHE,OHE wear,3,2,14.9,1,49,1,1,Low,214,32,0,0.2172
T4202952,ENG,Fastening,Fastening renewal,1,4,9.6,0,28,1,0,Low,9,99,0,0.0213
T4202953,TRD,OHE,OHE wear,3,5,11.6,2,31,0,1,Low,167,31,0,0.0789
T4202954,SNT,Interlocking,Interlocking fault,3,1,4.9,1,96,0,1,Low,353,96,0,0.1687
T4202955,ENG,Ballast,Ballast deficiency,2,3,16.5,0,64,1,0,Low,152,52,0,0.0477
T4202956,ENG,Bridge,Bearing wear,2,1,13.1,1,17,1,0,Low,348,20,1,0.0908
T4202957,ENG,Bridge,Bearing wear,3,16,13.6,3,81,1,0,Medium,272,82,0,0.3234
T4202958,ENG,Bridge,Bearing wear,2,7,15.0,0,15,1,0,Low,143,57,0,0.0346
T4202959,TRD,Insulator,Insulator crack,5,4,8.1,2,39,0,0,Low,83,46,0,0.0983
T4202960,TRD,Insulator,Insulator crack,3,24,2.9,1,62,1,0,Medium,211,68,0,0.1741
T4202961,TRD,OHE,OHE wear,3,2,17.7,0,123,0,1,High,294,68,0,0.2837
T4202962,ENG,Rail,Rail crack,2,3,16.1,0,80,0,1,High,38,63,0,0.0937
T4202963,SNT,Interlocking,Interlocking fault,5,17,8.8,1,48,0,1,High,191,78,0,0.339
T4202964,ENG,Ballast,Ballast deficiency,1,1,14.5,1,61,0,0,High,5,60,0,0.0235
T4202965,SNT,Signal LED,LED failure,3,16,19.5,2,83,1,0,Low,149,68,0,0.2094
T4202966,ENG,Fastening,Fastening renewal,1,3,18.8,0,96,1,0,Medium,31,45,0,0.0426
T4202967,ENG,Ballast,Ballast deficiency,4,3,8.6,0,54,1,0,Low,231,70,0,0.1222
T4202968,SNT,Interlocking,Interlocking fault,2,3,3.1,0,55,0,1,High,118,45,0,0.0641
T4202969,ENG,Fastening,Fastening renewal,2,2,4.1,0,39,0,0,Low,284,33,0,0.0325
T4202970,SNT,Signal LED,LED failure,1,4,10.1,0,77,0,0,Medium,131,51,0,0.0311
T4202971,SNT,Cable,Cable insulation fault,4,7,20.8,1,86,0,0,Low,123,49,0,0.0948
T4202972,ENG,Fastening,Fastening renewal,2,3,7.6,0,12,0,0,High,35,74,0,0.0179
T4202973,TRD,Insulator,Insulator crack,2,15,8.4,0,50,0,0,Low,215,26,0,0.0451
T4202974,SNT,Cable,Cable insulation fault,5,2,8.3,1,30,1,0,High,224,77,1,0.2133
T4202975,TRD,OHE,OHE wear,1,4,8.8,1,64,0,1,High,265,43,0,0.0525
T4202976,SNT,Point Machine,Point machine overdue,3,0,11.9,1,29,1,1,Low,239,20,0,0.122
T4202977,SNT,Axle Counter,Axle counter drift,1,10,4.3,0,27,0,1,Medium,216,31,1,0.0493
T4202978,SNT,Point Machine,Point machine overdue,1,6,18.5,0,88,0,1,Low,234,49,0,0.0747
T4202979,TRD,Feeder,Feeder overdue PM,1,11,11.1,0,56,1,0,Low,243,64,0,0.0594
T4202980,SNT,Axle Counter,Axle counter drift,1,1,26.9,1,59,0,1,Low,262,52,0,0.0934
T4202981,ENG,Ballast,Ballast deficiency,5,1,5.0,0,71,0,0,Medium,43,31,0,0.0692
T4202982,ENG,Fastening,Fastening renewal,3,13,21.5,0,84,1,0,Low,138,39,0,0.0764
T4202983,SNT,Point Machine,Point machine overdue,5,4,20.3,2,50,0,1,Medium,34,31,0,0.2029
T4202984,ENG,Fastening,Fastening renewal,2,22,9.5,2,50,0,0,Medium,210,60,0,0.107
T4202985,ENG,Rail,Rail crack,4,11,9.6,0,50,0,1,Low,327,53,0,0.1679
T4202986,ENG,Fastening,Fastening renewal,1,1,6.5,0,87,1,0,Low,261,67,1,0.0519
T4202987,SNT,Signal LED,LED failure,1,1,6.5,0,58,1,0,Low,125,20,0,0.0248
T4202988,ENG,Ballast,Ballast deficiency,1,11,12.0,1,53,1,0,Low,225,44,0,0.0723
T4202989,SNT,Cable,Cable insulation fault,5,12,12.1,0,70,1,0,High,211,96,0,0.2643
T4202990,TRD,Sub-station,Sub-station overdue PM,4,10,2.4,1,106,0,0,Low,201,68,0,0.1192
T4202991,TRD,Sub-station,Sub-station overdue PM,4,10,25.8,2,62,0,0,Medium,63,49,0,0.1158
T4202992,ENG,Fastening,Fastening renewal,5,20,10.4,1,53,1,0,High,298,35,0,0.3944
T4202993,SNT,Cable,Cable insulation fault,2,17,12.4,1,109,0,0,Low,74,77,1,0.0655
T4202994,SNT,Signal LED,LED failure,4,5,8.2,2,93,1,0,Medium,147,86,0,0.2192
T4202995,SNT,Signal LED,LED failure,3,12,10.4,1,90,1,0,High,266,32,0,0.3033
T4202996,SNT,Signal LED,LED failure,3,6,9.9,0,47,1,0,Medium,146,34,0,0.0888
T4202997,ENG,Rail,Rail crack,4,1,12.0,1,45,0,1,Low,187,61,0,0.1349
T4202998,TRD,Feeder,Feeder overdue PM,3,20,11.9,2,14,1,0,Medium,191,62,0,0.1256
T4202999,ENG,Ballast,Ballast deficiency,1,1,16.8,0,84,1,0,High,186,65,0,0.0619
T4203000,TRD,Insulator,Insulator crack,1,13,13.4,0,62,0,0,Medium,190,92,0,0.0347
T4203001,SNT,Interlocking,Interlocking fault,3,1,16.2,0,15,1,1,Medium,199,36,0,0.1486
T4203002,ENG,Bridge,Bearing wear,3,2,11.9,1,90,0,0,Medium,187,56,0,0.0814
T4203003,SNT,Axle Counter,Axle counter drift,4,13,13.4,1,52,0,1,Medium,99,69,0,0.1466
T4203004,ENG,Bridge,Bearing wear,3,3,10.6,0,55,1,0,Low,40,69,0,0.0557
T4203005,TRD,OHE,OHE wear,1,5,18.0,0,22,1,1,High,270,42,0,0.1097
T4203006,SNT,Axle Counter,Axle counter drift,2,7,13.9,0,72,0,1,Low,274,43,0,0.1032
T4203007,ENG,Bridge,Bearing wear,3,31,11.1,1,73,0,0,Medium,210,46,0,0.1567
T4203008,ENG,Ballast,Ballast deficiency,5,1,10.9,1,59,1,0,Low,210,89,0,0.1492
T4203009,TRD,Insulator,Insulator crack,3,2,11.3,0,50,0,0,Medium,98,35,0,0.0299
T4203010,ENG,Bridge,Bearing wear,4,6,12.2,0,126,1,0,Medium,5,49,0,0.1562
T4203011,TRD,Sub-station,Sub-station overdue PM,4,2,11.7,0,30,1,0,Medium,158,71,0,0.0873
T4203012,TRD,OHE,OHE wear,2,3,8.6,0,42,0,1,Low,9,33,0,0.0247
T4203013,SNT,Interlocking,Interlocking fault,5,1,16.6,1,78,1,1,Medium,197,60,1,0.4303
T4203014,ENG,Ballast,Ballast deficiency,4,1,17.0,0,35,0,0,Low,297,20,0,0.0679
T4203015,SNT,Axle Counter,Axle counter drift,5,9,22.7,1,33,0,1,Low,125,59,0,0.192
T4203016,TRD,Insulator,Insulator crack,4,11,8.4,3,88,1,0,Medium,130,56,0,0.2837
T4203017,ENG,Fastening,Fastening renewal,4,4,16.0,0,75,0,0,High,89,58,0,0.0734
T4203018,ENG,Rail,Rail crack,1,4,0.5,0,72,0,1,High,184,38,0,0.0684
T4203019,ENG,Bridge,Bearing wear,3,0,17.0,1,65,1,0,Medium,177,60,0,0.1053
T4203020,ENG,Ballast,Ballast deficiency,1,15,3.3,0,43,0,0,Medium,88,54,0,0.0217
T4203021,SNT,Interlocking,Interlocking fault,4,12,6.1,1,54,0,1,Low,262,81,0,0.2077
T4203022,SNT,Point Machine,Point machine overdue,4,20,14.0,1,58,1,1,Low,423,68,0,0.4772
T4203023,SNT,Axle Counter,Axle counter drift,3,11,8.3,1,81,0,1,Medium,287,26,0,0.1509
T4203024,ENG,Rail,Rail crack,2,1,7.4,1,71,0,1,Medium,170,38,0,0.0993
T4203025,ENG,Ballast,Ballast deficiency,1,19,9.1,2,37,0,0,Medium,169,43,0,0.0489
T4203026,ENG,Bridge,Bearing wear,4,8,16.4,1,80,1,0,Low,134,59,0,0.1534
T4203027,TRD,Sub-station,Sub-station overdue PM,4,22,6.4,0,18,0,0,Low,132,52,0,0.04
T4203028,SNT,Signal LED,LED failure,3,5,11.7,0,52,1,0,Low,266,52,0,0.071
T4203029,ENG,Rail,Rail crack,4,1,9.7,1,31,0,1,Medium,270,111,0,0.1251
T4203030,TRD,OHE,OHE wear,4,5,16.9,1,39,1,1,Low,75,45,0,0.1577
T4203031,ENG,Fastening,Fastening renewal,3,8,17.1,1,108,1,0,Low,213,83,0,0.1514
T4203032,ENG,Bridge,Bearing wear,1,5,1.0,0,23,1,0,Medium,280,52,0,0.0306
T4203033,ENG,Rail,Rail crack,5,5,18.3,0,40,1,1,Low,148,20,0,0.3223
T4203034,TRD,Sub-station,Sub-station overdue PM,3,13,8.3,0,73,0,0,Low,161,59,1,0.0688
T4203035,SNT,Interlocking,Interlocking fault,4,27,13.4,2,48,0,1,Medium,243,77,0,0.364
T4203036,SNT,Axle Counter,Axle counter drift,5,5,6.4,0,64,0,1,Low,245,68,0,0.1694
T4203037,ENG,Rail,Rail crack,2,22,14.2,0,96,0,1,Medium,219,60,0,0.2497
T4203038,ENG,Bridge,Bearing wear,4,8,27.3,0,76,0,0,High,203,55,0,0.1793
T4203039,SNT,Axle Counter,Axle counter drift,1,9,12.8,0,48,1,1,Low,215,45,0,0.0793
T4203040,ENG,Bridge,Bearing wear,5,2,9.2,0,57,0,0,Low,155,73,0,0.0636
T4203041,TRD,Sub-station,Sub-station overdue PM,1,5,10.6,0,73,1,0,Medium,79,46,0,0.0411
T4203042,TRD,Sub-station,Sub-station overdue PM,3,3,3.2,0,76,1,0,Medium,40,42,0,0.0626
T4203043,ENG,Rail,Rail crack,2,4,20.7,2,61,0,1,High,234,63,0,0.1651
T4203044,SNT,Signal LED,LED failure,1,0,13.9,0,69,0,0,Low,190,49,0,0.019
T4203045,TRD,Sub-station,Sub-station overdue PM,3,5,5.7,1,69,1,0,High,221,81,1,0.1608
T4203046,SNT,Axle Counter,Axle counter drift,5,4,5.9,1,58,0,1,Low,105,64,0,0.1468
T4203047,SNT,Point Machine,Point machine overdue,1,5,12.1,1,45,0,1,Low,189,39,0,0.0647
T4203048,TRD,OHE,OHE wear,2,2,17.6,1,79,0,1,Medium,187,32,0,0.0928
T4203049,ENG,Ballast,Ballast deficiency,1,0,5.1,1,67,1,0,Low,295,44,0,0.0647
T4203050,TRD,Insulator,Insulator crack,1,7,18.7,0,8,0,0,Low,257,102,0,0.0136
T4203051,ENG,Fastening,Fastening renewal,2,1,11.5,1,39,0,0,Low,113,50,0,0.0223
T4203052,SNT,Cable,Cable insulation fault,3,1,6.4,0,48,0,0,Low,225,70,0,0.04
T4203053,TRD,Sub-station,Sub-station overdue PM,4,4,9.2,0,55,0,0,Medium,113,29,0,0.0587
T4203054,SNT,Interlocking,Interlocking fault,4,6,22.5,2,90,0,1,Low,5,33,0,0.1569
T4203055,SNT,Interlocking,Interlocking fault,4,2,3.7,2,140,1,1,Low,335,51,1,0.5178
T4203056,SNT,Interlocking,Interlocking fault,4,1,7.6,0,5,1,1,Low,146,89,0,0.1433
T4203057,ENG,Fastening,Fastening renewal,2,5,17.7,0,68,0,0,Medium,274,29,0,0.045
T4203058,ENG,Fastening,Fastening renewal,5,20,13.3,0,62,1,0,High,120,42,1,0.2974
T4203059,ENG,Fastening,Fastening renewal,1,7,7.3,0,55,1,0,Low,107,73,0,0.0382
T4203060,SNT,Point Machine,Point machine overdue,4,5,17.8,0,74,0,1,High,131,87,0,0.1737
T4203061,ENG,Ballast,Ballast deficiency,1,2,18.1,1,64,1,0,Medium,203,64,0,0.0922
T4203062,ENG,Ballast,Ballast deficiency,4,8,14.0,1,51,1,0,High,196,69,0,0.282
T4203063,TRD,Insulator,Insulator crack,1,1,8.3,0,61,0,0,Medium,225,37,0,0.0305
T4203064,ENG,Fastening,Fastening renewal,2,14,9.3,1,74,0,0,Low,135,29,0,0.0556
T4203065,ENG,Bridge,Bearing wear,2,28,13.7,1,72,1,0,Medium,184,32,1,0.1283
T4203066,ENG,Fastening,Fastening renewal,4,14,4.1,0,65,0,0,Medium,104,38,0,0.0537
T4203067,ENG,Ballast,Ballast deficiency,1,0,20.0,1,45,0,0,High,312,60,0,0.0445
T4203068,SNT,Axle Counter,Axle counter drift,2,6,22.2,0,130,1,1,High,62,31,1,0.235
T4203069,ENG,Fastening,Fastening renewal,2,15,10.6,1,69,1,0,Medium,106,60,0,0.1122
T4203070,ENG,Ballast,Ballast deficiency,4,14,14.1,0,79,1,0,Medium,142,49,0,0.1031
T4203071,TRD,Insulator,Insulator crack,5,0,19.1,0,47,0,0,Low,395,44,0,0.1149
T4203072,TRD,Sub-station,Sub-station overdue PM,4,7,23.7,1,65,0,0,Medium,249,73,1,0.1181
T4203073,SNT,Signal LED,LED failure,3,19,21.3,0,65,1,0,Medium,103,36,0,0.1207
T4203074,TRD,OHE,OHE wear,2,9,1.6,2,12,1,1,Medium,254,84,1,0.2276
T4203075,TRD,Feeder,Feeder overdue PM,5,23,10.1,0,42,1,0,Low,226,72,0,0.1947
T4203076,ENG,Ballast,Ballast deficiency,1,10,15.0,0,42,0,0,High,205,35,0,0.0249
T4203077,SNT,Signal LED,LED failure,1,12,9.0,0,45,1,0,Low,243,79,0,0.0514
T4203078,SNT,Point Machine,Point machine overdue,2,4,22.7,2,33,0,1,Low,185,33,0,0.0862
T4203079,ENG,Rail,Rail crack,2,26,21.8,0,61,0,1,Low,195,81,0,0.1239
T4203080,ENG,Rail,Rail crack,3,8,7.1,0,95,1,1,Low,40,62,0,0.2337
T4203081,ENG,Fastening,Fastening renewal,5,16,11.0,0,63,0,0,Low,310,23,0,0.1425
T4203082,SNT,Point Machine,Point machine overdue,4,0,7.5,0,30,1,1,Low,140,29,1,0.1492
T4203083,TRD,Feeder,Feeder overdue PM,2,19,10.8,0,34,1,0,Low,69,47,0,0.0523
T4203084,TRD,OHE,OHE wear,2,3,10.6,0,51,1,1,Low,135,72,0,0.1135
T4203085,ENG,Bridge,Bearing wear,4,1,17.7,0,25,0,0,Low,138,52,0,0.0314
T4203086,ENG,Ballast,Ballast deficiency,2,4,6.7,0,68,0,0,High,108,51,0,0.0296
T4203087,SNT,Axle Counter,Axle counter drift,5,5,0.0,0,94,1,1,Medium,250,56,1,0.4344
T4203088,SNT,Interlocking,Interlocking fault,3,5,2.4,0,46,1,1,Low,268,20,1,0.1573
T4203089,TRD,Feeder,Feeder overdue PM,3,2,5.8,0,62,1,0,Medium,5,71,0,0.0635
T4203090,TRD,Feeder,Feeder overdue PM,5,1,8.1,1,49,0,0,Medium,134,82,0,0.0702
T4203091,TRD,Sub-station,Sub-station overdue PM,2,6,13.1,1,44,1,0,Medium,140,71,0,0.0759
T4203092,TRD,OHE,OHE wear,3,1,5.5,1,65,0,1,Low,165,47,0,0.0614
T4203093,TRD,Insulator,Insulator crack,3,14,4.7,0,43,0,0,Medium,334,37,0,0.0659
T4203094,SNT,Point Machine,Point machine overdue,2,12,6.4,0,40,0,1,Low,107,33,0,0.0423
T4203095,ENG,Bridge,Bearing wear,1,9,5.3,2,20,0,0,Low,321,32,0,0.0344
T4203096,ENG,Fastening,Fastening renewal,2,4,8.7,0,62,0,0,High,167,100,0,0.0374
T4203097,ENG,Bridge,Bearing wear,1,0,8.4,1,87,0,0,Low,321,53,0,0.0272
T4203098,ENG,Rail,Rail crack,4,2,16.1,0,78,0,1,Low,152,73,0,0.1068
T4203099,ENG,Ballast,Ballast deficiency,1,0,6.1,1,97,1,0,Low,141,72,0,0.055
T4203100,TRD,Insulator,Insulator crack,2,3,9.9,0,43,0,0,Medium,178,58,0,0.0285
T4203101,ENG,Ballast,Ballast deficiency,5,15,8.7,0,81,1,0,Low,296,36,0,0.224
T4203102,TRD,Insulator,Insulator crack,3,1,16.9,0,32,1,0,Low,194,65,0,0.0671
T4203103,TRD,OHE,OHE wear,4,20,11.1,1,78,0,1,Low,199,33,1,0.3055
T4203104,SNT,Signal LED,LED failure,4,4,18.3,0,101,1,0,Low,237,67,1,0.1965
T4203105,SNT,Signal LED,LED failure,2,1,5.1,0,72,0,0,Low,101,34,0,0.0127
T4203106,ENG,Bridge,Bearing wear,4,1,11.7,0,102,0,0,Low,210,46,0,0.0775
T4203107,SNT,Interlocking,Interlocking fault,2,7,8.5,0,45,1,1,Low,123,46,0,0.0869
T4203108,ENG,Rail,Rail crack,4,7,4.6,0,57,1,1,Low,312,83,0,0.1762
T4203109,TRD,Feeder,Feeder overdue PM,4,4,11.6,0,37,0,0,High,218,20,0,0.0569
T4203110,ENG,Ballast,Ballast deficiency,5,1,22.4,0,61,1,0,Medium,242,102,0,0.2239
T4203111,ENG,Fastening,Fastening renewal,5,9,6.9,1,67,1,0,Low,5,39,0,0.1314
T4203112,SNT,Cable,Cable insulation fault,1,4,11.2,1,61,0,0,Low,244,53,0,0.0283
T4203113,SNT,Signal LED,LED failure,2,1,4.1,0,48,0,0,Medium,164,63,0,0.0214
T4203114,SNT,Axle Counter,Axle counter drift,3,1,3.2,2,48,1,1,Medium,51,62,0,0.1887
T4203115,SNT,Signal LED,LED failure,2,3,7.3,0,69,1,0,Low,189,72,0,0.041
T4203116,ENG,Ballast,Ballast deficiency,4,1,9.3,1,56,1,0,Low,43,67,0,0.0632
T4203117,SNT,Point Machine,Point machine overdue,5,12,9.6,0,31,1,1,Medium,235,96,0,0.3121
T4203118,ENG,Ballast,Ballast deficiency,2,6,10.6,0,13,0,0,Low,309,70,0,0.0181
T4203119,ENG,Rail,Rail crack,5,11,2.1,1,45,0,1,Low,19,53,0,0.1028
T4203120,ENG,Ballast,Ballast deficiency,5,10,8.2,1,25,1,0,Low,177,44,1,0.1661
T4203121,ENG,Fastening,Fastening renewal,5,21,15.0,0,39,1,0,Medium,165,43,0,0.1871
T4203122,ENG,Ballast,Ballast deficiency,1,3,3.9,1,49,0,0,Low,5,81,0,0.0146
T4203123,SNT,Signal LED,LED failure,2,3,9.9,1,56,1,0,Low,262,90,0,0.0807
T4203124,ENG,Bridge,Bearing wear,1,5,13.8,0,43,0,0,Low,236,75,0,0.0192
T4203125,ENG,Rail,Rail crack,1,3,7.3,0,115,0,1,Medium,362,20,0,0.0912
T4203126,SNT,Signal LED,LED failure,1,6,14.0,1,28,1,0,Medium,225,20,0,0.0541
T4203127,ENG,Rail,Rail crack,3,9,2.9,0,90,0,1,Medium,101,55,0,0.0747
T4203128,SNT,Cable,Cable insulation fault,1,4,17.3,0,56,0,0,Medium,226,52,0,0.0253
T4203129,TRD,Insulator,Insulator crack,2,13,14.2,1,44,0,0,Low,296,55,0,0.0538
T4203130,ENG,Fastening,Fastening renewal,5,3,12.3,0,75,0,0,Low,138,80,0,0.0864
T4203131,TRD,OHE,OHE wear,5,0,18.7,0,49,1,1,High,257,79,0,0.3679
T4203132,ENG,Bridge,Bearing wear,5,21,10.0,1,40,0,0,High,5,58,1,0.1101
T4203133,ENG,Bridge,Bearing wear,1,14,8.3,0,105,0,0,Low,313,25,0,0.0447
T4203134,SNT,Cable,Cable insulation fault,4,7,20.2,0,5,1,0,Medium,252,30,0,0.0994
T4203135,TRD,OHE,OHE wear,4,2,23.0,2,54,1,1,Low,5,56,0,0.2236
T4203136,TRD,Feeder,Feeder overdue PM,1,2,7.8,0,65,1,0,Low,214,63,0,0.0411
T4203137,ENG,Rail,Rail crack,5,11,11.3,1,95,1,1,Low,5,31,1,0.3226
T4203138,TRD,Feeder,Feeder overdue PM,3,34,18.3,1,50,1,0,Medium,125,68,0,0.2378
T4203139,ENG,Fastening,Fastening renewal,5,10,11.5,3,127,1,0,High,241,20,1,0.5621
T4203140,ENG,Rail,Rail crack,1,12,15.6,1,79,0,1,Medium,168,20,0,0.0759
T4203141,ENG,Rail,Rail crack,4,2,16.7,0,5,0,1,Medium,293,37,0,0.0897
T4203142,TRD,Insulator,Insulator crack,1,11,8.6,0,24,0,0,Low,186,82,0,0.019
T4203143,ENG,Rail,Rail crack,5,4,14.5,2,66,1,1,High,177,85,0,0.416
T4203144,TRD,Feeder,Feeder overdue PM,4,16,12.0,0,31,1,0,Low,279,23,0,0.1251
T4203145,SNT,Axle Counter,Axle counter drift,1,9,4.7,0,74,1,1,High,150,25,0,0.1376
T4203146,SNT,Signal LED,LED failure,2,4,6.1,0,49,1,0,Low,178,70,0,0.0353
T4203147,SNT,Cable,Cable insulation fault,2,8,8.1,0,30,1,0,Low,190,46,0,0.0309
T4203148,TRD,Insulator,Insulator crack,1,3,17.6,1,36,0,0,Medium,174,82,0,0.0194
T4203149,ENG,Ballast,Ballast deficiency,1,1,17.8,1,81,0,0,Low,284,70,0,0.0248
T4203150,ENG,Rail,Rail crack,5,16,16.5,0,9,1,1,Low,120,73,0,0.2461
T4203151,SNT,Interlocking,Interlocking fault,5,8,14.6,1,86,0,1,Medium,105,39,0,0.274
T4203152,ENG,Rail,Rail crack,3,2,14.5,4,87,1,1,Medium,84,64,1,0.3094
T4203153,ENG,Fastening,Fastening renewal,5,1,13.7,1,52,0,0,Low,5,95,0,0.0384
T4203154,ENG,Bridge,Bearing wear,4,6,14.4,0,25,0,0,Medium,314,58,0,0.0915
T4203155,ENG,Bridge,Bearing wear,1,0,14.9,1,74,1,0,Medium,99,54,0,0.0553
T4203156,ENG,Rail,Rail crack,4,2,3.6,1,48,0,1,Low,159,46,0,0.0881
T4203157,ENG,Fastening,Fastening renewal,1,3,7.3,1,22,1,0,Low,320,23,0,0.0541
T4203158,TRD,Feeder,Feeder overdue PM,5,13,5.8,2,108,0,0,Medium,167,33,0,0.2284
T4203159,ENG,Fastening,Fastening renewal,2,3,18.6,0,38,0,0,High,226,37,0,0.0449
T4203160,TRD,Sub-station,Sub-station overdue PM,1,13,21.9,0,23,1,0,Low,52,22,0,0.0233
T4203161,TRD,Feeder,Feeder overdue PM,2,15,0.0,0,67,0,0,Medium,306,24,0,0.0433
T4203162,ENG,Bridge,Bearing wear,4,21,21.4,1,58,1,0,Medium,169,20,0,0.1847
T4203163,SNT,Signal LED,LED failure,5,4,12.5,0,97,0,0,Medium,88,39,0,0.1509
T4203164,SNT,Axle Counter,Axle counter drift,3,1,18.1,0,50,1,1,Medium,88,69,0,0.1175
T4203165,SNT,Signal LED,LED failure,1,4,15.0,1,51,0,0,Medium,332,49,0,0.0425
T4203166,ENG,Fastening,Fastening renewal,5,7,20.6,0,68,0,0,Low,127,49,0,0.0901
T4203167,ENG,Bridge,Bearing wear,4,7,13.3,0,65,1,0,High,90,70,0,0.1437
T4203168,ENG,Bridge,Bearing wear,3,2,3.8,0,66,1,0,Medium,141,89,1,0.0727
T4203169,SNT,Point Machine,Point machine overdue,3,4,11.4,2,67,1,1,Medium,184,100,0,0.2637
T4203170,TRD,Sub-station,Sub-station overdue PM,5,2,15.1,2,64,1,0,Medium,194,58,1,0.2636
T4203171,SNT,Cable,Cable insulation fault,2,7,10.7,0,50,1,0,Low,220,49,0,0.0455
T4203172,SNT,Signal LED,LED failure,1,3,15.9,0,81,0,0,Low,201,47,0,0.0227
T4203173,TRD,Feeder,Feeder overdue PM,1,2,11.6,1,51,1,0,Medium,238,67,0,0.0361
T4203174,SNT,Interlocking,Interlocking fault,4,6,8.4,1,80,0,1,Low,155,52,0,0.1059
T4203175,ENG,Ballast,Ballast deficiency,5,3,5.5,0,95,1,0,Low,366,52,0,0.1866
T4203176,TRD,Feeder,Feeder overdue PM,4,1,9.6,0,43,1,0,Medium,136,53,0,0.1026
T4203177,ENG,Ballast,Ballast deficiency,4,12,13.2,2,120,0,0,Low,302,36,0,0.1995
T4203178,ENG,Fastening,Fastening renewal,2,1,0.2,0,42,1,0,Medium,126,20,0,0.0455
T4203179,SNT,Point Machine,Point machine overdue,3,0,7.3,2,42,1,1,Low,52,42,0,0.1307
T4203180,TRD,Sub-station,Sub-station overdue PM,1,5,0.0,0,73,0,0,Medium,30,84,0,0.0181
T4203181,ENG,Ballast,Ballast deficiency,2,2,8.3,0,71,1,0,Low,207,83,0,0.0454
T4203182,SNT,Point Machine,Point machine overdue,4,0,19.2,0,62,0,1,Medium,285,74,0,0.1715
T4203183,ENG,Fastening,Fastening renewal,5,4,4.9,0,80,1,0,Medium,76,45,0,0.1513
T4203184,ENG,Ballast,Ballast deficiency,5,3,16.2,3,66,1,0,Low,101,39,0,0.2992
T4203185,ENG,Bridge,Bearing wear,5,28,29.1,0,112,0,0,High,215,87,0,0.3559
T4203186,SNT,Axle Counter,Axle counter drift,1,16,20.7,1,59,0,1,Low,180,33,0,0.094
T4203187,TRD,OHE,OHE wear,5,8,12.8,0,39,0,1,Low,127,56,0,0.1229
T4203188,ENG,Fastening,Fastening renewal,2,6,17.2,0,46,1,0,Medium,65,89,0,0.0433
T4203189,ENG,Bridge,Bearing wear,4,13,3.8,0,72,0,0,Medium,208,57,0,0.1092
T4203190,ENG,Rail,Rail crack,5,11,2.6,0,72,1,1,Medium,239,49,0,0.4922
T4203191,ENG,Bridge,Bearing wear,5,4,12.2,0,65,1,0,High,224,78,1,0.2401
T4203192,SNT,Point Machine,Point machine overdue,4,14,14.4,1,39,1,1,Medium,182,56,1,0.2829
T4203193,SNT,Cable,Cable insulation fault,2,8,18.6,0,88,0,0,Low,85,59,0,0.0372
T4203194,SNT,Interlocking,Interlocking fault,3,26,8.6,1,108,0,1,Low,208,85,0,0.2716
T4203195,ENG,Ballast,Ballast deficiency,4,7,13.2,0,61,1,0,High,202,20,1,0.2584
T4203196,SNT,Interlocking,Interlocking fault,3,14,13.0,0,105,0,1,Low,62,62,0,0.1398
T4203197,ENG,Bridge,Bearing wear,3,25,11.2,0,82,0,0,Medium,153,40,0,0.0822
T4203198,ENG,Bridge,Bearing wear,3,19,11.6,0,115,0,0,High,213,51,0,0.1973
T4203199,TRD,Sub-station,Sub-station overdue PM,3,13,6.9,1,72,1,0,Medium,173,57,0,0.1672
T4203200,TRD,Insulator,Insulator crack,1,11,13.7,0,63,1,0,Low,5,41,0,0.0388
T4203201,TRD,Feeder,Feeder overdue PM,5,7,13.2,3,81,0,0,Medium,122,60,1,0.1991
T4203202,TRD,Sub-station,Sub-station overdue PM,1,7,9.4,1,49,0,0,Low,116,63,0,0.0243
T4203203,SNT,Interlocking,Interlocking fault,5,2,16.0,2,70,1,1,High,230,59,0,0.5458
T4203204,TRD,Sub-station,Sub-station overdue PM,1,6,18.2,2,93,0,0,Medium,414,57,0,0.0941
T4203205,ENG,Fastening,Fastening renewal,3,5,16.1,0,80,1,0,Medium,192,53,0,0.1217
T4203206,ENG,Ballast,Ballast deficiency,3,5,5.7,1,59,0,0,Low,72,53,0,0.033
T4203207,ENG,Fastening,Fastening renewal,3,0,12.6,1,65,0,0,Low,166,57,0,0.045
T4203208,ENG,Bridge,Bearing wear,3,3,6.5,2,79,0,0,Low,181,36,0,0.0625
T4203209,ENG,Bridge,Bearing wear,5,9,12.6,2,78,0,0,Medium,248,80,1,0.1923
T4203210,ENG,Ballast,Ballast deficiency,1,4,6.6,0,79,0,0,Medium,292,53,0,0.0345
T4203211,SNT,Axle Counter,Axle counter drift,5,6,19.7,0,68,1,1,High,305,47,0,0.4973
T4203212,TRD,OHE,OHE wear,4,2,16.7,1,39,0,1,Low,228,63,0,0.0879
T4203213,SNT,Interlocking,Interlocking fault,4,2,18.9,0,43,1,1,Low,180,53,0,0.2122
T4203214,ENG,Ballast,Ballast deficiency,1,1,18.3,0,72,0,0,Medium,314,80,0,0.0402
T4203215,SNT,Axle Counter,Axle counter drift,1,9,10.4,0,81,0,1,Medium,149,73,0,0.0603
T4203216,ENG,Bridge,Bearing wear,2,0,9.4,0,78,0,0,Medium,185,57,0,0.0398
T4203217,ENG,Ballast,Ballast deficiency,2,2,22.5,1,43,1,0,Low,158,74,0,0.0503
T4203218,ENG,Ballast,Ballast deficiency,4,2,11.0,2,56,0,0,Low,5,60,0,0.0421
T4203219,ENG,Bridge,Bearing wear,5,5,3.9,0,31,1,0,Medium,294,32,0,0.1689
T4203220,ENG,Bridge,Bearing wear,3,2,18.0,1,25,0,0,High,241,73,1,0.0851
T4203221,TRD,OHE,OHE wear,4,15,12.9,1,62,0,1,Medium,5,20,0,0.165
T4203222,TRD,Sub-station,Sub-station overdue PM,1,4,21.0,0,94,0,0,Medium,270,20,0,0.0394
T4203223,SNT,Point Machine,Point machine overdue,4,4,13.5,1,62,1,1,Medium,153,69,0,0.2615
T4203224,ENG,Fastening,Fastening renewal,1,6,11.9,2,108,0,0,Medium,269,64,1,0.0891
T4203225,TRD,Sub-station,Sub-station overdue PM,4,5,21.2,2,56,0,0,Medium,187,63,0,0.1194
T4203226,SNT,Cable,Cable insulation fault,2,1,2.8,0,61,0,0,Low,58,83,0,0.0202
T4203227,ENG,Bridge,Bearing wear,3,16,8.5,1,35,0,0,Low,182,55,0,0.0554
T4203228,SNT,Axle Counter,Axle counter drift,2,4,6.7,1,51,0,1,High,99,47,0,0.0961
T4203229,SNT,Point Machine,Point machine overdue,3,14,0.0,0,30,1,1,High,70,71,0,0.232
T4203230,ENG,Fastening,Fastening renewal,5,13,17.2,3,21,1,0,Medium,258,41,0,0.253
T4203231,ENG,Rail,Rail crack,5,5,8.7,0,31,0,1,Low,215,50,1,0.196
T4203232,SNT,Interlocking,Interlocking fault,2,7,17.4,1,62,0,1,Medium,315,60,0,0.1702
T4203233,ENG,Ballast,Ballast deficiency,2,0,14.3,0,42,0,0,Low,145,62,0,0.0334
T4203234,ENG,Rail,Rail crack,3,0,15.6,1,48,1,1,Low,93,48,0,0.1043
T4203235,ENG,Fastening,Fastening renewal,4,2,9.3,1,70,1,0,Medium,237,45,0,0.1794
T4203236,TRD,Insulator,Insulator crack,1,8,7.4,1,21,0,0,Medium,105,33,0,0.0196
T4203237,ENG,Bridge,Bearing wear,4,5,12.5,2,62,1,0,Low,152,39,0,0.1686
T4203238,ENG,Fastening,Fastening renewal,5,15,17.5,0,81,0,0,Medium,227,91,1,0.1859
T4203239,ENG,Rail,Rail crack,5,5,11.7,1,83,0,1,Medium,169,50,0,0.2727
T4203240,TRD,Feeder,Feeder overdue PM,3,3,7.8,1,73,1,0,Low,136,59,0,0.0963
T4203241,SNT,Axle Counter,Axle counter drift,2,8,4.8,0,59,1,1,Low,54,25,0,0.0832
T4203242,TRD,Sub-station,Sub-station overdue PM,2,2,13.2,1,44,0,0,Medium,264,106,0,0.0385
T4203243,ENG,Ballast,Ballast deficiency,4,5,8.7,2,58,1,0,High,147,38,0,0.2163
T4203244,ENG,Bridge,Bearing wear,3,14,11.6,0,101,1,0,High,236,31,1,0.2079
T4203245,SNT,Point Machine,Point machine overdue,1,18,10.6,0,67,0,1,Low,224,54,0,0.0724
T4203246,ENG,Rail,Rail crack,4,0,9.3,1,57,0,1,Medium,278,37,0,0.1329
T4203247,TRD,Feeder,Feeder overdue PM,1,8,13.8,1,74,0,0,Medium,159,62,0,0.0383
T4203248,TRD,Insulator,Insulator crack,5,15,15.3,0,61,1,0,Low,149,25,0,0.1474
T4203249,SNT,Interlocking,Interlocking fault,3,1,23.8,0,66,0,1,Medium,80,78,0,0.0888
T4203250,TRD,Insulator,Insulator crack,2,5,16.5,1,54,0,0,Low,131,74,0,0.0242
T4203251,SNT,Point Machine,Point machine overdue,1,1,21.6,0,50,0,1,Medium,211,53,0,0.054
T4203252,ENG,Ballast,Ballast deficiency,1,4,7.1,0,85,0,0,Low,106,22,0,0.0231
T4203253,SNT,Point Machine,Point machine overdue,5,21,2.4,0,11,1,1,Low,208,39,0,0.2378
T4203254,ENG,Bridge,Bearing wear,3,2,11.9,1,72,0,0,Low,312,56,0,0.0547
T4203255,TRD,Insulator,Insulator crack,5,5,17.1,2,48,1,0,Low,140,31,0,0.2014
T4203256,ENG,Rail,Rail crack,5,12,16.2,1,12,1,1,Low,62,34,1,0.2535
T4203257,ENG,Rail,Rail crack,1,3,19.3,0,36,0,1,Low,143,76,0,0.0361
T4203258,SNT,Point Machine,Point machine overdue,2,2,0.0,0,59,1,1,Medium,52,58,0,0.0772
T4203259,ENG,Ballast,Ballast deficiency,5,8,19.5,2,63,0,0,Low,300,57,0,0.1532
T4203260,ENG,Rail,Rail crack,3,4,14.0,3,79,1,1,Low,188,66,0,0.2815
T4203261,SNT,Axle Counter,Axle counter drift,3,6,2.7,2,80,1,1,Low,114,52,0,0.2058
T4203262,ENG,Bridge,Bearing wear,3,6,16.3,0,21,0,0,High,130,54,0,0.0294
T4203263,SNT,Interlocking,Interlocking fault,4,1,13.0,2,69,0,1,Low,74,64,0,0.1065
T4203264,ENG,Fastening,Fastening renewal,5,23,14.3,1,78,0,0,Medium,271,71,0,0.3111
T4203265,ENG,Ballast,Ballast deficiency,5,5,18.0,1,65,0,0,Low,345,65,0,0.151
T4203266,ENG,Rail,Rail crack,4,2,14.6,0,73,1,1,Low,46,84,0,0.2019
T4203267,TRD,OHE,OHE wear,3,5,3.2,0,12,0,1,High,274,55,0,0.1189
T4203268,TRD,Insulator,Insulator crack,2,3,11.1,0,35,0,0,Medium,158,28,0,0.0233
T4203269,ENG,Rail,Rail crack,1,5,2.3,0,94,1,1,Medium,294,77,1,0.1503
T4203270,TRD,Sub-station,Sub-station overdue PM,4,7,15.9,0,53,0,0,Low,15,50,0,0.0463
T4203271,SNT,Point Machine,Point machine overdue,1,1,20.4,0,116,1,1,Low,200,40,0,0.1572
T4203272,SNT,Axle Counter,Axle counter drift,4,17,4.6,1,28,1,1,Low,143,69,0,0.2604
T4203273,SNT,Signal LED,LED failure,3,1,8.0,0,99,1,0,Low,239,62,0,0.1007
T4203274,SNT,Interlocking,Interlocking fault,4,1,6.7,0,45,0,1,High,186,29,0,0.1368
T4203275,TRD,Feeder,Feeder overdue PM,5,22,9.3,0,82,1,0,Low,182,68,1,0.2342
T4203276,SNT,Axle Counter,Axle counter drift,3,4,14.5,0,53,1,1,Low,170,92,1,0.1401
T4203277,SNT,Interlocking,Interlocking fault,3,24,9.3,1,63,1,1,Low,321,61,0,0.3311
T4203278,ENG,Rail,Rail crack,3,2,15.9,0,75,1,1,Low,164,50,0,0.158
T4203279,ENG,Bridge,Bearing wear,2,6,18.4,0,45,0,0,Low,258,22,0,0.0315
T4203280,SNT,Interlocking,Interlocking fault,1,4,18.6,0,80,0,1,Low,237,96,0,0.057
T4203281,ENG,Ballast,Ballast deficiency,1,4,5.3,2,53,1,0,High,260,45,0,0.1108
T4203282,ENG,Rail,Rail crack,4,17,20.3,0,64,0,1,Medium,89,27,0,0.1387
T4203283,ENG,Fastening,Fastening renewal,5,2,20.8,1,5,0,0,Low,244,57,0,0.071
T4203284,ENG,Bridge,Bearing wear,1,3,21.3,0,52,0,0,Low,210,75,0,0.0172
T4203285,SNT,Point Machine,Point machine overdue,2,1,11.1,1,92,1,1,Medium,73,80,0,0.1328
T4203286,SNT,Interlocking,Interlocking fault,4,13,7.5,0,77,1,1,Low,161,42,0,0.2262
T4203287,ENG,Ballast,Ballast deficiency,4,1,6.1,1,82,1,0,High,386,53,0,0.3022
T4203288,ENG,Ballast,Ballast deficiency,4,1,5.4,0,61,0,0,Medium,145,55,0,0.0324
T4203289,ENG,Bridge,Bearing wear,4,2,12.1,1,102,0,0,Low,147,75,0,0.0836
T4203290,ENG,Fastening,Fastening renewal,1,10,17.1,0,67,0,0,Medium,221,67,0,0.0373
T4203291,SNT,Signal LED,LED failure,2,9,19.8,1,43,1,0,Low,131,60,0,0.0511
T4203292,SNT,Point Machine,Point machine overdue,3,8,9.1,1,81,0,1,Low,193,73,0,0.1353
T4203293,SNT,Axle Counter,Axle counter drift,1,29,11.8,0,83,1,1,Medium,140,28,0,0.1748
T4203294,SNT,Cable,Cable insulation fault,2,12,11.4,1,76,0,0,Low,216,63,0,0.0524
T4203295,TRD,OHE,OHE wear,2,4,8.2,1,50,1,1,Low,174,59,0,0.0912
T4203296,TRD,Insulator,Insulator crack,5,5,16.4,1,67,1,0,High,356,54,1,0.4726
T4203297,SNT,Axle Counter,Axle counter drift,2,3,14.2,1,95,1,1,Medium,184,50,1,0.2505
T4203298,SNT,Signal LED,LED failure,5,16,12.9,0,72,1,0,Low,160,58,0,0.2033
T4203299,ENG,Rail,Rail crack,4,12,14.1,2,23,1,1,High,273,44,1,0.3753
T4203300,TRD,Insulator,Insulator crack,4,3,15.7,0,44,1,0,Low,55,110,0,0.0618
T4203301,ENG,Fastening,Fastening renewal,5,5,15.6,0,43,0,0,Medium,332,82,0,0.113
T4203302,ENG,Rail,Rail crack,5,2,7.0,1,41,1,1,Low,91,77,0,0.2125
T4203303,TRD,Sub-station,Sub-station overdue PM,2,6,17.4,1,7,1,0,Medium,287,44,0,0.0799
T4203304,SNT,Point Machine,Point machine overdue,3,3,13.5,0,107,0,1,Medium,311,36,0,0.2016
T4203305,ENG,Bridge,Bearing wear,3,13,9.4,0,38,0,0,Low,133,51,0,0.0375
T4203306,ENG,Rail,Rail crack,5,13,13.4,0,40,0,1,High,141,57,0,0.2197
T4203307,ENG,Ballast,Ballast deficiency,1,12,14.1,0,11,1,0,Low,170,26,0,0.033
T4203308,SNT,Signal LED,LED failure,3,10,18.5,0,82,1,0,High,236,65,0,0.1707
T4203309,ENG,Ballast,Ballast deficiency,2,1,5.7,0,58,0,0,Low,90,77,0,0.0143
T4203310,TRD,Insulator,Insulator crack,2,1,19.9,1,51,1,0,Low,170,20,0,0.0846
T4203311,TRD,OHE,OHE wear,4,21,12.1,1,53,0,1,Low,152,37,0,0.2009
T4203312,SNT,Point Machine,Point machine overdue,2,18,9.0,0,75,0,1,Low,76,80,0,0.1092
T4203313,SNT,Cable,Cable insulation fault,4,7,8.8,0,48,1,0,Medium,86,62,1,0.0898
T4203314,ENG,Fastening,Fastening renewal,5,5,6.0,1,10,0,0,Medium,192,38,0,0.1148
T4203315,ENG,Fastening,Fastening renewal,4,6,1.6,0,28,0,0,Medium,190,70,0,0.0486
T4203316,SNT,Interlocking,Interlocking fault,1,13,16.1,1,26,0,1,Medium,111,43,0,0.0719
T4203317,ENG,Rail,Rail crack,1,10,23.9,1,67,0,1,Medium,187,50,0,0.0977
T4203318,ENG,Fastening,Fastening renewal,3,5,2.3,0,83,0,0,Low,122,32,0,0.0382
T4203319,ENG,Bridge,Bearing wear,3,3,6.3,0,97,0,0,Medium,298,55,0,0.0773
T4203320,ENG,Bridge,Bearing wear,4,1,16.5,0,19,0,0,High,171,75,0,0.0496
T4203321,ENG,Ballast,Ballast deficiency,3,11,11.7,0,76,1,0,Low,279,45,0,0.1507
T4203322,SNT,Axle Counter,Axle counter drift,1,1,17.0,0,45,0,1,Low,28,68,0,0.0248
T4203323,TRD,OHE,OHE wear,5,1,11.4,0,133,1,1,Low,209,54,1,0.4455
T4203324,SNT,Signal LED,LED failure,5,11,8.5,0,95,1,0,Low,234,77,0,0.2625
T4203325,TRD,Feeder,Feeder overdue PM,4,6,10.6,0,103,0,0,Medium,168,46,0,0.1276
T4203326,ENG,Rail,Rail crack,4,2,0.0,0,80,0,1,Low,132,86,0,0.1052
T4203327,TRD,OHE,OHE wear,5,1,5.1,1,70,0,1,Medium,166,69,0,0.151
T4203328,SNT,Interlocking,Interlocking fault,3,25,17.7,1,50,1,1,Low,247,60,0,0.3114
T4203329,ENG,Rail,Rail crack,1,1,19.2,0,45,1,1,Low,71,61,0,0.0545
T4203330,TRD,Insulator,Insulator crack,4,1,20.4,2,40,0,0,Low,243,46,0,0.0774
T4203331,ENG,Bridge,Bearing wear,3,2,14.6,0,75,0,0,Low,209,44,0,0.0588
T4203332,ENG,Fastening,Fastening renewal,4,9,0.0,1,99,0,0,Medium,157,60,1,0.1337
T4203333,ENG,Ballast,Ballast deficiency,4,9,8.2,0,51,1,0,High,160,31,0,0.1456
T4203334,ENG,Bridge,Bearing wear,3,2,19.9,0,42,0,0,Low,186,43,0,0.0557
T4203335,ENG,Fastening,Fastening renewal,2,2,21.7,0,23,0,0,Low,329,36,0,0.0271
T4203336,SNT,Signal LED,LED failure,3,4,20.2,1,66,1,0,Medium,211,66,0,0.129
T4203337,TRD,Feeder,Feeder overdue PM,4,11,10.6,0,91,1,0,Medium,95,67,0,0.1276
T4203338,ENG,Bridge,Bearing wear,4,7,4.2,0,92,0,0,Medium,141,80,0,0.0577
T4203339,SNT,Cable,Cable insulation fault,3,9,11.8,0,94,0,0,Low,77,48,0,0.036
T4203340,ENG,Fastening,Fastening renewal,3,5,12.1,2,70,0,0,Medium,10,39,0,0.067
T4203341,TRD,Feeder,Feeder overdue PM,5,5,21.4,1,62,1,0,Low,75,26,0,0.1704
T4203342,ENG,Bridge,Bearing wear,2,1,13.4,0,92,0,0,Low,191,60,0,0.0285
T4203343,ENG,Fastening,Fastening renewal,1,7,12.1,0,32,0,0,High,295,83,0,0.0359
T4203344,SNT,Point Machine,Point machine overdue,4,1,12.4,0,49,0,1,Low,270,54,0,0.1326
T4203345,SNT,Signal LED,LED failure,5,24,14.4,1,103,1,0,Low,76,56,0,0.2147
T4203346,TRD,Feeder,Feeder overdue PM,4,5,15.8,0,33,1,0,Low,108,55,0,0.1016
T4203347,SNT,Axle Counter,Axle counter drift,3,6,7.7,0,59,1,1,Low,96,60,0,0.1513
T4203348,TRD,OHE,OHE wear,2,20,5.7,2,76,1,1,High,5,75,0,0.3018
T4203349,ENG,Bridge,Bearing wear,3,15,20.2,0,62,1,0,Low,165,93,0,0.134
T4203350,ENG,Bridge,Bearing wear,1,7,2.2,1,89,1,0,Low,252,65,0,0.0453
T4203351,ENG,Fastening,Fastening renewal,3,8,21.8,0,98,0,0,Medium,157,66,1,0.0762
T4203352,ENG,Bridge,Bearing wear,2,3,0.5,0,72,0,0,Low,66,50,0,0.0251
T4203353,ENG,Rail,Rail crack,2,4,8.5,0,95,1,1,Low,104,53,0,0.1198
T4203354,SNT,Cable,Cable insulation fault,3,0,17.8,1,37,1,0,Low,150,53,0,0.0746
T4203355,ENG,Bridge,Bearing wear,5,3,12.0,0,56,1,0,Low,249,48,0,0.1903
T4203356,SNT,Signal LED,LED failure,2,2,4.1,1,120,0,0,Low,164,58,0,0.0545
T4203357,SNT,Point Machine,Point machine overdue,5,7,14.6,1,109,1,1,Medium,237,67,0,0.5211
T4203358,SNT,Signal LED,LED failure,3,0,12.4,0,28,0,0,Low,173,56,0,0.0278
T4203359,SNT,Signal LED,LED failure,5,8,10.7,1,60,1,0,Medium,201,49,1,0.1674
T4203360,ENG,Fastening,Fastening renewal,2,7,8.3,0,63,0,0,High,95,58,0,0.0424
T4203361,ENG,Fastening,Fastening renewal,5,14,11.8,1,70,0,0,Low,118,36,0,0.1273
T4203362,SNT,Axle Counter,Axle counter drift,4,5,8.5,0,92,0,1,Low,67,71,0,0.1141
T4203363,SNT,Signal LED,LED failure,4,12,26.6,0,106,0,0,Low,234,47,1,0.1615
T4203364,ENG,Fastening,Fastening renewal,3,11,10.6,0,61,0,0,Low,154,32,0,0.0458
T4203365,ENG,Rail,Rail crack,3,2,9.8,0,88,1,1,Low,5,64,0,0.1217
T4203366,SNT,Point Machine,Point machine overdue,3,6,8.8,2,76,1,1,Low,223,65,1,0.3485
T4203367,SNT,Axle Counter,Axle counter drift,5,17,22.7,0,59,1,1,Low,268,38,1,0.374
T4203368,ENG,Fastening,Fastening renewal,4,6,2.2,0,18,1,0,Low,107,67,0,0.0728
T4203369,ENG,Ballast,Ballast deficiency,1,4,14.2,0,85,1,0,Low,223,68,0,0.07
T4203370,TRD,Insulator,Insulator crack,4,14,10.6,1,75,1,0,Medium,161,94,0,0.2367
T4203371,ENG,Rail,Rail crack,5,1,3.5,1,70,0,1,Low,5,50,0,0.1037
T4203372,TRD,Insulator,Insulator crack,4,2,7.1,4,35,0,0,Medium,356,54,0,0.1655
T4203373,ENG,Rail,Rail crack,3,1,13.9,0,109,1,1,Medium,162,43,0,0.2099
T4203374,SNT,Point Machine,Point machine overdue,2,0,6.8,0,64,0,1,Low,198,65,0,0.0472
T4203375,ENG,Rail,Rail crack,4,3,13.6,2,31,1,1,Medium,124,55,0,0.2485
T4203376,ENG,Fastening,Fastening renewal,4,4,22.4,1,27,1,0,Low,153,75,0,0.0806
T4203377,TRD,Insulator,Insulator crack,2,14,13.0,0,77,0,0,Medium,195,46,0,0.0538
T4203378,SNT,Interlocking,Interlocking fault,3,28,3.3,1,78,0,1,Low,86,64,0,0.1326
T4203379,TRD,Insulator,Insulator crack,2,12,6.9,0,48,1,0,Medium,332,50,0,0.1137
T4203380,ENG,Ballast,Ballast deficiency,1,2,10.3,1,72,0,0,Medium,255,20,0,0.0527
T4203381,TRD,Feeder,Feeder overdue PM,1,0,9.9,0,77,0,0,Medium,227,68,0,0.0441
T4203382,TRD,OHE,OHE wear,1,25,12.9,0,63,1,1,Medium,167,20,0,0.1488
T4203383,SNT,Interlocking,Interlocking fault,3,6,13.9,0,42,0,1,Low,111,52,0,0.0535
T4203384,ENG,Rail,Rail crack,3,7,22.4,2,84,0,1,Low,273,52,0,0.2102
T4203385,SNT,Axle Counter,Axle counter drift,3,25,12.0,2,81,1,1,Low,235,55,0,0.4661
T4203386,SNT,Axle Counter,Axle counter drift,5,16,5.1,1,74,0,1,Low,144,56,0,0.2288
T4203387,TRD,Insulator,Insulator crack,2,5,18.9,1,39,1,0,Low,82,56,0,0.059
T4203388,ENG,Rail,Rail crack,2,20,19.6,0,27,0,1,Medium,38,62,0,0.0792
T4203389,ENG,Bridge,Bearing wear,2,1,13.4,0,62,1,0,Medium,183,53,0,0.0447
T4203390,ENG,Rail,Rail crack,2,1,10.5,0,83,1,1,Medium,158,107,0,0.1478
T4203391,SNT,Signal LED,LED failure,3,0,15.7,0,86,1,0,Medium,287,48,0,0.1072
T4203392,TRD,OHE,OHE wear,2,1,10.7,1,75,1,1,Medium,269,31,0,0.1878
T4203393,ENG,Rail,Rail crack,2,9,0.0,0,49,1,1,High,184,27,1,0.1494
T4203394,SNT,Axle Counter,Axle counter drift,4,11,15.4,1,40,0,1,Low,173,68,1,0.1644
T4203395,TRD,Insulator,Insulator crack,5,0,17.4,0,60,1,0,Medium,76,23,0,0.1281
T4203396,ENG,Bridge,Bearing wear,2,8,20.6,2,60,0,0,Low,275,31,0,0.0597
T4203397,ENG,Fastening,Fastening renewal,1,6,7.6,0,88,0,0,Low,175,28,0,0.0395
T4203398,SNT,Axle Counter,Axle counter drift,2,4,13.4,0,48,0,1,High,234,64,0,0.0827
T4203399,SNT,Interlocking,Interlocking fault,3,3,13.5,2,50,1,1,Low,286,82,0,0.2573
T4203400,ENG,Ballast,Ballast deficiency,5,4,12.5,2,111,0,0,High,129,36,0,0.2514
T4203401,TRD,Insulator,Insulator crack,1,14,12.7,0,99,1,0,Medium,105,63,0,0.0807
T4203402,SNT,Interlocking,Interlocking fault,1,1,12.2,0,38,0,1,High,402,20,0,0.0736
T4203403,TRD,OHE,OHE wear,3,9,13.3,1,97,0,1,Medium,234,40,0,0.1837
T4203404,TRD,Insulator,Insulator crack,5,0,16.4,1,32,0,0,Medium,155,67,0,0.0893
T4203405,TRD,OHE,OHE wear,3,15,19.3,1,49,1,1,Low,292,49,0,0.3407
T4203406,SNT,Cable,Cable insulation fault,5,3,7.5,2,52,0,0,Low,152,75,0,0.088
T4203407,ENG,Fastening,Fastening renewal,4,2,11.0,1,58,1,0,High,209,20,0,0.1444
T4203408,SNT,Point Machine,Point machine overdue,1,1,9.5,1,75,0,1,Low,129,40,0,0.0481
T4203409,ENG,Bridge,Bearing wear,3,6,8.6,1,63,0,0,Low,178,64,0,0.0675
T4203410,SNT,Interlocking,Interlocking fault,4,11,2.3,3,75,0,1,High,155,64,0,0.2786
T4203411,ENG,Ballast,Ballast deficiency,3,5,12.1,0,50,0,0,Low,112,65,0,0.0287
T4203412,SNT,Cable,Cable insulation fault,1,0,14.9,1,69,0,0,Medium,202,59,0,0.0331
T4203413,ENG,Fastening,Fastening renewal,1,15,11.1,1,62,0,0,Low,123,32,0,0.0376
T4203414,ENG,Ballast,Ballast deficiency,4,6,11.9,0,25,1,0,Low,232,39,0,0.0801
T4203415,ENG,Fastening,Fastening renewal,3,0,14.5,1,72,1,0,Medium,153,101,0,0.1186
T4203416,SNT,Point Machine,Point machine overdue,3,6,20.5,0,62,0,1,Low,25,30,0,0.0909
T4203417,TRD,OHE,OHE wear,2,0,9.5,0,42,1,1,Medium,236,27,0,0.0893
T4203418,ENG,Bridge,Bearing wear,2,29,5.0,1,49,1,0,Low,237,69,0,0.0988
T4203419,TRD,Feeder,Feeder overdue PM,4,8,11.5,1,50,0,0,Low,383,34,0,0.1048
T4203420,TRD,Feeder,Feeder overdue PM,1,1,23.3,0,54,0,0,High,182,91,0,0.0393
T4203421,ENG,Fastening,Fastening renewal,3,16,5.0,0,104,0,0,Low,196,110,0,0.0827
T4203422,SNT,Cable,Cable insulation fault,2,2,15.9,0,112,1,0,Medium,223,50,0,0.1406
T4203423,ENG,Bridge,Bearing wear,4,5,18.9,0,5,0,0,Low,272,61,0,0.0318
T4203424,ENG,Ballast,Ballast deficiency,4,3,0.0,0,72,0,0,High,266,20,0,0.104
T4203425,SNT,Cable,Cable insulation fault,3,0,14.5,0,84,0,0,High,209,76,0,0.0415
T4203426,ENG,Fastening,Fastening renewal,2,0,15.6,1,55,0,0,Medium,177,20,0,0.0503
T4203427,TRD,Feeder,Feeder overdue PM,2,9,10.4,0,83,0,0,Low,256,28,0,0.0594
T4203428,TRD,Feeder,Feeder overdue PM,2,2,8.1,0,101,1,0,High,173,57,0,0.1005
T4203429,TRD,OHE,OHE wear,2,3,8.5,0,26,1,1,High,64,66,0,0.06
T4203430,SNT,Axle Counter,Axle counter drift,4,11,10.0,3,63,0,1,Medium,45,25,0,0.2111
T4203431,SNT,Interlocking,Interlocking fault,1,3,10.2,0,109,0,1,Medium,154,44,0,0.0945
T4203432,TRD,Feeder,Feeder overdue PM,1,8,9.1,2,29,0,0,Low,191,22,0,0.0278
T4203433,ENG,Fastening,Fastening renewal,3,21,9.9,0,57,0,0,Low,402,49,0,0.1439
T4203434,ENG,Rail,Rail crack,2,9,19.1,2,49,1,1,Medium,169,39,0,0.2098
T4203435,SNT,Cable,Cable insulation fault,5,2,4.7,0,86,1,0,Medium,184,42,0,0.2591
T4203436,ENG,Rail,Rail crack,4,2,1.5,2,90,1,1,Medium,144,68,0,0.2436
T4203437,ENG,Rail,Rail crack,4,8,19.2,0,64,0,1,Medium,236,61,1,0.1698
T4203438,ENG,Fastening,Fastening renewal,3,1,10.8,0,61,1,0,Low,205,66,0,0.0546
T4203439,SNT,Interlocking,Interlocking fault,3,10,9.7,2,17,1,1,High,123,52,0,0.2673
T4203440,ENG,Bridge,Bearing wear,3,41,11.3,0,96,0,0,Low,89,69,0,0.0973
T4203441,ENG,Fastening,Fastening renewal,1,3,13.3,1,51,1,0,High,144,54,0,0.078
T4203442,ENG,Ballast,Ballast deficiency,3,5,8.9,0,56,1,0,Low,104,45,0,0.068
T4203443,ENG,Rail,Rail crack,5,13,15.0,1,84,1,1,Low,159,66,0,0.4297
T4203444,TRD,Sub-station,Sub-station overdue PM,2,1,6.2,1,65,0,0,Medium,193,47,0,0.0389
T4203445,ENG,Rail,Rail crack,1,15,10.2,1,85,0,1,Low,135,48,0,0.0652
T4203446,SNT,Point Machine,Point machine overdue,3,10,0.0,0,75,1,1,Low,311,76,1,0.2529
T4203447,TRD,Insulator,Insulator crack,2,2,19.0,1,65,0,0,Medium,284,74,0,0.0534
T4203448,ENG,Fastening,Fastening renewal,4,6,10.9,1,68,1,0,Low,159,49,1,0.1503
T4203449,TRD,Insulator,Insulator crack,5,6,16.0,1,32,0,0,Medium,93,72,0,0.1086
T4203450,SNT,Point Machine,Point machine overdue,5,3,14.9,1,56,0,1,Low,177,29,0,0.1666
T4203451,SNT,Cable,Cable insulation fault,2,45,15.3,0,87,1,0,Low,168,49,1,0.2605
T4203452,ENG,Fastening,Fastening renewal,5,12,12.0,0,38,1,0,Low,174,40,0,0.1448
T4203453,ENG,Bridge,Bearing wear,1,12,14.3,0,42,0,0,Low,144,55,0,0.0228
T4203454,TRD,Insulator,Insulator crack,2,5,6.2,0,38,1,0,Low,86,70,0,0.0253
T4203455,TRD,Sub-station,Sub-station overdue PM,2,11,5.0,0,64,1,0,Low,183,66,0,0.0546
T4203456,TRD,Sub-station,Sub-station overdue PM,5,12,11.4,1,95,1,0,Low,148,63,0,0.2159
T4203457,TRD,Insulator,Insulator crack,4,1,7.9,0,74,0,0,Low,156,58,1,0.0656
T4203458,ENG,Ballast,Ballast deficiency,2,3,20.6,2,6,1,0,Medium,188,52,0,0.0643
T4203459,TRD,Sub-station,Sub-station overdue PM,1,3,14.3,0,76,0,0,Low,174,79,0,0.0256
T4203460,SNT,Interlocking,Interlocking fault,4,6,7.7,0,49,1,1,Low,186,24,0,0.1864
T4203461,TRD,Sub-station,Sub-station overdue PM,4,11,10.4,1,73,1,0,Low,144,42,0,0.1396
T4203462,ENG,Bridge,Bearing wear,5,1,12.8,2,56,0,0,High,212,63,1,0.1235
T4203463,ENG,Fastening,Fastening renewal,3,15,11.6,1,38,0,0,Low,115,86,0,0.0308
T4203464,TRD,OHE,OHE wear,1,6,13.6,1,58,0,1,High,82,48,0,0.067
T4203465,TRD,Feeder,Feeder overdue PM,2,7,12.4,1,49,0,0,Low,100,50,0,0.0263
T4203466,SNT,Point Machine,Point machine overdue,4,14,3.7,0,68,1,1,High,119,29,0,0.2812
T4203467,ENG,Fastening,Fastening renewal,2,9,0.0,0,38,1,0,Low,64,44,0,0.0344
T4203468,ENG,Fastening,Fastening renewal,1,1,9.8,0,32,1,0,Medium,28,69,0,0.0354
T4203469,TRD,OHE,OHE wear,5,6,15.4,2,78,1,1,Low,225,87,1,0.529
T4203470,ENG,Ballast,Ballast deficiency,3,3,9.8,0,88,1,0,High,295,49,1,0.1756
T4203471,ENG,Fastening,Fastening renewal,2,16,19.4,0,75,1,0,Low,230,39,1,0.1052
T4203472,SNT,Cable,Cable insulation fault,3,8,11.7,2,44,0,0,Medium,137,56,0,0.0732
T4203473,ENG,Bridge,Bearing wear,4,15,20.1,0,41,1,0,Low,26,23,0,0.0942
T4203474,SNT,Cable,Cable insulation fault,1,2,18.9,1,43,0,0,Medium,197,80,0,0.0322
T4203475,ENG,Bridge,Bearing wear,3,7,18.3,1,82,0,0,Medium,35,30,0,0.0638
T4203476,TRD,OHE,OHE wear,2,8,4.8,0,39,1,1,Low,172,61,0,0.0966
T4203477,TRD,Insulator,Insulator crack,1,18,12.1,1,82,1,0,Medium,108,61,0,0.0802
T4203478,TRD,OHE,OHE wear,1,7,19.3,1,76,0,1,Medium,5,68,0,0.0652
T4203479,SNT,Signal LED,LED failure,3,9,13.6,0,91,0,0,Medium,313,60,0,0.0642
T4203480,ENG,Rail,Rail crack,3,6,15.3,0,87,1,1,Low,67,55,0,0.1678
T4203481,SNT,Point Machine,Point machine overdue,3,5,3.7,2,74,0,1,Low,148,64,0,0.0789
T4203482,TRD,OHE,OHE wear,4,1,23.5,1,23,1,1,Medium,168,72,0,0.2333
T4203483,SNT,Point Machine,Point machine overdue,3,3,7.3,2,75,1,1,Low,138,91,0,0.173
T4203484,SNT,Cable,Cable insulation fault,3,4,0.0,1,63,1,0,Medium,222,33,0,0.1401
T4203485,SNT,Point Machine,Point machine overdue,5,20,9.9,1,51,0,1,Low,113,20,1,0.2187
T4203486,SNT,Signal LED,LED failure,4,6,0.0,2,94,0,0,High,214,24,0,0.1631
T4203487,SNT,Cable,Cable insulation fault,5,5,5.5,0,56,0,0,Medium,209,20,1,0.0978
T4203488,ENG,Ballast,Ballast deficiency,2,2,27.4,1,47,0,0,Low,56,31,0,0.0209
T4203489,SNT,Point Machine,Point machine overdue,4,6,9.7,0,88,1,1,Medium,201,28,0,0.3669
T4203490,SNT,Axle Counter,Axle counter drift,4,2,3.4,1,50,1,1,Medium,85,47,1,0.2192
T4203491,ENG,Rail,Rail crack,3,10,12.2,1,46,0,1,Low,75,72,0,0.074
T4203492,TRD,OHE,OHE wear,1,4,6.6,0,32,0,1,Low,206,68,0,0.0265
T4203493,SNT,Interlocking,Interlocking fault,3,19,17.2,2,39,0,1,Low,143,43,0,0.1381
T4203494,ENG,Fastening,Fastening renewal,5,1,6.7,3,42,0,0,Low,214,44,0,0.1027
T4203495,TRD,Insulator,Insulator crack,4,12,13.6,0,76,0,0,Low,214,95,0,0.0671
T4203496,SNT,Axle Counter,Axle counter drift,1,12,5.1,2,35,1,1,Low,51,67,0,0.0768
T4203497,TRD,Insulator,Insulator crack,2,1,27.6,0,14,0,0,Low,247,58,0,0.0202
T4203498,ENG,Rail,Rail crack,3,4,15.0,0,68,0,1,Low,206,57,0,0.0913
T4203499,TRD,Insulator,Insulator crack,5,6,11.1,1,44,1,0,Low,127,49,0,0.1274
T4203500,ENG,Rail,Rail crack,3,1,10.2,0,60,0,1,Low,168,95,0,0.0779
T4203501,SNT,Interlocking,Interlocking fault,5,0,8.7,1,92,1,1,Medium,249,51,1,0.4318
T4203502,ENG,Fastening,Fastening renewal,4,1,7.4,0,62,1,0,Low,151,58,0,0.0887
T4203503,SNT,Signal LED,LED failure,2,0,7.3,1,98,0,0,Low,370,22,0,0.065
T4203504,SNT,Signal LED,LED failure,1,2,22.1,0,58,1,0,Medium,314,42,0,0.0656
T4203505,SNT,Point Machine,Point machine overdue,5,27,8.7,1,85,1,1,Medium,191,44,0,0.6228
T4203506,SNT,Signal LED,LED failure,3,6,0.0,0,46,0,0,High,159,65,0,0.0262
T4203507,TRD,Insulator,Insulator crack,5,7,5.0,1,63,0,0,High,163,39,0,0.1274
T4203508,SNT,Interlocking,Interlocking fault,5,1,17.6,0,37,1,1,Medium,126,56,0,0.2132
T4203509,ENG,Rail,Rail crack,3,9,10.5,2,40,0,1,Medium,191,43,0,0.1493
T4203510,TRD,Sub-station,Sub-station overdue PM,1,4,11.2,0,54,0,0,Low,242,33,0,0.0183
T4203511,SNT,Point Machine,Point machine overdue,5,48,19.0,0,27,0,1,Medium,59,32,0,0.3721
T4203512,TRD,OHE,OHE wear,3,5,7.3,0,64,0,1,Medium,238,52,0,0.1338
T4203513,TRD,OHE,OHE wear,1,16,15.8,0,52,1,1,Medium,264,57,0,0.1271
T4203514,TRD,Feeder,Feeder overdue PM,3,2,8.0,1,66,1,0,Low,231,51,0,0.0982
T4203515,TRD,Sub-station,Sub-station overdue PM,1,12,15.5,0,27,1,0,High,168,38,0,0.0444
T4203516,SNT,Axle Counter,Axle counter drift,2,5,9.7,1,78,0,1,Low,228,52,0,0.1034
T4203517,ENG,Rail,Rail crack,2,1,10.6,0,102,1,1,Medium,297,49,0,0.2035
T4203518,SNT,Interlocking,Interlocking fault,3,7,16.9,1,97,0,1,High,175,34,0,0.198
T4203519,TRD,OHE,OHE wear,3,2,16.5,0,108,0,1,High,182,57,0,0.1351
T4203520,SNT,Point Machine,Point machine overdue,5,2,11.0,0,61,0,1,Low,372,91,0,0.2059
T4203521,TRD,OHE,OHE wear,2,35,9.2,0,51,0,1,Low,208,52,0,0.1082
T4203522,ENG,Rail,Rail crack,4,4,21.6,1,72,1,1,Medium,89,26,0,0.2226
T4203523,ENG,Fastening,Fastening renewal,5,9,15.5,0,54,0,0,Medium,259,84,0,0.1274
T4203524,SNT,Signal LED,LED failure,4,3,9.7,1,16,0,0,Low,216,80,0,0.0546
T4203525,ENG,Bridge,Bearing wear,2,16,8.1,2,80,0,0,Medium,121,84,0,0.0796
T4203526,ENG,Ballast,Ballast deficiency,4,3,18.1,0,54,1,0,High,81,54,0,0.0924
T4203527,ENG,Fastening,Fastening renewal,2,16,12.7,1,23,0,0,Low,201,39,0,0.0353
T4203528,TRD,Insulator,Insulator crack,3,27,11.0,0,47,1,0,Low,175,37,0,0.1376
T4203529,SNT,Axle Counter,Axle counter drift,4,12,12.7,1,55,0,1,Medium,68,78,0,0.1523
T4203530,ENG,Bridge,Bearing wear,2,11,14.0,0,60,0,0,Medium,172,87,0,0.0455
T4203531,ENG,Ballast,Ballast deficiency,1,14,11.7,0,61,0,0,High,166,37,0,0.0376
T4203532,SNT,Cable,Cable insulation fault,5,1,19.2,1,94,0,0,Medium,174,20,0,0.1334
T4203533,ENG,Ballast,Ballast deficiency,4,14,19.6,0,28,0,0,Low,224,55,0,0.0559
T4203534,SNT,Cable,Cable insulation fault,1,4,15.2,1,56,0,0,Medium,21,37,0,0.0236
T4203535,TRD,Feeder,Feeder overdue PM,2,6,20.2,1,38,0,0,High,80,41,0,0.0469
T4203536,ENG,Bridge,Bearing wear,2,5,12.1,0,91,0,0,Low,136,50,0,0.0294
T4203537,SNT,Signal LED,LED failure,5,19,16.1,1,46,0,0,Low,299,63,0,0.1845
T4203538,ENG,Fastening,Fastening renewal,5,3,18.0,1,51,1,0,Medium,393,39,0,0.2279
T4203539,ENG,Bridge,Bearing wear,4,4,18.1,0,86,0,0,Low,180,58,0,0.068
T4203540,TRD,Insulator,Insulator crack,3,18,17.5,0,93,1,0,High,184,52,0,0.1785
T4203541,SNT,Cable,Cable insulation fault,1,2,15.8,0,97,0,0,Low,5,20,0,0.0136
T4203542,TRD,OHE,OHE wear,2,8,23.7,0,19,0,1,Low,261,66,1,0.0481
T4203543,ENG,Fastening,Fastening renewal,1,4,8.8,0,72,0,0,High,220,46,0,0.0322
T4203544,ENG,Fastening,Fastening renewal,4,7,11.1,0,67,1,0,Low,205,30,0,0.134
T4203545,SNT,Signal LED,LED failure,1,3,10.7,1,59,0,0,Low,68,40,0,0.0168
T4203546,SNT,Cable,Cable insulation fault,4,11,9.8,0,62,1,0,Low,358,59,0,0.1564
T4203547,TRD,Feeder,Feeder overdue PM,5,1,0.1,0,92,1,0,High,317,56,0,0.2676
T4203548,ENG,Ballast,Ballast deficiency,2,13,20.2,0,86,1,0,High,206,68,0,0.1036
T4203549,TRD,OHE,OHE wear,4,2,5.8,0,82,0,1,Low,269,64,0,0.1579
T4203550,TRD,Sub-station,Sub-station overdue PM,5,9,13.0,1,65,0,0,Medium,185,32,0,0.087
T4203551,SNT,Interlocking,Interlocking fault,3,4,3.5,2,117,0,1,Medium,254,20,0,0.2166
T4203552,ENG,Bridge,Bearing wear,3,9,15.7,0,50,1,0,Low,62,57,0,0.0595
T4203553,SNT,Point Machine,Point machine overdue,2,25,7.3,0,20,1,1,Low,5,68,0,0.0993
T4203554,ENG,Bridge,Bearing wear,3,8,5.2,0,53,0,0,High,66,51,0,0.0473
T4203555,TRD,Feeder,Feeder overdue PM,5,16,13.2,1,61,0,0,Low,107,68,0,0.1061
T4203556,SNT,Signal LED,LED failure,4,3,7.8,0,93,0,0,Medium,122,35,0,0.0953
T4203557,TRD,Feeder,Feeder overdue PM,2,13,8.6,0,47,1,0,Low,220,48,0,0.096
T4203558,SNT,Cable,Cable insulation fault,3,2,13.0,1,72,0,0,Medium,157,37,0,0.0591
T4203559,SNT,Interlocking,Interlocking fault,4,8,16.8,1,23,1,1,Low,177,69,1,0.2022
T4203560,SNT,Signal LED,LED failure,1,12,7.1,0,87,0,0,Low,73,37,0,0.0221
T4203561,SNT,Cable,Cable insulation fault,4,0,6.1,0,62,1,0,Low,66,96,0,0.0567
T4203562,TRD,Insulator,Insulator crack,2,4,12.1,0,53,0,0,High,184,45,0,0.0448
T4203563,ENG,Fastening,Fastening renewal,2,4,15.2,0,113,0,0,Low,131,71,0,0.0524
T4203564,TRD,OHE,OHE wear,3,9,20.8,0,87,1,1,Low,180,45,0,0.1457
T4203565,TRD,Sub-station,Sub-station overdue PM,3,5,5.6,0,34,1,0,Low,229,82,0,0.0593
T4203566,TRD,OHE,OHE wear,5,14,10.1,0,57,0,1,Low,328,81,0,0.3127
T4203567,SNT,Cable,Cable insulation fault,2,10,19.1,0,128,1,0,Medium,178,49,0,0.1604
T4203568,TRD,Feeder,Feeder overdue PM,2,14,23.8,1,109,0,0,Low,343,60,0,0.1244
T4203569,ENG,Rail,Rail crack,2,5,6.0,2,83,0,1,Medium,217,80,0,0.1022
T4203570,TRD,OHE,OHE wear,5,11,7.6,1,14,0,1,Medium,242,61,0,0.2255
T4203571,ENG,Bridge,Bearing wear,5,2,14.3,1,93,0,0,High,275,37,0,0.2491
T4203572,ENG,Fastening,Fastening renewal,3,44,8.5,0,44,1,0,Medium,245,56,0,0.2604
T4203573,ENG,Fastening,Fastening renewal,4,2,7.4,0,93,0,0,Low,108,40,0,0.0459
T4203574,ENG,Fastening,Fastening renewal,5,6,13.5,1,42,0,0,Medium,277,58,0,0.1376
T4203575,ENG,Fastening,Fastening renewal,5,16,21.3,0,72,1,0,Medium,146,39,0,0.2097
T4203576,TRD,Insulator,Insulator crack,4,6,4.1,1,44,0,0,High,207,62,0,0.072
T4203577,ENG,Fastening,Fastening renewal,3,4,21.0,0,51,0,0,High,192,20,0,0.0751
T4203578,SNT,Cable,Cable insulation fault,5,11,8.6,0,76,0,0,Medium,283,33,0,0.185
T4203579,ENG,Ballast,Ballast deficiency,2,1,14.1,2,27,1,0,Low,215,39,0,0.0515
T4203580,TRD,Insulator,Insulator crack,2,1,21.5,0,119,0,0,Low,55,52,0,0.0272
T4203581,TRD,Insulator,Insulator crack,4,4,14.0,0,34,1,0,High,368,25,1,0.1607
T4203582,ENG,Rail,Rail crack,1,15,10.2,0,33,1,1,High,255,37,0,0.1635
T4203583,SNT,Point Machine,Point machine overdue,3,10,16.3,1,76,1,1,Low,130,71,1,0.1804
T4203584,TRD,Sub-station,Sub-station overdue PM,5,7,11.0,1,92,1,0,Medium,78,73,0,0.2703
T4203585,TRD,OHE,OHE wear,1,2,15.1,1,52,1,1,Low,265,20,0,0.0997
T4203586,ENG,Rail,Rail crack,5,6,10.8,0,33,1,1,Low,88,43,0,0.196
T4203587,SNT,Interlocking,Interlocking fault,3,6,17.2,0,37,1,1,Low,252,80,0,0.1401
T4203588,TRD,Insulator,Insulator crack,5,5,3.6,2,34,0,0,Low,276,63,0,0.1122
T4203589,ENG,Fastening,Fastening renewal,4,3,5.9,1,68,0,0,Medium,122,63,0,0.0785
T4203590,TRD,OHE,OHE wear,1,3,3.5,0,58,1,1,Low,113,66,0,0.0422
T4203591,ENG,Bridge,Bearing wear,4,0,11.7,0,71,0,0,Medium,138,36,0,0.0507
T4203592,TRD,Feeder,Feeder overdue PM,1,4,2.8,0,69,1,0,Medium,91,59,0,0.0362
T4203593,ENG,Bridge,Bearing wear,2,9,7.8,1,81,1,0,Medium,201,64,0,0.1004
T4203594,ENG,Bridge,Bearing wear,5,2,5.4,0,50,0,0,Low,214,57,0,0.0745
T4203595,TRD,Insulator,Insulator crack,5,1,20.9,0,42,0,0,Low,245,47,0,0.0644
T4203596,TRD,Feeder,Feeder overdue PM,1,6,6.1,2,64,0,0,Medium,105,54,0,0.0374
T4203597,TRD,Feeder,Feeder overdue PM,2,13,4.3,0,59,0,0,Medium,256,32,0,0.0539
T4203598,TRD,Feeder,Feeder overdue PM,1,0,13.5,0,66,1,0,Low,91,67,0,0.0282
T4203599,ENG,Ballast,Ballast deficiency,2,1,22.1,0,42,0,0,Low,256,26,0,0.0333
T4203600,ENG,Fastening,Fastening renewal,5,7,11.3,1,76,0,0,High,46,39,0,0.0933
T4203601,ENG,Ballast,Ballast deficiency,1,20,11.8,2,31,0,0,Low,321,69,0,0.0507
T4203602,SNT,Point Machine,Point machine overdue,4,7,19.7,1,49,0,1,Low,133,61,1,0.1122
T4203603,ENG,Bridge,Bearing wear,5,6,17.3,0,88,0,0,High,234,45,0,0.1746
T4203604,TRD,Feeder,Feeder overdue PM,5,37,14.6,0,32,0,0,Medium,241,21,0,0.1892
T4203605,ENG,Fastening,Fastening renewal,2,18,8.5,0,86,1,0,Low,66,54,0,0.0735
T4203606,ENG,Bridge,Bearing wear,4,4,14.7,1,25,0,0,High,255,42,0,0.0923
T4203607,ENG,Bridge,Bearing wear,3,23,3.8,2,20,0,0,Low,130,65,0,0.0582
T4203608,ENG,Bridge,Bearing wear,1,11,8.3,0,23,0,0,Medium,152,45,0,0.0201
T4203609,ENG,Bridge,Bearing wear,2,3,20.6,0,63,1,0,Medium,120,20,1,0.0711
T4203610,SNT,Signal LED,LED failure,4,1,19.8,0,78,1,0,Low,325,27,0,0.1242
T4203611,ENG,Bridge,Bearing wear,4,2,14.6,1,92,0,0,High,75,46,1,0.1128
T4203612,SNT,Cable,Cable insulation fault,3,4,0.4,1,90,1,0,Medium,219,57,0,0.1011
T4203613,TRD,Feeder,Feeder overdue PM,4,1,4.8,1,82,1,0,Low,124,32,0,0.0617
T4203614,SNT,Point Machine,Point machine overdue,4,25,7.9,3,39,1,1,Medium,278,40,1,0.6436
T4203615,SNT,Cable,Cable insulation fault,2,2,11.0,1,39,1,0,Medium,389,71,0,0.0842
T4203616,ENG,Ballast,Ballast deficiency,2,20,4.5,0,80,1,0,Medium,123,77,0,0.0914
T4203617,ENG,Rail,Rail crack,5,9,10.5,0,96,0,1,Low,193,61,0,0.1619
T4203618,ENG,Ballast,Ballast deficiency,5,20,22.6,0,34,0,0,Low,145,49,0,0.0867
T4203619,TRD,Insulator,Insulator crack,1,1,14.4,0,92,1,0,High,273,43,0,0.0971
T4203620,SNT,Cable,Cable insulation fault,4,6,13.3,0,12,0,0,Low,158,66,0,0.0365
T4203621,ENG,Bridge,Bearing wear,1,2,5.9,1,70,0,0,Medium,261,49,0,0.0274
T4203622,SNT,Point Machine,Point machine overdue,5,33,2.2,2,57,1,1,Medium,144,73,1,0.5498
T4203623,TRD,OHE,OHE wear,3,17,4.6,1,55,1,1,Low,382,74,1,0.3379
T4203624,SNT,Point Machine,Point machine overdue,4,3,1.9,0,61,0,1,Low,5,63,0,0.0678
T4203625,SNT,Point Machine,Point machine overdue,4,26,12.5,2,39,1,1,Low,214,45,1,0.4128
T4203626,TRD,Feeder,Feeder overdue PM,4,11,14.3,1,71,0,0,Low,179,47,0,0.1028
T4203627,SNT,Point Machine,Point machine overdue,2,8,6.2,1,62,1,1,High,176,22,0,0.2089
T4203628,SNT,Axle Counter,Axle counter drift,5,15,12.9,0,83,1,1,Low,206,54,1,0.471
T4203629,ENG,Bridge,Bearing wear,3,7,20.8,1,100,1,0,Low,185,53,1,0.1406
T4203630,ENG,Bridge,Bearing wear,3,15,23.7,0,63,1,0,Medium,200,27,0,0.1699
T4203631,TRD,Insulator,Insulator crack,2,9,16.6,2,40,1,0,High,217,102,1,0.1566
T4203632,SNT,Signal LED,LED failure,1,1,11.0,1,32,1,0,Low,337,66,0,0.0336
T4203633,ENG,Ballast,Ballast deficiency,3,4,16.4,0,102,0,0,Low,5,38,0,0.0416
T4203634,SNT,Axle Counter,Axle counter drift,2,7,20.1,1,99,0,1,Medium,346,96,0,0.1868
T4203635,ENG,Rail,Rail crack,4,9,0.0,0,82,0,1,Medium,410,45,0,0.2191
T4203636,TRD,Sub-station,Sub-station overdue PM,2,2,20.9,2,61,0,0,Medium,22,72,0,0.0346
T4203637,ENG,Ballast,Ballast deficiency,5,11,8.7,2,80,1,0,Low,184,57,0,0.2649
T4203638,TRD,Sub-station,Sub-station overdue PM,4,8,8.8,0,93,0,0,High,303,46,0,0.115
T4203639,SNT,Axle Counter,Axle counter drift,3,14,9.9,0,45,1,1,Medium,263,48,0,0.2433
T4203640,ENG,Bridge,Bearing wear,4,16,13.9,0,61,0,0,Medium,331,84,0,0.1288
T4203641,ENG,Bridge,Bearing wear,4,19,5.3,0,32,0,0,High,213,73,0,0.1226
T4203642,TRD,Sub-station,Sub-station overdue PM,4,4,10.3,0,57,0,0,Medium,5,53,0,0.0364
T4203643,ENG,Fastening,Fastening renewal,3,4,15.2,1,99,0,0,Low,297,20,0,0.1124
T4203644,ENG,Ballast,Ballast deficiency,5,14,13.3,1,87,0,0,Medium,237,61,0,0.2178
T4203645,TRD,Feeder,Feeder overdue PM,2,1,14.3,0,63,1,0,Medium,312,30,0,0.0859
T4203646,ENG,Rail,Rail crack,3,7,10.1,0,5,0,1,Low,42,66,0,0.0501
T4203647,ENG,Rail,Rail crack,2,2,16.2,0,44,1,1,Low,71,41,1,0.1092
T4203648,ENG,Ballast,Ballast deficiency,3,3,18.3,0,63,0,0,Low,181,43,0,0.0387
T4203649,TRD,Sub-station,Sub-station overdue PM,5,29,18.0,1,55,1,0,High,300,42,0,0.4495
T4203650,ENG,Ballast,Ballast deficiency,4,2,14.6,1,61,1,0,Medium,325,75,0,0.2128
T4203651,ENG,Rail,Rail crack,2,2,17.6,0,66,0,1,Medium,115,20,0,0.0504
T4203652,ENG,Ballast,Ballast deficiency,5,9,17.2,2,47,0,0,Medium,143,70,0,0.1047
T4203653,ENG,Bridge,Bearing wear,4,0,28.1,1,60,1,0,Medium,438,62,0,0.3237
T4203654,ENG,Bridge,Bearing wear,3,1,19.3,1,56,1,0,High,130,54,1,0.1327
T4203655,ENG,Rail,Rail crack,1,12,11.5,0,42,0,1,Low,241,46,0,0.044
T4203656,ENG,Ballast,Ballast deficiency,3,12,6.5,2,106,1,0,Low,139,65,1,0.2844
T4203657,ENG,Bridge,Bearing wear,5,3,10.4,0,48,0,0,Medium,223,46,0,0.0651
T4203658,TRD,Feeder,Feeder overdue PM,3,11,10.0,1,5,0,0,Medium,102,46,0,0.0408
T4203659,ENG,Fastening,Fastening renewal,1,7,15.1,0,105,0,0,Medium,105,56,0,0.0296
T4203660,ENG,Ballast,Ballast deficiency,1,0,7.8,0,39,1,0,High,147,89,0,0.0567
T4203661,TRD,Feeder,Feeder overdue PM,5,0,19.2,0,82,0,0,Medium,131,25,0,0.0852
T4203662,TRD,Insulator,Insulator crack,3,10,3.7,0,43,0,0,Low,153,65,0,0.0308
T4203663,SNT,Signal LED,LED failure,4,3,2.2,1,74,0,0,Low,227,52,0,0.0482
T4203664,ENG,Fastening,Fastening renewal,2,5,11.2,0,59,0,0,Low,350,51,0,0.0633
T4203665,ENG,Ballast,Ballast deficiency,1,0,6.9,0,85,0,0,Medium,127,24,0,0.0198
T4203666,ENG,Ballast,Ballast deficiency,3,8,4.5,1,55,0,0,Medium,91,20,0,0.0518
T4203667,ENG,Bridge,Bearing wear,4,6,8.2,0,44,1,0,Low,181,62,0,0.0875
T4203668,ENG,Bridge,Bearing wear,2,7,7.4,2,66,1,0,Low,103,30,0,0.064
T4203669,SNT,Axle Counter,Axle counter drift,4,2,12.1,0,50,0,1,Medium,33,75,1,0.0548
T4203670,ENG,Rail,Rail crack,3,0,8.3,2,12,0,1,Low,276,35,0,0.0813
T4203671,SNT,Interlocking,Interlocking fault,2,1,8.8,0,45,0,1,Medium,187,66,0,0.0551
T4203672,ENG,Fastening,Fastening renewal,2,11,12.0,0,132,1,0,Low,196,43,0,0.1305
T4203673,ENG,Fastening,Fastening renewal,2,22,18.1,0,14,0,0,Medium,7,43,0,0.0434
T4203674,TRD,Insulator,Insulator crack,2,1,20.8,1,66,1,0,Medium,127,37,0,0.087
T4203675,TRD,Feeder,Feeder overdue PM,4,18,12.9,0,54,0,0,Low,53,64,0,0.0668
T4203676,ENG,Fastening,Fastening renewal,2,8,13.4,0,106,1,0,Medium,178,69,1,0.1045
T4203677,SNT,Axle Counter,Axle counter drift,4,26,10.9,2,32,1,1,Medium,192,49,0,0.3639
T4203678,ENG,Rail,Rail crack,2,1,14.9,0,63,1,1,Low,192,67,0,0.1045
T4203679,ENG,Rail,Rail crack,2,9,14.3,1,77,0,1,High,120,55,0,0.1169
T4203680,SNT,Signal LED,LED failure,5,11,20.0,0,56,0,0,Medium,103,28,0,0.0972
T4203681,ENG,Ballast,Ballast deficiency,5,1,0.7,0,41,0,0,Medium,163,63,0,0.0537
T4203682,ENG,Fastening,Fastening renewal,3,1,10.6,0,59,1,0,Low,212,49,0,0.0491
T4203683,SNT,Signal LED,LED failure,2,4,14.0,1,52,0,0,Low,128,20,0,0.0366
T4203684,ENG,Bridge,Bearing wear,4,5,11.8,0,52,1,0,Low,96,47,0,0.0759
T4203685,ENG,Ballast,Ballast deficiency,1,11,6.4,0,83,1,0,Low,99,21,0,0.0409
T4203686,ENG,Bridge,Bearing wear,3,10,4.2,0,70,1,0,Medium,121,30,0,0.075
T4203687,TRD,Feeder,Feeder overdue PM,3,12,16.8,0,74,0,0,High,139,50,0,0.0752
T4203688,SNT,Interlocking,Interlocking fault,4,11,7.5,2,68,0,1,Low,81,53,0,0.136
T4203689,ENG,Ballast,Ballast deficiency,1,2,1.5,0,84,1,0,Medium,140,38,0,0.0348
T4203690,ENG,Rail,Rail crack,1,32,17.1,2,93,1,1,Medium,291,66,0,0.4545
T4203691,SNT,Cable,Cable insulation fault,2,2,14.8,0,53,1,0,Medium,153,53,0,0.0515
T4203692,ENG,Bridge,Bearing wear,1,7,11.3,0,80,0,0,Medium,69,47,0,0.0287
T4203693,SNT,Cable,Cable insulation fault,3,8,6.5,0,28,1,0,Low,5,56,0,0.035
T4203694,TRD,Insulator,Insulator crack,5,15,11.3,1,5,0,0,Medium,345,79,0,0.1382
T4203695,ENG,Rail,Rail crack,2,15,19.3,1,106,1,1,Low,283,20,1,0.326
T4203696,ENG,Bridge,Bearing wear,3,5,2.3,1,52,0,0,Low,206,81,0,0.0456
T4203697,ENG,Rail,Rail crack,2,9,2.6,1,66,0,1,Medium,285,43,1,0.106
T4203698,ENG,Fastening,Fastening renewal,1,1,8.2,1,29,1,0,Low,227,39,0,0.0414
T4203699,ENG,Fastening,Fastening renewal,4,2,11.8,2,28,0,0,Low,173,47,0,0.043
T4203700,TRD,Feeder,Feeder overdue PM,2,1,9.0,0,42,1,0,Low,68,37,0,0.0302
T4203701,ENG,Fastening,Fastening renewal,3,5,15.9,0,76,0,0,Low,352,34,0,0.0548
T4203702,SNT,Cable,Cable insulation fault,4,13,18.5,0,47,1,0,Low,141,72,0,0.1095
T4203703,SNT,Cable,Cable insulation fault,5,3,13.7,1,52,0,0,Low,146,58,0,0.0901
T4203704,ENG,Rail,Rail crack,1,8,15.4,0,41,0,1,Low,183,20,0,0.0474
T4203705,ENG,Rail,Rail crack,3,4,13.6,0,89,0,1,Medium,185,68,0,0.1617
T4203706,ENG,Fastening,Fastening renewal,5,15,12.1,0,82,1,0,Medium,232,66,1,0.2682
T4203707,SNT,Signal LED,LED failure,3,13,4.2,0,48,1,0,High,221,25,0,0.1566
T4203708,ENG,Ballast,Ballast deficiency,1,18,5.8,1,77,0,0,High,128,59,0,0.0486
T4203709,SNT,Interlocking,Interlocking fault,2,2,3.9,2,54,0,1,High,182,67,0,0.1041
T4203710,TRD,Feeder,Feeder overdue PM,4,3,11.1,2,52,0,0,Medium,229,23,0,0.1016
T4203711,TRD,Insulator,Insulator crack,4,0,13.4,0,59,1,0,Low,120,61,0,0.0917
T4203712,TRD,Insulator,Insulator crack,2,1,3.3,1,76,1,0,Low,310,41,0,0.0739
T4203713,TRD,Feeder,Feeder overdue PM,1,2,12.4,0,38,1,0,High,178,66,0,0.0541
T4203714,TRD,Feeder,Feeder overdue PM,2,15,6.7,0,73,0,0,High,324,36,0,0.093
T4203715,TRD,Feeder,Feeder overdue PM,2,11,5.6,0,122,0,0,Medium,55,76,0,0.0544
T4203716,SNT,Axle Counter,Axle counter drift,4,5,8.2,1,65,0,1,Medium,239,50,0,0.1642
T4203717,TRD,Feeder,Feeder overdue PM,5,10,5.3,0,61,1,0,Low,100,43,0,0.1151
T4203718,TRD,Insulator,Insulator crack,1,10,15.6,1,58,0,0,Low,123,41,0,0.025
T4203719,SNT,Signal LED,LED failure,4,14,11.0,0,72,0,0,Medium,261,72,1,0.1233
T4203720,SNT,Axle Counter,Axle counter drift,4,3,16.9,0,20,1,1,Low,159,41,0,0.1219
T4203721,SNT,Point Machine,Point machine overdue,4,0,9.3,2,103,1,1,Low,414,76,0,0.3975
T4203722,TRD,Feeder,Feeder overdue PM,5,7,9.6,2,85,0,0,Medium,227,59,0,0.1279
T4203723,ENG,Rail,Rail crack,1,5,23.2,1,44,0,1,Medium,117,27,0,0.0677
T4203724,TRD,Sub-station,Sub-station overdue PM,4,3,2.3,1,61,1,0,High,227,56,0,0.212
T4203725,TRD,Feeder,Feeder overdue PM,1,8,19.7,0,46,1,0,Low,159,56,0,0.0254
T4203726,TRD,Feeder,Feeder overdue PM,5,5,21.9,0,67,0,0,Low,255,27,0,0.1061
T4203727,ENG,Bridge,Bearing wear,3,13,16.6,0,62,0,0,Medium,153,55,0,0.0581
T4203728,SNT,Cable,Cable insulation fault,1,4,10.0,2,66,0,0,Medium,217,66,0,0.0545
T4203729,TRD,Feeder,Feeder overdue PM,4,1,20.6,2,34,1,0,High,198,78,0,0.1815
T4203730,TRD,Feeder,Feeder overdue PM,4,0,10.1,0,48,0,0,Low,187,77,0,0.0463
T4203731,TRD,Sub-station,Sub-station overdue PM,3,3,7.8,0,89,0,0,Low,274,103,0,0.0515
T4203732,SNT,Signal LED,LED failure,2,4,9.7,0,47,0,0,Low,18,55,0,0.0135
T4203733,SNT,Cable,Cable insulation fault,1,15,8.6,0,5,1,0,Medium,189,66,0,0.0466
T4203734,ENG,Ballast,Ballast deficiency,5,5,6.3,0,56,0,0,Low,117,43,0,0.0721
T4203735,TRD,Feeder,Feeder overdue PM,1,5,18.7,0,120,0,0,Low,59,93,0,0.0212
T4203736,ENG,Rail,Rail crack,5,2,7.4,0,81,0,1,Low,105,37,0,0.1674
T4203737,SNT,Interlocking,Interlocking fault,3,14,11.8,0,45,1,1,Low,124,92,0,0.127
T4203738,TRD,OHE,OHE wear,4,12,3.3,1,59,1,1,Medium,159,89,0,0.2039
T4203739,ENG,Rail,Rail crack,4,33,12.2,1,77,1,1,Low,210,39,0,0.4911
T4203740,ENG,Bridge,Bearing wear,5,15,5.1,3,16,0,0,High,229,76,0,0.2106
T4203741,ENG,Bridge,Bearing wear,1,22,4.9,0,39,0,0,Medium,143,64,0,0.0213
T4203742,TRD,Feeder,Feeder overdue PM,5,1,11.3,0,70,0,0,Low,323,47,0,0.0665
T4203743,SNT,Signal LED,LED failure,1,14,18.3,0,100,1,0,Low,147,52,0,0.0649
T4203744,ENG,Bridge,Bearing wear,5,0,14.6,1,49,1,0,Low,5,60,1,0.0816
T4203745,SNT,Interlocking,Interlocking fault,2,48,15.1,0,99,0,1,Low,149,62,0,0.3157
T4203746,ENG,Ballast,Ballast deficiency,5,5,11.2,1,41,0,0,Medium,184,85,0,0.0969
T4203747,TRD,OHE,OHE wear,1,1,10.0,1,5,0,1,High,5,66,0,0.0352
T4203748,ENG,Rail,Rail crack,3,1,16.7,0,79,1,1,Low,289,40,0,0.2172
T4203749,ENG,Rail,Rail crack,3,21,8.6,0,74,0,1,Low,171,70,0,0.1838
T4203750,ENG,Rail,Rail crack,5,7,17.0,1,78,0,1,High,76,20,0,0.2396
T4203751,SNT,Axle Counter,Axle counter drift,1,0,19.4,1,77,0,1,Medium,94,47,0,0.0597
T4203752,SNT,Axle Counter,Axle counter drift,1,12,7.0,0,65,0,1,Low,249,49,0,0.045
T4203753,TRD,Feeder,Feeder overdue PM,4,12,7.8,1,54,0,0,Low,260,68,0,0.1032
T4203754,SNT,Axle Counter,Axle counter drift,1,6,8.7,0,54,1,1,Low,122,90,0,0.0857
T4203755,ENG,Rail,Rail crack,4,2,3.2,0,48,1,1,Low,58,59,0,0.142
T4203756,ENG,Rail,Rail crack,1,2,9.2,1,50,0,1,High,192,48,0,0.0699
T4203757,ENG,Bridge,Bearing wear,5,4,19.8,0,15,0,0,Medium,208,41,0,0.0528
T4203758,TRD,Insulator,Insulator crack,3,6,5.7,3,30,1,0,Low,231,72,0,0.1102
T4203759,ENG,Ballast,Ballast deficiency,5,31,20.0,3,56,1,0,High,129,51,1,0.4795
T4203760,TRD,OHE,OHE wear,1,8,9.4,0,5,1,1,Low,169,45,0,0.0642
T4203761,ENG,Ballast,Ballast deficiency,2,2,24.7,1,10,1,0,Low,182,74,0,0.0414
T4203762,ENG,Rail,Rail crack,3,8,7.9,0,52,1,1,High,267,78,0,0.245
T4203763,ENG,Rail,Rail crack,1,26,11.1,0,57,1,1,Medium,300,36,0,0.3192
T4203764,ENG,Ballast,Ballast deficiency,1,2,6.5,1,52,0,0,Medium,324,25,0,0.0417
T4203765,TRD,Insulator,Insulator crack,2,2,7.9,1,5,0,0,Low,297,53,0,0.0302
T4203766,SNT,Point Machine,Point machine overdue,4,0,20.0,3,99,0,1,Low,343,32,1,0.3111
T4203767,ENG,Fastening,Fastening renewal,4,7,14.8,1,24,1,0,High,271,29,0,0.1524
T4203768,SNT,Signal LED,LED failure,1,0,18.2,1,40,1,0,Low,127,34,0,0.0407
T4203769,SNT,Axle Counter,Axle counter drift,1,42,4.1,0,28,1,1,High,318,76,0,0.3844
T4203770,TRD,Sub-station,Sub-station overdue PM,4,18,15.9,1,92,0,0,Medium,56,68,0,0.0965
T4203771,TRD,OHE,OHE wear,2,1,6.2,0,71,0,1,Low,393,104,0,0.0817
T4203772,SNT,Signal LED,LED failure,4,2,4.0,0,48,1,0,High,92,42,1,0.0826
T4203773,TRD,Sub-station,Sub-station overdue PM,2,2,13.4,0,46,1,0,High,260,82,0,0.0936
T4203774,TRD,Sub-station,Sub-station overdue PM,2,1,13.4,0,64,1,0,High,310,65,0,0.1328
T4203775,SNT,Interlocking,Interlocking fault,2,13,12.3,0,29,0,1,Low,221,44,0,0.0596
T4203776,SNT,Point Machine,Point machine overdue,2,12,16.3,0,70,1,1,Medium,5,52,0,0.1236
T4203777,ENG,Fastening,Fastening renewal,4,2,17.2,1,46,1,0,Low,95,44,0,0.0594
T4203778,TRD,Insulator,Insulator crack,3,12,20.8,1,73,1,0,Low,212,60,0,0.1209
T4203779,TRD,OHE,OHE wear,4,9,4.9,3,72,1,1,High,237,75,0,0.6007
T4203780,ENG,Rail,Rail crack,1,3,21.0,1,45,1,1,High,164,48,0,0.1539
T4203781,TRD,Insulator,Insulator crack,3,5,23.3,0,9,0,0,Low,187,72,0,0.0346
T4203782,TRD,Insulator,Insulator crack,3,26,9.8,0,54,0,0,Medium,48,80,0,0.0573
T4203783,ENG,Bridge,Bearing wear,5,26,2.0,2,24,0,0,High,340,85,1,0.2586
T4203784,SNT,Signal LED,LED failure,3,15,3.7,1,62,0,0,Medium,146,32,0,0.0693
T4203785,TRD,Feeder,Feeder overdue PM,1,2,9.2,1,54,1,0,Low,251,54,0,0.0507
T4203786,TRD,Feeder,Feeder overdue PM,4,7,24.1,0,45,1,0,Low,306,69,0,0.1836
T4203787,ENG,Fastening,Fastening renewal,1,21,12.1,1,28,0,0,Medium,76,33,0,0.0257
T4203788,ENG,Bridge,Bearing wear,5,2,8.3,2,90,1,0,High,192,29,0,0.3189
T4203789,SNT,Interlocking,Interlocking fault,2,9,7.9,0,49,1,1,Low,205,54,0,0.1001
T4203790,ENG,Bridge,Bearing wear,4,1,4.1,0,119,0,0,Low,157,47,0,0.0462
T4203791,ENG,Fastening,Fastening renewal,4,7,17.2,2,61,1,0,Medium,263,52,0,0.2793
T4203792,ENG,Ballast,Ballast deficiency,3,12,11.4,0,69,0,0,Medium,120,46,0,0.0806
T4203793,ENG,Rail,Rail crack,3,55,24.6,0,61,1,1,High,185,98,1,0.6675
T4203794,SNT,Interlocking,Interlocking fault,1,6,15.8,0,69,1,1,Medium,147,46,0,0.1172
T4203795,SNT,Cable,Cable insulation fault,1,27,17.0,0,87,0,0,Medium,389,67,0,0.152
T4203796,SNT,Axle Counter,Axle counter drift,4,16,10.5,1,88,0,1,High,120,65,0,0.3101
T4203797,TRD,Feeder,Feeder overdue PM,5,10,5.5,1,16,1,0,Medium,247,21,0,0.2037
T4203798,ENG,Fastening,Fastening renewal,5,5,6.8,1,81,1,0,Medium,342,84,0,0.3098
T4203799,ENG,Rail,Rail crack,2,16,3.8,0,72,0,1,Low,97,68,0,0.0736
T4203800,ENG,Rail,Rail crack,2,21,17.5,0,61,1,1,Low,189,58,1,0.1847
T4203801,ENG,Fastening,Fastening renewal,2,4,9.7,2,103,1,0,Low,91,76,0,0.1064
T4203802,ENG,Bridge,Bearing wear,4,7,17.7,1,104,0,0,High,5,54,0,0.0928
T4203803,ENG,Rail,Rail crack,4,8,12.8,0,83,0,1,Low,109,73,0,0.1391
T4203804,ENG,Bridge,Bearing wear,4,25,10.2,1,46,0,0,Low,129,20,0,0.0764
T4203805,ENG,Rail,Rail crack,5,6,5.0,2,30,0,1,High,134,71,0,0.2468
T4203806,SNT,Point Machine,Point machine overdue,2,9,13.8,1,79,0,1,Medium,153,59,0,0.1834
T4203807,SNT,Point Machine,Point machine overdue,4,34,10.7,2,94,1,1,Medium,181,59,0,0.6644
T4203808,TRD,Insulator,Insulator crack,3,18,17.4,0,9,1,0,Medium,72,38,0,0.0917
T4203809,TRD,Sub-station,Sub-station overdue PM,5,1,7.7,0,87,0,0,Low,212,51,0,0.1022
T4203810,SNT,Signal LED,LED failure,2,9,15.7,0,54,0,0,Low,289,50,0,0.0247
T4203811,ENG,Fastening,Fastening renewal,1,24,21.8,1,15,0,0,Medium,300,32,0,0.0539
T4203812,SNT,Axle Counter,Axle counter drift,2,5,13.6,0,72,1,1,High,157,62,0,0.2005
T4203813,ENG,Bridge,Bearing wear,4,9,16.7,2,83,1,0,Low,260,86,0,0.1678
T4203814,ENG,Rail,Rail crack,5,24,15.4,0,51,1,1,Low,119,27,0,0.3345
T4203815,ENG,Bridge,Bearing wear,5,7,23.4,0,34,0,0,Low,149,65,0,0.0655
T4203816,ENG,Bridge,Bearing wear,1,13,14.2,0,103,1,0,Medium,216,47,0,0.0786
T4203817,ENG,Ballast,Ballast deficiency,3,1,16.2,3,43,1,0,Low,150,44,0,0.0841
T4203818,SNT,Point Machine,Point machine overdue,1,8,11.8,2,89,0,1,Low,66,56,0,0.0928
T4203819,TRD,OHE,OHE wear,2,2,7.4,0,22,0,1,Low,255,57,0,0.0209
T4203820,TRD,Feeder,Feeder overdue PM,5,10,4.8,0,70,0,0,Medium,105,59,0,0.0959
T4203821,SNT,Cable,Cable insulation fault,5,3,19.6,1,70,1,0,Medium,133,32,0,0.2487
T4203822,SNT,Axle Counter,Axle counter drift,1,2,5.9,0,82,0,1,Low,275,77,0,0.0563
T4203823,ENG,Rail,Rail crack,1,6,16.5,0,97,0,1,Low,228,57,0,0.0975
T4203824,SNT,Axle Counter,Axle counter drift,4,13,14.5,2,40,0,1,Low,196,67,0,0.171
T4203825,SNT,Axle Counter,Axle counter drift,3,19,17.5,1,73,0,1,Medium,48,79,0,0.1381
T4203826,ENG,Bridge,Bearing wear,3,2,8.9,1,26,1,0,Low,75,20,0,0.0464
T4203827,ENG,Ballast,Ballast deficiency,5,2,7.3,3,26,0,0,High,216,68,0,0.1378
T4203828,TRD,Feeder,Feeder overdue PM,5,76,14.3,0,46,0,0,Low,237,52,1,0.4034
T4203829,SNT,Signal LED,LED failure,5,7,10.2,0,70,1,0,Medium,203,75,1,0.1922
T4203830,SNT,Axle Counter,Axle counter drift,4,4,4.6,0,102,1,1,Low,137,39,1,0.2011
T4203831,SNT,Axle Counter,Axle counter drift,5,2,23.6,0,106,0,1,Medium,134,74,1,0.2178
T4203832,ENG,Bridge,Bearing wear,4,11,7.3,0,51,0,0,Medium,199,34,0,0.0588
T4203833,SNT,Point Machine,Point machine overdue,5,4,6.0,0,68,0,1,Low,67,63,0,0.1262
T4203834,ENG,Fastening,Fastening renewal,3,7,10.5,2,84,0,0,Low,188,61,0,0.0627
T4203835,ENG,Fastening,Fastening renewal,1,0,19.5,0,79,1,0,Low,55,52,0,0.0246
T4203836,SNT,Point Machine,Point machine overdue,5,1,0.0,0,56,1,1,Medium,85,34,1,0.1737
T4203837,ENG,Fastening,Fastening renewal,5,1,19.0,0,62,0,0,High,196,48,0,0.1236
T4203838,TRD,OHE,OHE wear,2,5,6.5,1,57,0,1,Medium,232,73,0,0.1095
T4203839,ENG,Ballast,Ballast deficiency,3,8,13.6,1,55,0,0,Medium,211,85,0,0.0805
T4203840,SNT,Axle Counter,Axle counter drift,3,3,7.9,0,51,1,1,Low,80,94,0,0.1078
T4203841,SNT,Axle Counter,Axle counter drift,4,2,24.0,0,57,0,1,Low,12,66,0,0.0886
T4203842,SNT,Point Machine,Point machine overdue,4,6,12.7,0,50,0,1,Medium,179,60,0,0.133
T4203843,SNT,Interlocking,Interlocking fault,2,22,7.8,0,32,0,1,Low,9,64,0,0.0544
T4203844,TRD,OHE,OHE wear,5,6,10.2,1,82,1,1,Low,265,94,1,0.4299
T4203845,SNT,Point Machine,Point machine overdue,5,2,12.5,0,73,1,1,Low,83,65,0,0.199
T4203846,SNT,Cable,Cable insulation fault,5,3,13.1,0,107,0,0,Low,381,57,0,0.134
T4203847,SNT,Signal LED,LED failure,3,4,14.6,2,69,1,0,High,93,49,0,0.1941
T4203848,ENG,Ballast,Ballast deficiency,1,0,12.0,0,50,1,0,Low,222,52,0,0.0346
T4203849,ENG,Bridge,Bearing wear,5,4,3.7,1,44,0,0,Low,114,63,0,0.074
T4203850,ENG,Ballast,Ballast deficiency,1,5,10.0,1,61,1,0,Low,165,40,0,0.036
T4203851,ENG,Rail,Rail crack,1,24,15.6,0,74,1,1,Low,197,42,0,0.1576
T4203852,ENG,Bridge,Bearing wear,2,20,8.0,0,54,0,0,Low,257,54,0,0.0355
T4203853,ENG,Fastening,Fastening renewal,1,7,16.0,0,23,1,0,Low,272,46,0,0.0441
T4203854,SNT,Point Machine,Point machine overdue,4,5,12.2,0,42,0,1,Low,245,67,1,0.1003
T4203855,ENG,Fastening,Fastening renewal,3,2,10.7,0,60,0,0,Low,273,68,0,0.0387
T4203856,TRD,Feeder,Feeder overdue PM,2,4,19.2,0,79,0,0,Medium,125,60,0,0.0585
T4203857,ENG,Fastening,Fastening renewal,1,1,1.6,0,23,1,0,Medium,238,65,0,0.0365
T4203858,SNT,Signal LED,LED failure,2,2,7.9,1,67,1,0,Medium,149,57,0,0.0821
T4203859,ENG,Rail,Rail crack,4,7,19.4,1,66,0,1,Low,269,20,0,0.1589
T4203860,SNT,Interlocking,Interlocking fault,4,31,23.0,0,49,0,1,Low,190,37,0,0.1693
T4203861,ENG,Fastening,Fastening renewal,2,17,25.7,0,45,0,0,High,236,69,1,0.0913
T4203862,SNT,Point Machine,Point machine overdue,1,16,12.3,1,42,1,1,Low,206,38,0,0.0811
T4203863,ENG,Rail,Rail crack,3,9,14.7,1,64,0,1,Low,248,72,0,0.1273
T4203864,TRD,Insulator,Insulator crack,4,32,16.9,1,88,1,0,Low,107,73,0,0.2396
T4203865,ENG,Ballast,Ballast deficiency,1,4,19.7,0,90,0,0,Low,39,50,0,0.0162
T4203866,SNT,Axle Counter,Axle counter drift,4,1,13.9,1,32,0,1,Medium,269,43,0,0.1388
T4203867,ENG,Rail,Rail crack,1,2,17.6,1,55,0,1,Medium,301,55,0,0.068
T4203868,SNT,Interlocking,Interlocking fault,2,0,14.8,0,5,0,1,Low,170,54,0,0.0248
T4203869,SNT,Signal LED,LED failure,4,5,15.1,1,63,0,0,Low,253,68,0,0.0875
T4203870,ENG,Rail,Rail crack,1,14,6.5,2,75,1,1,Low,33,20,1,0.1489
T4203871,ENG,Bridge,Bearing wear,2,4,10.0,1,99,0,0,Low,124,40,0,0.028
T4203872,ENG,Rail,Rail crack,1,13,8.9,0,15,0,1,Medium,187,35,0,0.048
T4203873,ENG,Rail,Rail crack,2,7,4.9,0,33,1,1,Medium,24,20,0,0.0865
T4203874,TRD,Feeder,Feeder overdue PM,4,2,2.1,0,64,0,0,Low,42,45,0,0.0357
T4203875,ENG,Ballast,Ballast deficiency,2,5,9.5,0,20,1,0,Low,194,25,0,0.036
T4203876,ENG,Bridge,Bearing wear,1,0,10.4,1,64,1,0,Medium,125,47,1,0.0411
T4203877,TRD,Feeder,Feeder overdue PM,2,2,12.6,1,76,1,0,Low,149,45,0,0.076
T4203878,ENG,Fastening,Fastening renewal,1,16,15.3,1,28,1,0,High,143,64,0,0.0811
T4203879,ENG,Fastening,Fastening renewal,4,13,13.1,1,63,0,0,Medium,64,50,0,0.0567
T4203880,SNT,Signal LED,LED failure,5,19,10.5,1,30,0,0,Low,160,21,0,0.0939
T4203881,TRD,Feeder,Feeder overdue PM,1,9,6.5,1,94,0,0,Medium,179,62,0,0.0454
T4203882,SNT,Point Machine,Point machine overdue,4,2,17.3,0,65,0,1,Low,128,103,0,0.0827
T4203883,SNT,Axle Counter,Axle counter drift,2,33,11.4,1,44,0,1,Low,135,77,0,0.122
T4203884,TRD,Insulator,Insulator crack,1,1,9.4,0,29,0,0,High,162,69,0,0.0222
T4203885,ENG,Rail,Rail crack,4,4,10.9,0,70,1,1,Medium,254,51,0,0.2562
T4203886,TRD,Sub-station,Sub-station overdue PM,2,1,7.6,0,94,1,0,Low,171,45,0,0.0629
T4203887,TRD,Insulator,Insulator crack,3,5,8.8,2,41,0,0,Medium,7,44,0,0.0325
T4203888,TRD,Insulator,Insulator crack,3,1,8.6,1,49,1,0,Low,73,60,0,0.0425
T4203889,ENG,Rail,Rail crack,3,2,10.3,1,41,1,1,Medium,264,32,0,0.2329
T4203890,ENG,Ballast,Ballast deficiency,1,13,15.9,0,99,0,0,High,118,59,0,0.067
T4203891,SNT,Signal LED,LED failure,2,3,14.4,0,12,1,0,Medium,172,42,0,0.0329
T4203892,SNT,Interlocking,Interlocking fault,4,0,21.3,2,92,1,1,Low,353,21,0,0.4924
T4203893,SNT,Interlocking,Interlocking fault,5,10,19.3,0,51,1,1,Low,237,41,1,0.3269
T4203894,TRD,Feeder,Feeder overdue PM,1,4,23.7,1,58,1,0,High,5,80,0,0.0349
T4203895,SNT,Point Machine,Point machine overdue,3,2,15.4,1,51,0,1,Low,310,58,0,0.0906
T4203896,ENG,Bridge,Bearing wear,5,6,15.3,2,66,1,0,High,193,20,1,0.353
T4203897,ENG,Ballast,Ballast deficiency,2,4,9.1,1,42,1,0,Low,213,42,0,0.0407
T4203898,ENG,Fastening,Fastening renewal,3,14,17.0,0,86,1,0,Low,207,73,0,0.1186
T4203899,ENG,Bridge,Bearing wear,5,8,8.1,0,87,0,0,Low,262,49,0,0.1151
T4203900,ENG,Fastening,Fastening renewal,5,4,3.2,1,35,1,0,Medium,173,65,0,0.1592
T4203901,TRD,Sub-station,Sub-station overdue PM,4,1,21.2,0,77,1,0,Low,47,47,0,0.0892
T4203902,SNT,Signal LED,LED failure,4,2,4.5,2,51,1,0,Low,209,59,0,0.168
T4203903,SNT,Axle Counter,Axle counter drift,4,6,14.6,1,61,0,1,High,56,56,0,0.1477
T4203904,ENG,Bridge,Bearing wear,2,12,6.7,1,98,0,0,Low,343,42,0,0.0832
T4203905,SNT,Axle Counter,Axle counter drift,5,10,18.8,0,43,0,1,Medium,147,66,0,0.2036
T4203906,TRD,Insulator,Insulator crack,1,5,19.6,0,83,1,0,Low,175,86,0,0.0596
T4203907,TRD,OHE,OHE wear,1,14,15.2,1,71,0,1,Medium,119,63,0,0.1075
T4203908,SNT,Axle Counter,Axle counter drift,4,3,19.5,2,55,1,1,Low,211,57,0,0.276
T4203909,TRD,Sub-station,Sub-station overdue PM,5,1,12.0,0,69,1,0,High,221,38,0,0.2436
T4203910,SNT,Signal LED,LED failure,5,13,25.4,0,66,0,0,Low,119,74,0,0.0827
T4203911,SNT,Point Machine,Point machine overdue,4,12,16.5,1,31,1,1,Medium,221,45,0,0.3076
T4203912,TRD,Insulator,Insulator crack,2,2,6.6,0,45,0,0,Low,186,66,0,0.0234
T4203913,ENG,Bridge,Bearing wear,2,2,12.4,0,34,0,0,Low,171,70,0,0.0242
T4203914,ENG,Rail,Rail crack,3,22,11.1,1,53,0,1,Low,112,75,0,0.1453
T4203915,ENG,Rail,Rail crack,2,12,10.5,0,94,1,1,Medium,388,75,1,0.3213
T4203916,SNT,Axle Counter,Axle counter drift,3,3,2.1,0,75,1,1,Low,286,74,0,0.1809
T4203917,SNT,Point Machine,Point machine overdue,1,2,14.3,0,24,0,1,Medium,246,30,0,0.0495
T4203918,SNT,Signal LED,LED failure,2,23,3.7,0,53,1,0,Low,281,38,0,0.1488
T4203919,ENG,Ballast,Ballast deficiency,5,11,0.0,2,66,0,0,Medium,207,28,1,0.184
T4203920,ENG,Fastening,Fastening renewal,4,1,9.9,1,79,0,0,Low,149,26,0,0.068
T4203921,TRD,OHE,OHE wear,1,1,7.5,1,44,1,1,Medium,5,86,0,0.0475
T4203922,ENG,Rail,Rail crack,2,5,6.8,3,29,1,1,High,70,35,0,0.1525
T4203923,TRD,OHE,OHE wear,2,11,0.0,0,59,1,1,Low,375,32,0,0.1664
T4203924,ENG,Fastening,Fastening renewal,2,7,6.9,1,74,1,0,Low,284,54,0,0.113
T4203925,SNT,Axle Counter,Axle counter drift,4,4,11.0,0,66,0,1,Medium,198,40,1,0.1242
T4203926,SNT,Interlocking,Interlocking fault,5,14,8.2,0,38,0,1,Low,38,100,0,0.1302
T4203927,TRD,Sub-station,Sub-station overdue PM,4,7,14.3,0,104,0,0,Low,237,50,0,0.1001
T4203928,ENG,Fastening,Fastening renewal,3,11,20.4,0,58,1,0,Low,155,64,0,0.0966
T4203929,TRD,Feeder,Feeder overdue PM,1,0,15.1,0,65,1,0,Low,243,39,0,0.0402
T4203930,SNT,Signal LED,LED failure,1,11,18.2,0,43,0,0,High,80,22,0,0.0247
T4203931,SNT,Signal LED,LED failure,5,15,18.7,0,88,0,0,Low,136,40,0,0.1007
T4203932,SNT,Interlocking,Interlocking fault,4,20,5.9,0,74,0,1,Low,260,41,0,0.2317
T4203933,ENG,Fastening,Fastening renewal,3,4,14.6,0,68,1,0,Low,354,41,0,0.116
T4203934,SNT,Interlocking,Interlocking fault,3,13,18.0,1,31,0,1,Low,121,23,0,0.0751
T4203935,ENG,Ballast,Ballast deficiency,5,1,9.4,2,87,1,0,Medium,90,58,1,0.2261
T4203936,ENG,Ballast,Ballast deficiency,5,13,7.3,0,79,0,0,Medium,272,48,0,0.2836
T4203937,SNT,Point Machine,Point machine overdue,1,1,15.2,0,85,1,1,High,67,24,1,0.1113
T4203938,SNT,Point Machine,Point machine overdue,2,18,3.1,0,61,0,1,Low,73,57,0,0.0875
T4203939,ENG,Fastening,Fastening renewal,1,13,5.5,0,58,0,0,Low,204,70,0,0.014
T4203940,ENG,Ballast,Ballast deficiency,2,1,8.0,0,55,0,0,Low,368,79,0,0.0333
T4203941,ENG,Ballast,Ballast deficiency,4,2,14.7,1,117,0,0,Medium,104,20,0,0.1293
T4203942,ENG,Ballast,Ballast deficiency,2,0,13.3,0,46,1,0,Medium,147,40,0,0.0488
T4203943,SNT,Interlocking,Interlocking fault,1,10,18.2,0,30,1,1,Medium,190,28,0,0.09
T4203944,ENG,Bridge,Bearing wear,3,18,6.5,0,51,0,0,High,137,42,0,0.0709
T4203945,TRD,Feeder,Feeder overdue PM,3,9,6.1,0,47,0,0,Low,21,83,0,0.0303
T4203946,ENG,Ballast,Ballast deficiency,4,3,15.1,2,91,0,0,High,252,40,1,0.2659
T4203947,ENG,Fastening,Fastening renewal,1,5,7.2,0,26,1,0,High,197,45,0,0.0565
T4203948,TRD,OHE,OHE wear,2,24,8.4,0,46,0,1,Low,213,38,0,0.0867
T4203949,ENG,Fastening,Fastening renewal,4,16,0.9,0,65,0,0,Low,167,88,0,0.063
T4203950,ENG,Bridge,Bearing wear,4,13,13.7,1,92,0,0,Medium,316,20,0,0.1768
T4203951,TRD,OHE,OHE wear,5,13,21.2,0,78,1,1,Low,135,44,0,0.3114
T4203952,TRD,Feeder,Feeder overdue PM,5,55,5.8,0,100,0,0,Low,83,38,1,0.2806
T4203953,SNT,Point Machine,Point machine overdue,5,3,18.1,0,69,1,1,Low,330,21,0,0.3517
T4203954,ENG,Ballast,Ballast deficiency,3,14,11.6,0,55,1,0,Medium,5,77,1,0.0603
T4203955,SNT,Signal LED,LED failure,5,1,1.4,0,81,0,0,High,166,20,0,0.1259
T4203956,TRD,Insulator,Insulator crack,3,4,6.6,0,26,0,0,Medium,173,46,0,0.0354
T4203957,TRD,OHE,OHE wear,5,5,6.3,1,17,0,1,High,170,53,0,0.1634
T4203958,ENG,Rail,Rail crack,2,2,10.1,0,84,1,1,Low,40,40,0,0.0939
T4203959,ENG,Bridge,Bearing wear,3,7,14.5,0,65,0,0,Medium,73,20,0,0.0356
T4203960,ENG,Fastening,Fastening renewal,4,9,23.1,1,84,0,0,Low,266,52,0,0.1123
T4203961,ENG,Bridge,Bearing wear,2,11,3.4,0,39,0,0,Medium,305,40,0,0.0493
T4203962,SNT,Interlocking,Interlocking fault,1,14,9.1,0,92,1,1,High,142,71,1,0.2064
T4203963,ENG,Bridge,Bearing wear,5,6,6.6,0,77,1,0,Medium,96,65,0,0.1435
T4203964,ENG,Ballast,Ballast deficiency,3,7,4.4,0,59,0,0,Medium,19,94,0,0.0343
T4203965,ENG,Fastening,Fastening renewal,5,2,12.6,0,65,1,0,Low,265,57,0,0.157
T4203966,SNT,Point Machine,Point machine overdue,2,22,12.0,0,69,0,1,Low,270,67,0,0.107
T4203967,ENG,Ballast,Ballast deficiency,5,4,1.1,2,39,0,0,Medium,5,48,0,0.0644
T4203968,ENG,Bridge,Bearing wear,4,1,12.1,0,50,0,0,Low,5,89,0,0.0314
T4203969,ENG,Bridge,Bearing wear,4,5,4.8,1,68,1,0,Low,192,55,1,0.1323
T4203970,TRD,Feeder,Feeder overdue PM,4,7,12.1,2,49,1,0,Medium,204,53,0,0.1367
T4203971,ENG,Ballast,Ballast deficiency,2,23,19.6,0,23,0,0,Low,137,66,0,0.035
T4203972,SNT,Axle Counter,Axle counter drift,5,2,14.8,0,67,0,1,Low,177,42,0,0.1535
T4203973,ENG,Rail,Rail crack,5,8,13.1,1,81,0,1,Low,158,45,0,0.1598
T4203974,ENG,Ballast,Ballast deficiency,4,5,8.8,1,87,0,0,Low,182,66,0,0.0686
T4203975,ENG,Ballast,Ballast deficiency,5,1,12.4,2,73,0,0,Low,99,70,0,0.1015
T4203976,ENG,Bridge,Bearing wear,5,5,15.4,0,80,0,0,Low,179,67,0,0.1198
T4203977,ENG,Fastening,Fastening renewal,4,0,14.8,1,85,0,0,Medium,119,53,1,0.0574
T4203978,SNT,Cable,Cable insulation fault,3,11,11.4,1,62,0,0,Low,112,60,0,0.06
T4203979,SNT,Axle Counter,Axle counter drift,5,1,13.3,1,7,0,1,Low,12,74,0,0.0507
T4203980,ENG,Bridge,Bearing wear,1,5,4.1,0,89,0,0,High,164,33,0,0.0492
T4203981,ENG,Rail,Rail crack,3,4,7.6,1,38,1,1,Low,252,55,0,0.16
T4203982,SNT,Axle Counter,Axle counter drift,5,26,16.2,1,32,0,1,Medium,151,20,0,0.2638
T4203983,ENG,Bridge,Bearing wear,5,5,17.1,1,32,1,0,Medium,148,70,0,0.1722
T4203984,ENG,Bridge,Bearing wear,2,3,12.6,0,122,0,0,Medium,293,39,0,0.0625
T4203985,ENG,Fastening,Fastening renewal,1,9,20.9,0,71,0,0,Low,272,40,0,0.0385
T4203986,ENG,Ballast,Ballast deficiency,2,1,15.0,1,34,0,0,High,336,53,0,0.057
T4203987,SNT,Cable,Cable insulation fault,5,4,10.6,0,43,0,0,Low,383,67,0,0.0448
T4203988,TRD,Insulator,Insulator crack,3,3,4.7,0,60,1,0,Medium,185,103,0,0.0696
T4203989,TRD,Feeder,Feeder overdue PM,1,50,20.6,0,74,0,0,Medium,76,24,0,0.0977
T4203990,TRD,OHE,OHE wear,1,2,16.6,0,67,0,1,Medium,133,38,0,0.0634
T4203991,ENG,Ballast,Ballast deficiency,2,24,22.8,1,37,0,0,Medium,232,60,0,0.0853
T4203992,ENG,Fastening,Fastening renewal,2,1,25.0,0,68,0,0,Low,310,40,1,0.0527
T4203993,ENG,Bridge,Bearing wear,1,4,4.3,0,45,1,0,Low,86,72,0,0.0196
T4203994,ENG,Fastening,Fastening renewal,3,2,4.3,0,86,1,0,Medium,203,52,0,0.1187
T4203995,ENG,Fastening,Fastening renewal,3,10,0.0,0,61,0,0,Low,109,73,0,0.0387
T4203996,ENG,Rail,Rail crack,1,14,17.5,1,41,0,1,High,167,50,0,0.07
T4203997,SNT,Cable,Cable insulation fault,2,2,15.9,1,77,0,0,Medium,165,66,0,0.059
T4203998,ENG,Ballast,Ballast deficiency,4,9,12.6,2,70,0,0,Low,214,36,0,0.1142
T4203999,ENG,Fastening,Fastening renewal,5,10,4.6,1,48,0,0,Low,363,94,0,0.1236
